FAHRPLAN_ANLAUFPUNKT_UID;FAHRPLAN_UID;FAHRPLAN_ID;LKW_KENNZEICHEN;ANLAUFPUNKT_SEQUENZNUMMER;ALP_IST_ERSTER_ALP;ALP_IST_LETZTER_ALP;ANLAUFPUNKT_UID;ANLAUFPUNKT_NAME;ANLAUFPUNKT_HALTESTELLE;ANLAUFPUNKT_SPUR;ANLAUFPUNKT_LAGERBEREICH;FP_ZEITPUNKT_ERSTELLUNG;ALP_ZEITPUNKT_BEREITMELDUNG;ALP_ZEITPUNKT_ERFUELLUNG;FP_ZEITPUNKT_GATEOUT;FP_DAUER_GATEIN_ERSTER_ALP_SEK;ALP_DAUER_ABFERTIGUNG_SEK;ALP_DAUER_NAECHSTER_ALP_SEK;FP_DAUER_LETZT_ALP_GATEOUT_SEK;FP_DAUER_GATEIN_GATEOUT_SEK;LETZTE_AKTUALISIERUNG;FAHRPLAN_HALTESTELLEN_LISTE;ANLAUFPUNKT_AUFTRAG_LISTE;ANLAUFPUNKT_ANZAHL_CONTAINER;TruckVisitGkey;container_id
TP_14873742603_TPS_18103732603;TP_14873742603;577149;6056b615e375e20d0463aa239d1d90cfa894675fc3445f95e03f64cabaac5d78;2,03E+28;1;1;TPS_18103732603;T14.03.01;T14;3.0;RMG;2026-03-02 05:34:00;2026-03-02 05:43:00;2026-03-02 05:54:00;2026-03-02 06:00:00;510.0;650.0;;381.0;1541.0;02.03.2026 07:06;T14;2cb5ed72-15f1-11f1-bad4-5beaa67f3e09,2cc13dbc-15f1-11f1-bad5-7701b5968268;2;;
TP_14875052603_TPS_18128802603;TP_14875052603;309349;cbbbe15c4e89c706d8ddd2f9e5bebe170129c1c5a3c443bb46821bd39980c1f1;2,03E+28;0;1;TPS_18128802603;T24.04.01;T24;4.0;RMG;2026-03-02 06:22:00;2026-03-02 07:28:00;2026-03-02 07:32:00;2026-03-02 07:40:00;;264.0;;433.0;4624.0;02.03.2026 08:35;LL, T24;e0d95482-15f7-11f1-979e-776c1c0db9a3;1;;
TP_14875052603_20260302071903000000022863785;TP_14875052603;309349;cbbbe15c4e89c706d8ddd2f9e5bebe170129c1c5a3c443bb46821bd39980c1f1;2,03E+28;1;0;2,03E+28;LL;LL;;Leerlager;2026-03-02 06:22:00;2026-03-02 06:26:00;2026-03-02 07:19:00;2026-03-02 07:40:00;234.0;3130.0;563.0;;;02.03.2026 08:35;LL, T24;70a4fac9-15ff-11f1-92ae-738a4550e387;1;;
TP_14877722603_TPS_18126432603;TP_14877722603;280690;653273f2836e18d702f133ad6042177a9987a2600d0afa3337a5319105dde4af;2,03E+28;1;1;TPS_18126432603;T18.03.01;T18;3.0;RMG;2026-03-02 07:21:00;2026-03-02 07:27:00;2026-03-02 07:39:00;2026-03-02 07:44:00;317.0;710.0;;335.0;1362.0;02.03.2026 08:35;T18;1f1ccc76-1600-11f1-a46f-23c1a7f8b142,1f29ed5c-1600-11f1-a470-27c143736181;2;;
TP_14878612603_TPS_18135232603;TP_14878612603;320885;71f9c1995abebfc4fd82647bfd6f9880ff961020acf8365aaf2ba10f0688974d;2,03E+28;1;1;TPS_18135232603;T09.03.01;T09;3.0;RMG;2026-03-02 09:33:00;2026-03-02 09:39:00;2026-03-02 09:43:00;2026-03-02 09:47:00;310.0;286.0;;187.0;783.0;02.03.2026 10:35;T09;9002b6f0-1612-11f1-be54-23404a4af49a;1;;
TP_14878982603_TPS_18132332603;TP_14878982603;420111;a7a430f910a88ff9ede607540edb518408048c3d8db9f16c170868785df67c75;2,03E+28;1;1;TPS_18132332603;T10.01.01;T10;1.0;RMG;2026-03-02 09:19:00;2026-03-02 09:23:00;2026-03-02 09:29:00;2026-03-02 09:33:00;237.0;340.0;;218.0;795.0;02.03.2026 10:35;T10;9ae6b3f2-1610-11f1-ba8d-6bc4f1509806;1;;
TP_14881052603_TPS_18134602603;TP_14881052603;859292;8de5e82bcd5535fbe6e56ab005a7fae5d169875c4999b8b691fae650d73f1a25;2,03E+28;0;1;TPS_18134602603;HO2.28;HO2;28.0;VC;2026-03-02 11:35:00;2026-03-02 11:51:00;2026-03-02 11:56:00;2026-03-02 12:06:00;;270.0;;601.0;1846.0;02.03.2026 13:06;HO2, T19;81c1757a-1623-11f1-b875-5f0af37075fb;1;1924452785;
TP_14881662603_TPS_18140412603;TP_14881662603;299212;0d1448fd49fafdd914b913582dc19a4f5f0eee608634a9601e449161ba3ff61f;2,03E+28;1;1;TPS_18140412603;T09.03.01;T09;3.0;RMG;2026-03-02 10:58:00;2026-03-02 11:02:00;2026-03-02 11:33:00;2026-03-02 11:37:00;238.0;1842.0;;237.0;2317.0;02.03.2026 12:35;T09;6f2b273a-161e-11f1-ad27-7f5db4e3b789;1;;
TP_14881972603_TPS_18140782603;TP_14881972603;444986;77efadcadd740e08a8dfbc342818cc83b4c12ac3385108e4d461490ea72d135d;2,03E+28;0;1;TPS_18140782603;T27.03.01;T27;3.0;RMG;2026-03-02 11:40:00;2026-03-02 12:15:00;2026-03-02 12:24:00;2026-03-02 12:31:00;;501.0;;427.0;3014.0;02.03.2026 13:35;HO2, T27;4debd956-1624-11f1-b9d7-4786734ad894;1;;
TP_14881972603_TPS_18140772603;TP_14881972603;444986;77efadcadd740e08a8dfbc342818cc83b4c12ac3385108e4d461490ea72d135d;2,03E+28;1;0;TPS_18140772603;HO2.25;HO2;25.0;VC;2026-03-02 11:40:00;2026-03-02 11:54:00;2026-03-02 11:58:00;2026-03-02 12:31:00;794.0;238.0;1054.0;;;02.03.2026 13:35;HO2, T27;4ddd95d0-1624-11f1-b9d6-572c3f21225d;1;;
TP_14883882603_TPS_18136712603;TP_14883882603;284372;42c99caae47de8dbf7c6eda914f0bb4fcad63231a6af565a8b752ea09ffe127d;2,03E+28;1;1;TPS_18136712603;T25.02.01;T25;2.0;RMG;2026-03-02 10:37:00;2026-03-02 10:46:00;2026-03-02 10:49:00;2026-03-02 11:49:00;519.0;199.0;;3594.0;4312.0;02.03.2026 12:35;T25;8049f51c-161b-11f1-ae6b-a31cc7cc61ec;1;;
TP_14884332603_TPS_18134382603;TP_14884332603;880286;586a38249c340c86f6b13acd10e5c4e8fc5257a01ad38374b7303dbb26dcfd65;2,03E+28;1;1;TPS_18134382603;T14.01.01;T14;1.0;RMG;2026-03-02 11:31:00;2026-03-02 11:36:00;2026-03-02 12:09:00;2026-03-02 12:16:00;255.0;1987.0;;408.0;2650.0;02.03.2026 13:06;T14;0b336544-1623-11f1-b7e3-af054c85a511,0b4018d4-1623-11f1-b7e4-5fa350b2e5f0;2;;
TP_14884392603_TPS_18134472603;TP_14884392603;971553;ac043b0adeda937f6050f5fc0fa77305882f068bee01fc4aa6255f00ed860a83;2,03E+28;1;1;TPS_18134472603;T20.02.01;T20;2.0;RMG;2026-03-02 11:32:00;2026-03-02 11:53:00;2026-03-02 12:06:00;2026-03-02 12:13:00;1237.0;790.0;;400.0;2427.0;02.03.2026 13:06;T20;2f1c0c7c-1623-11f1-b802-533717b642c9,2f291e08-1623-11f1-b803-477a94633621;2;;
TP_14885182603_TPS_18134852603;TP_14885182603;259811;41790ad31ba2700dbbbd80f1b075585a88a7bc4d59893ec117be3ce5b008da66;2,03E+28;1;1;TPS_18134852603;T13.03.01;T13;3.0;RMG;2026-03-02 12:21:00;2026-03-02 12:25:00;2026-03-02 12:33:00;2026-03-02 12:38:00;227.0;482.0;;301.0;1010.0;02.03.2026 13:35;T13;07c91c30-162a-11f1-b3f6-3f81ce50f54a;1;;
TP_14885812603_TPS_18147082603;TP_14885812603;464439;b97fe94c29612430a1f97e0aa0161631a49272fc8eedce39254f303889ba8429;2,03E+28;1;1;TPS_18147082603;T07.03.01;T07;3.0;RMG;2026-03-02 14:58:00;2026-03-02 15:11:00;2026-03-02 15:16:00;2026-03-02 15:22:00;773.0;260.0;;377.0;1410.0;02.03.2026 16:05;T07;f67a0c30-163f-11f1-9315-b7ba0f62876a;1;;
TP_14886542603_TPS_18134942603;TP_14886542603;669626;1d79ba426b897fe175d268d5ff272c1dbb3b34e958da78750159ed688f4df2ad;2,03E+28;0;1;TPS_18134942603;HO2.22;HO2;22.0;VC;2026-03-02 12:24:00;2026-03-02 13:36:00;2026-03-02 13:39:00;2026-03-02 13:47:00;;150.0;;493.0;4954.0;02.03.2026 14:35;HO2, T09, T20;689fc856-162a-11f1-b43f-3b083d0f1fa1;1;1924732549;
TP_14886632603_TPS_18141122603;TP_14886632603;901965;f3b3ba84db59baaa51f61643330c92ca2f5a44a6f03cec9c1567a8acd4aaa9d4;2,03E+28;1;1;TPS_18141122603;T12.01.01;T12;1.0;RMG;2026-03-02 12:28:00;2026-03-02 12:36:00;2026-03-02 12:45:00;2026-03-02 12:53:00;438.0;560.0;;493.0;1491.0;02.03.2026 13:35;T12;0244d32a-162b-11f1-87e8-436320da5332;1;;
TP_14886782603_TPS_18147852603;TP_14886782603;766424;2da5639a32e1fea197067188f0ade69c11d70f6150f71681b2b8e97afa5de239;2,03E+28;0;1;TPS_18147852603;HO2.27;HO2;27.0;VC;2026-03-02 12:55:00;2026-03-02 14:10:00;2026-03-02 14:13:00;2026-03-02 14:21:00;;199.0;;467.0;5159.0;02.03.2026 15:06;HO2, T17;2ecede64-1639-11f1-9d1b-0bb9c8bcad2b;1;1924877230;
TP_14887352603_TPS_18147862603;TP_14887352603;522807;4a089a03eaf5587091b9600590a282cf0afb549c4db41443c3214460e760cd6b;2,03E+28;0;0;TPS_18147862603;HO2.25;HO2;25.0;VC;2026-03-02 14:10:00;2026-03-02 14:38:00;2026-03-02 14:44:00;2026-03-02 15:26:00;;379.0;870.0;;;02.03.2026 16:05;HO2, T08, T22;ed78f310-163c-11f1-9d1f-d3ef79c6ecea;1;1925224464;
TP_14887462603_TPS_18094192603;TP_14887462603;311068;b44fbe550bcd44f44de02cf667d47552fd81fe1d9d4ca827637a002ab38384c6;2,03E+28;0;1;TPS_18094192603;HO2.27;HO2;27.0;VC;2026-03-02 14:15:00;2026-03-02 15:31:00;2026-03-02 15:36:00;2026-03-02 15:43:00;;241.0;;475.0;5332.0;02.03.2026 16:35;HO2, T11, T23;;0;1925230390;
TP_14887652603_TPS_18094202603;TP_14887652603;717187;2963b9932dff356573ac3c14d5f15fd69d96c9715eb61e6d710d099c48f3fcf0;2,03E+28;0;1;TPS_18094202603;HO2.34;HO2;34.0;VC;2026-03-02 14:22:00;2026-03-02 15:48:00;2026-03-02 15:54:00;2026-03-02 16:01:00;;388.0;;437.0;5960.0;02.03.2026 17:06;HO2, T18;d1f91ebc-1646-11f1-ac96-db3804ab1659;1;1925297240;
TP_14887892603_TPS_18141722603;TP_14887892603;364290;73d0fecbcc6eaac43ad052932956fb73f9054fed7600dc90d016d0a5022a229b;2,03E+28;1;1;TPS_18141722603;T19.03.01;T19;3.0;RMG;2026-03-02 12:35:00;2026-03-02 12:44:00;2026-03-02 12:46:00;2026-03-02 12:55:00;538.0;93.0;;521.0;1152.0;02.03.2026 13:35;T19;fca19cd6-162b-11f1-b5ef-03b3c8b3a15a;1;;
TP_14888152603_TPS_18137402603;TP_14888152603;684318;d4b452d3ee8ac26ba59297d829ce98112c427bf9de40b8c692a2d3e56cf184b2;2,03E+28;0;1;TPS_18137402603;T07.03.01;T07;3.0;RMG;2026-03-02 12:43:00;2026-03-02 12:57:00;2026-03-02 13:11:00;2026-03-02 13:49:00;;829.0;;2258.0;3924.0;02.03.2026 14:35;T07, T23;1aa0ccd8-162d-11f1-bc3b-932b9e98d518;1;;
TP_14888152603_TPS_18137392603;TP_14888152603;684318;d4b452d3ee8ac26ba59297d829ce98112c427bf9de40b8c692a2d3e56cf184b2;2,03E+28;1;0;TPS_18137392603;T23.02.01;T23;2.0;RMG;2026-03-02 12:43:00;2026-03-02 12:49:00;2026-03-02 12:52:00;2026-03-02 13:49:00;320.0;197.0;320.0;;;02.03.2026 14:35;T07, T23;1a930ecc-162d-11f1-bc3a-67eeda9768f2;1;;
TP_14888502603_TPS_18142492603;TP_14888502603;551721;17c1f9b422a74e1d0d264d1cd5dc22dcce775280fd2360f62ede25a7ef76a5ad;2,03E+28;1;1;TPS_18142492603;HO2.32;HO2;32.0;VC;2026-03-02 13:20:00;2026-03-02 13:28:00;2026-03-02 13:29:00;2026-03-02 13:46:00;477.0;55.0;;972.0;1504.0;02.03.2026 14:35;HO2;46284408-1632-11f1-bdc9-ff6137b570a1;1;;
TP_14888592603_TPS_18145452603;TP_14888592603;292645;ea1019524b97946724b658b069377331c7abab04850e6551642296183321e0ca;2,03E+28;1;1;TPS_18145452603;T14.04.01;T14;4.0;RMG;2026-03-02 13:32:00;2026-03-02 13:40:00;2026-03-02 13:43:00;2026-03-02 13:54:00;461.0;149.0;;673.0;1283.0;02.03.2026 14:35;T14;f2de4872-1633-11f1-a563-a3144bd761c1;1;;
TP_14889132603_TPS_18149402603;TP_14889132603;381813;e5f4180596c318d97724cd5a139858da6c0b7c314a272d2928d5196f29bb6e56;2,03E+28;0;1;TPS_18149402603;HO2.25;HO2;25.0;VC;2026-03-02 14:32:00;2026-03-02 15:24:00;2026-03-02 15:29:00;2026-03-02 15:47:00;;312.0;;1033.0;4445.0;02.03.2026 16:35;HO2, T15;53c0a024-163c-11f1-a44b-afed4ff94972;1;1925320861;
TP_14889242603_TPS_18146972603;TP_14889242603;368390;d846dfdb6272b50bc4eb23f928996f67a73d7ad20fe1c3d5137d39b20edc650b;2,03E+28;0;1;TPS_18146972603;HO2.22;HO2;22.0;VC;2026-03-02 14:36:00;2026-03-02 15:41:00;2026-03-02 15:47:00;2026-03-02 15:57:00;;376.0;;590.0;4811.0;02.03.2026 16:35;HO2, T08, T11;e3e8d5fe-163c-11f1-bfca-cb68830c341f;1;;
TP_14889242603_TPS_18146962603;TP_14889242603;368390;d846dfdb6272b50bc4eb23f928996f67a73d7ad20fe1c3d5137d39b20edc650b;2,03E+28;0;0;TPS_18146962603;T08.01.01;T08;1.0;RMG;2026-03-02 14:36:00;2026-03-02 15:12:00;2026-03-02 15:23:00;2026-03-02 15:57:00;;662.0;1032.0;;;02.03.2026 16:35;HO2, T08, T11;e3e88464-163c-11f1-bfc9-97276b61cd97;1;;
TP_14889242603_TPS_18146952603;TP_14889242603;368390;d846dfdb6272b50bc4eb23f928996f67a73d7ad20fe1c3d5137d39b20edc650b;2,03E+28;1;0;TPS_18146952603;T11.03.01;T11;3.0;RMG;2026-03-02 14:36:00;2026-03-02 14:48:00;2026-03-02 14:57:00;2026-03-02 15:57:00;669.0;584.0;898.0;;;02.03.2026 16:35;HO2, T08, T11;e3da9de0-163c-11f1-bfc8-2beefeca3f64;1;;
TP_14890212603_TPS_18151252603;TP_14890212603;642325;c13f7cd218de4f317d39605fce73a973b2a4a28025de1f5b8ac33a02b721c590;2,03E+28;0;1;TPS_18151252603;HO2.26;HO2;26.0;VC;2026-03-02 16:38:00;2026-03-02 17:44:00;2026-03-02 17:50:00;2026-03-02 18:06:00;;374.0;;956.0;5261.0;02.03.2026 19:08;HO2, T17;e628f694-164d-11f1-b7d0-1735303198f8;1;1925913090;
TP_14891002603_TPS_18151992603;TP_14891002603;651302;6dca112ad0defd266dcf5b0d308fc14009d1fecee4a42054fb1e05ed9be4d846;2,03E+28;1;1;TPS_18151992603;T19.02.01;T19;2.0;RMG;2026-03-02 16:27:00;2026-03-02 16:33:00;2026-03-02 16:44:00;2026-03-02 16:51:00;334.0;631.0;;462.0;1427.0;02.03.2026 17:35;T19;6578bc6a-164c-11f1-a78f-6f89cc19da06,6585bd3e-164c-11f1-a790-cb17bda953be;2;;
TP_14891202603_TPS_18145242603;TP_14891202603;577149;6056b615e375e20d0463aa239d1d90cfa894675fc3445f95e03f64cabaac5d78;2,03E+28;0;1;TPS_18145242603;HO2.23;HO2;23.0;VC;2026-03-02 16:48:00;2026-03-02 17:49:00;2026-03-02 18:03:00;2026-03-02 18:22:00;;848.0;;1142.0;5609.0;02.03.2026 19:08;HO2, T13;4adb2a8e-164f-11f1-bb2a-4fc8928e30d3;1;1925947439;
TP_14892842603_TPS_18144432603;TP_14892842603;659089;e2169c8b23f369f541772d47a88d3be27f56e63d5fba8a0f76750606e0457093;2,03E+28;1;1;TPS_18144432603;T08.03.01;T08;3.0;RMG;2026-03-02 14:38:00;2026-03-02 14:43:00;2026-03-02 15:10:00;2026-03-02 15:14:00;273.0;1647.0;;239.0;2159.0;02.03.2026 16:05;T08;2b3fa914-163d-11f1-ab25-d785c462186d;1;;
TP_14893032603_TPS_18149682603;TP_14893032603;700784;fa549c181a1061700ae161a9bf535a1ac16da5c1624badf45f0de20abb1e74a3;2,03E+28;1;1;TPS_18149682603;HO2.32;HO2;32.0;VC;2026-03-02 15:18:00;2026-03-02 15:42:00;2026-03-02 16:00:00;2026-03-02 16:09:00;1439.0;1024.0;;573.0;3036.0;02.03.2026 17:06;HO2;c22a717e-1642-11f1-a8cd-cb6629ced9e8;1;;
TP_14893102603_TPS_18149802603;TP_14893102603;326574;e982c6c2d145c6cd8556d4a9ce333a51ff3e72a66e73bed64f63ab7432c81442;2,03E+28;1;1;TPS_18149802603;T24.02.01;T24;2.0;RMG;2026-03-02 15:22:00;2026-03-02 15:29:00;2026-03-02 15:38:00;2026-03-02 15:46:00;387.0;534.0;;521.0;1442.0;02.03.2026 16:35;T24;4ac853de-1643-11f1-a9b4-978717af4d90,4ad7e86c-1643-11f1-a9b5-43b6e0ffd9b0;2;;
TP_14893252603_TPS_18094212603;TP_14893252603;854376;e4e49f2a0c93175579d208957fd607aa2dbf5d88248a855e3acb15c88739689d;2,03E+28;0;1;TPS_18094212603;HO2.21;HO2;21.0;VC;2026-03-02 15:42:00;2026-03-02 16:42:00;2026-03-02 16:52:00;2026-03-02 17:03:00;;588.0;;697.0;4860.0;02.03.2026 18:05;HO2, T07, T21;6627cac8-164e-11f1-acf1-6f9656778304;1;1925686046;
TP_14894012603_TPS_18145042603;TP_14894012603;303162;ed30f08ecd3384fa30aec459071483dc1a5456fd9d05248505b408a1a8d100af;2,03E+28;0;1;TPS_18145042603;HO2.32;HO2;32.0;VC;2026-03-02 16:44:00;2026-03-02 17:40:00;2026-03-02 17:46:00;2026-03-02 18:02:00;;391.0;;975.0;4686.0;02.03.2026 19:08;HO2, T24;bb7937a0-164e-11f1-bad5-177339914b77;1;1925934847;
TP_14894992603_TPS_18157332603;TP_14894992603;752820;10f2b8dce78077d38f2f7a1d4f0f29b9016350aa08359ffa7ac1b648798b900f;2,03E+28;1;1;TPS_18157332603;T07.03.01;T07;3.0;RMG;2026-03-02 19:01:00;2026-03-02 19:08:00;2026-03-02 19:16:00;2026-03-02 19:27:00;408.0;460.0;;670.0;1538.0;02.03.2026 20:05;T07;e9204c80-1661-11f1-a4cf-db481d590b72,e92e5f3c-1661-11f1-a4d0-d31426c37c8d;2;;
TP_14895322603_TPS_18158982603;TP_14895322603;234309;55663fb899fb62742dbff0d31c4f2b080c4a2eb46b55a7ea608dbe0a18839ca3;2,03E+28;1;1;TPS_18158982603;T09.03.01;T09;3.0;RMG;2026-03-02 21:47:00;2026-03-02 21:52:00;2026-03-02 21:58:00;2026-03-02 22:03:00;261.0;377.0;;267.0;905.0;02.03.2026 23:06;T09;197f588c-1679-11f1-a9b3-9bd59adc8454,198e20f6-1679-11f1-a9b4-d72edc1e39eb;2;;
TP_14895392603_TPS_18151342603;TP_14895392603;455729;79c871aa3ec2021a207513c8176187c3f593b843d0f855c15d6923b8a57f5de9;2,03E+28;1;1;TPS_18151342603;T19.03.01;T19;3.0;RMG;2026-03-02 16:39:00;2026-03-02 16:54:00;2026-03-02 17:15:00;2026-03-02 17:44:00;863.0;1256.0;;1767.0;3886.0;02.03.2026 18:35;T19;12862df6-164e-11f1-b850-a76c659ad006;1;;
TP_14895562603_TPS_18094242603;TP_14895562603;608252;5e80e10829e64923b3953f0f475bedb943adfb49b79b1806f966299e8caaa14f;2,03E+28;0;1;TPS_18094242603;HO2.32;HO2;32.0;VC;2026-03-02 17:09:00;2026-03-02 17:53:00;2026-03-02 17:59:00;2026-03-02 18:18:00;;361.0;;1108.0;4127.0;02.03.2026 19:08;HO2, T10;57dab4e4-1658-11f1-ad99-2b90b874bca9;1;1926004979;
TP_14895742603_TPS_18152682603;TP_14895742603;248008;28267f950ff1bdf79c25c8fafe03e4322b31138442a557345b3e9aa980e9dbe6;2,03E+28;0;1;TPS_18152682603;T07.03.01;T07;3.0;RMG;2026-03-02 17:23:00;2026-03-02 18:12:00;2026-03-02 18:15:00;2026-03-02 18:31:00;;178.0;;956.0;4045.0;02.03.2026 19:08;T07, T26;38a4c32a-1654-11f1-b3f0-5f71f4ea4330;1;;
TP_14895742603_TPS_18152672603;TP_14895742603;248008;28267f950ff1bdf79c25c8fafe03e4322b31138442a557345b3e9aa980e9dbe6;2,03E+28;1;0;TPS_18152672603;T26.04.01;T26;4.0;RMG;2026-03-02 17:23:00;2026-03-02 17:39:00;2026-03-02 18:04:00;2026-03-02 18:31:00;931.0;1513.0;467.0;;;02.03.2026 19:08;T07, T26;3895f12e-1654-11f1-b3ef-fbdb8b966721;1;;
TP_14895802603_TPS_18152802603;TP_14895802603;386937;58a23217381f5a77aba13abb9c8618b6f9c442f02f45da9c6ef4d1870c7473bb;2,03E+28;1;1;TPS_18152802603;T14.03.01;T14;3.0;RMG;2026-03-02 17:31:00;2026-03-02 17:39:00;2026-03-02 17:45:00;2026-03-02 17:48:00;464.0;375.0;;143.0;982.0;02.03.2026 18:35;T14;56656e18-1655-11f1-b54c-6755ec6b04c3;1;;
TP_14895932603_TPS_18127422603;TP_14895932603;653952;6962424e19fdf6f29d38362ea7ef1ad24efa59fdb9c0d8eaa580fc5784013d2a;2,03E+28;0;1;TPS_18127422603;HO2.28;HO2;28.0;VC;2026-03-02 17:41:00;2026-03-02 19:24:00;2026-03-02 19:46:00;2026-03-02 19:54:00;;1296.0;;480.0;7968.0;02.03.2026 20:35;HO2, T13;0cecaf98-1665-11f1-9052-bbd3ba801445;1;1926087998;
TP_14897042603_TPS_18127392603;TP_14897042603;789093;21c2cacbe0843395901d02dbf6cb78919c00e6f19a959e5b455149fa64cb43c6;2,03E+28;0;1;TPS_18127392603;HO2.30;HO2;30.0;VC;2026-03-02 18:24:00;2026-03-02 18:40:00;2026-03-02 19:24:00;2026-03-02 19:28:00;;2630.0;;272.0;3871.0;02.03.2026 20:05;HO2, T14;6e7be7d0-165e-11f1-9020-27e72168adae;1;1926198386;
TP_14897422603_TPS_18156572603;TP_14897422603;895271;add026b822d728b8d5d08df2bf26f586c3881129368c03687ebe1af608c61d97;2,03E+28;1;1;TPS_18156572603;T12.04.01;T12;4.0;RMG;2026-03-02 22:31:00;2026-03-02 22:35:00;2026-03-02 22:58:00;2026-03-02 23:05:00;188.0;1416.0;;411.0;2015.0;03.03.2026 00:05;T12;3efd804c-167f-11f1-b7e7-6326b34a63af,3f0abf1e-167f-11f1-b7e8-27c0067b84d4;2;;
TP_14897642603_TPS_18155002603;TP_14897642603;303068;cf1ab1c37d4ad14d8a07bc40b13ddd4c3b78608f5873821cddd52ec431e2f718;2,03E+28;0;1;TPS_18155002603;HO2.28;HO2;28.0;VC;2026-03-02 23:03:00;2026-03-03 00:18:00;2026-03-03 00:27:00;2026-03-03 00:33:00;;529.0;;401.0;5438.0;03.03.2026 01:35;HO2, T06, T18;9b8c574e-1683-11f1-b277-3b4478904927;1;1926911215;
TP_14898122603_TPS_18127442603;TP_14898122603;453868;3bb0d6d4becd95e305eb18681051a9ee712b3e888e2815f2ade0005f62912ca7;2,03E+28;0;1;TPS_18127442603;HO2.28;HO2;28.0;VC;2026-03-02 19:36:00;2026-03-02 20:29:00;2026-03-02 20:32:00;2026-03-02 20:43:00;;154.0;;635.0;3993.0;02.03.2026 21:09;HO2, T22;;0;1926574929;
TP_14899842603_TPS_18161362603;TP_14899842603;869231;22b71342bc3d226b611823b21b1e3b3198e1839148be48e0e344ee45000f5174;2,03E+28;1;1;TPS_18161362603;T10.03.01;T10;3.0;RMG;2026-03-03 04:08:00;2026-03-03 04:40:00;2026-03-03 04:47:00;2026-03-03 05:02:00;1915.0;382.0;;906.0;3203.0;03.03.2026 06:05;T10;52e7b396-16ae-11f1-b1b7-7f9a27bea88a;1;;
TP_14900222603_TPS_18161512603;TP_14900222603;281091;5315874d7a1f6d486f0644917ff4329f195a3027f61557394d6f86f6572b9043;2,03E+28;1;1;TPS_18161512603;T20.04.01;T20;4.0;RMG;2026-03-03 05:52:00;2026-03-03 05:58:00;2026-03-03 06:03:00;2026-03-03 06:11:00;329.0;303.0;;483.0;1115.0;03.03.2026 07:06;T20;da704e3c-16bc-11f1-bd7f-b73b63bc695c;1;;
TP_14900352603_TPS_18165772603;TP_14900352603;253190;4ec7a685185d4a1b578435480404403fe0c1abbba444275a48bc2d12e4a7b7ac;2,03E+28;1;1;TPS_18165772603;T17.03.01;T17;3.0;RMG;2026-03-03 06:33:00;2026-03-03 06:38:00;2026-03-03 07:01:00;2026-03-03 07:08:00;274.0;1403.0;;402.0;2079.0;03.03.2026 08:05;T17;948d18fe-16c2-11f1-956b-1bb27391cadb;1;;
TP_14900532603_TPS_18159752603;TP_14900532603;724562;9e369e6f3aee4f84efd139b954fac80d71c9b31bf4617107af348aaf4a74decd;2,03E+28;1;1;TPS_18159752603;T22.03.01;T22;3.0;RMG;2026-03-03 00:28:00;2026-03-03 00:36:00;2026-03-03 00:40:00;2026-03-03 01:08:00;465.0;282.0;;1661.0;2408.0;03.03.2026 02:05;T22;87382744-168f-11f1-92c6-cf20a7a22cfa;1;;
TP_14900772603_TPS_18162702603;TP_14900772603;269777;a2b1a1faa44c2f7c7141852473715de3afa90adf10cf918e1817b59892eb278e;2,03E+28;0;1;TPS_18162702603;T24.03.01;T24;3.0;RMG;2026-03-03 06:14:00;2026-03-03 06:35:00;2026-03-03 06:43:00;2026-03-03 06:49:00;;446.0;;375.0;2071.0;03.03.2026 07:35;T08, T24;ecfd90fc-16bf-11f1-9377-7b0f3165f132;1;;
TP_14900772603_TPS_18162692603;TP_14900772603;269777;a2b1a1faa44c2f7c7141852473715de3afa90adf10cf918e1817b59892eb278e;2,03E+28;1;0;TPS_18162692603;T08.03.01;T08;3.0;RMG;2026-03-03 06:14:00;2026-03-03 06:28:00;2026-03-03 06:30:00;2026-03-03 06:49:00;782.0;150.0;318.0;;;03.03.2026 07:35;T08, T24;ecef6ec8-16bf-11f1-9376-2fd3f9ddb6ab;1;;
TP_14901732603_TPS_18172662603;TP_14901732603;804162;f4f4670c0545d00965a6e458321abc61f80d2fb3a51d5594be242cb039ccda8c;2,03E+28;1;1;TPS_18172662603;T15.03.01;T15;3.0;RMG;2026-03-03 09:01:00;2026-03-03 09:26:00;2026-03-03 09:47:00;2026-03-03 09:53:00;1492.0;1255.0;;337.0;3084.0;03.03.2026 11:06;T15;414da644-16d7-11f1-ad01-3f42ca771fbb,415bd174-16d7-11f1-ad02-8b25e7ef699b;2;;
TP_14902612603_TPS_18162902603;TP_14902612603;971553;c4300236854fe24d8ea878af0f51bcabba5ee39f31405db11162caf454b39c2d;2,03E+28;1;1;TPS_18162902603;T10.03.01;T10;3.0;RMG;2026-03-03 06:24:00;2026-03-03 06:30:00;2026-03-03 06:43:00;2026-03-03 06:45:00;340.0;784.0;;130.0;1254.0;03.03.2026 07:35;T10;52ce0d7a-16c1-11f1-94f1-133fe552a285;1;;
TP_14903192603_TPS_18160572603;TP_14903192603;299212;0d1448fd49fafdd914b913582dc19a4f5f0eee608634a9601e449161ba3ff61f;2,03E+28;0;1;TPS_18160572603;HO2.26;HO2;26.0;VC;2026-03-03 04:40:00;2026-03-03 05:58:00;2026-03-03 06:08:00;2026-03-03 06:18:00;;634.0;;608.0;5870.0;03.03.2026 07:06;HO2, T11;ca23e2a0-16b2-11f1-bbbe-af6990572cdf;1;1927440955;
TP_14903442603_TPS_18164972603;TP_14903442603;722107;f308f2b038e8d58e99b53311ea3ef2270d41b231e34631a38ebea51d64215a58;2,03E+28;1;1;TPS_18164972603;T13.02.01;T13;2.0;RMG;2026-03-03 05:58:00;2026-03-03 06:05:00;2026-03-03 06:09:00;2026-03-03 06:15:00;375.0;246.0;;355.0;976.0;03.03.2026 07:06;T13;b17478a4-16bd-11f1-8811-d3f2a51103b8;1;;
TP_14904132603_TPS_18166992603;TP_14904132603;275051;94aabd0831cf1eb6a7b9e1bce5fde3b1ab8c00631d4ece10623e2224f9f84225;2,03E+28;1;1;TPS_18166992603;HO2.26;HO2;26.0;VC;2026-03-03 07:00:00;2026-03-03 07:24:00;2026-03-03 07:31:00;2026-03-03 07:42:00;1398.0;447.0;;623.0;2468.0;03.03.2026 08:35;HO2;5a67dde0-16c6-11f1-9794-c7632f3120c9;1;;
TP_14904742603_TPS_18163222603;TP_14904742603;911362;9b7ce5912d25ff0c2a8c2503a5fdc5834c7afd48c5f2f49c69e6b037f9772f49;2,03E+28;0;1;TPS_18163222603;HO2.25;HO2;25.0;VC;2026-03-03 07:26:00;2026-03-03 08:19:00;2026-03-03 08:38:00;2026-03-03 09:45:00;;1133.0;;4046.0;8372.0;03.03.2026 10:35;HO2, T27;083c97ae-16d0-11f1-8927-33c45279a253;1;1927781817;
TP_14905102603_TPS_18167972603;TP_14905102603;720938;752d0176c88f4d0329587a7be5b94bce6994ddaa6a20b0567ea6cd95d2f16160;2,03E+28;1;1;TPS_18167972603;T08.02.01;T08;2.0;RMG;2026-03-03 08:19:00;2026-03-03 08:24:00;2026-03-03 08:32:00;2026-03-03 08:43:00;286.0;468.0;;672.0;1426.0;03.03.2026 09:35;T08;632caf2c-16d1-11f1-a5f6-23aafd6a5be8;1;;
TP_14906342603_TPS_18168012603;TP_14906342603;325854;6fe86584d71422c84d19c18d9473925ca077c7ac4b4defd5a593aa180e4f5e62;2,03E+28;1;1;TPS_18168012603;T06.02.01;T06;2.0;RMG;2026-03-03 08:20:00;2026-03-03 08:33:00;2026-03-03 08:40:00;2026-03-03 08:48:00;752.0;444.0;;446.0;1642.0;03.03.2026 09:35;T06;86ff8230-16d1-11f1-a603-479bcf07f05f;1;;
TP_14906682603_TPS_18173802603;TP_14906682603;626062;75ebb2467b70b2329d74cb4600a64d4bb6a48aec74ff488c5f15cc1055447bda;2,03E+28;1;1;TPS_18173802603;T21.02.01;T21;2.0;RMG;2026-03-03 09:51:00;2026-03-03 09:59:00;2026-03-03 10:18:00;2026-03-03 10:26:00;447.0;1123.0;;524.0;2094.0;03.03.2026 11:35;T21;3d6a34d2-16de-11f1-b406-6bab4ef2d65e;1;;
TP_14907292603_20260303104847000000022902727;TP_14907292603;995643;e8f05a694b69884a537e844e6e8d61df34b3aaecf005f6cff9e47028db8fe10a;2,03E+28;1;1;2,03E+28;LL;LL;;Leerlager;2026-03-03 10:35:00;2026-03-03 10:41:00;2026-03-03 10:48:00;2026-03-03 10:53:00;306.0;462.0;;306.0;1074.0;03.03.2026 12:05;LL;49e0d838-16e5-11f1-92ae-738a4550e387;1;;
TP_14907432603_TPS_18178912603;TP_14907432603;450458;7c44a4e8a4df311a7867b5419dd6d787d3d7839d0c54ccb8fba6a78a7539c55c;2,03E+28;0;1;TPS_18178912603;HO2.26;HO2;26.0;VC;2026-03-03 11:37:00;2026-03-03 12:09:00;2026-03-03 12:14:00;2026-03-03 12:23:00;;303.0;;527.0;2721.0;03.03.2026 13:35;HO2, T06;0bcf362a-16ed-11f1-bd95-cf096a1649c7;1;1929000274;
TP_14907992603_TPS_18127482603;TP_14907992603;955087;01fda6d1ec55cf3452a9b6f010355926674ade4e217f5c439fb1a753a5a4d783;2,03E+28;0;1;TPS_18127482603;HO2.26;HO2;26.0;VC;2026-03-03 13:05:00;2026-03-03 15:26:00;2026-03-03 15:35:00;2026-03-03 15:42:00;;556.0;;398.0;9415.0;03.03.2026 16:35;HO2, T06, T09;f4f94038-170c-11f1-9bb4-536c6f7d6f52;1;1929348501;
TP_14908132603_TPS_18177242603;TP_14908132603;921677;a1c3ef3354a2f155a28927a6761735d4ec1c5c33367bc1001edaa36c69df3ed7;2,03E+28;1;1;TPS_18177242603;T12.02.01;T12;2.0;RMG;2026-03-03 13:46:00;2026-03-03 13:54:00;2026-03-03 13:57:00;2026-03-03 14:04:00;433.0;222.0;;369.0;1024.0;03.03.2026 15:06;T12;124322f2-16ff-11f1-94f4-376c62b28400;1;;
TP_14908602603_20260303095221000000022902628;TP_14908602603;847127;1f7ace4d157e520d9e933b844b3f7f152f0a989b30d0c51b4cd2b02fddc54496;2,03E+28;1;1;2,03E+28;LL;LL;;Leerlager;2026-03-03 09:33:00;2026-03-03 09:42:00;2026-03-03 09:52:00;2026-03-03 09:59:00;503.0;599.0;;415.0;1517.0;03.03.2026 11:06;LL;08f08541-16dd-11f1-92ae-738a4550e387;1;;
TP_14908712603_TPS_18173112603;TP_14908712603;708627;0a732037fff0ba1175cca1c296c2efb9b2a6c518757648cf3f6af2370d25ccf3;2,03E+28;1;1;TPS_18173112603;HO2.31;HO2;31.0;VC;2026-03-03 09:36:00;2026-03-03 09:46:00;2026-03-03 10:18:00;2026-03-03 10:23:00;593.0;1894.0;;284.0;2771.0;03.03.2026 11:35;HO2;261e46d0-16dc-11f1-b18e-8fc6d6856d9d;1;;
TP_14908852603_TPS_18173332603;TP_14908852603;660212;c39df6d382f7f77a9523f2e0aea0f0a590205dbdbaf94b5f30aa06125638ce47;2,03E+28;0;1;TPS_18173332603;HO2.24;HO2;24.0;VC;2026-03-03 09:40:00;2026-03-03 10:38:00;2026-03-03 10:42:00;2026-03-03 10:50:00;;252.0;;432.0;4159.0;03.03.2026 11:35;HO2, LL, T09;af7e65c2-16dc-11f1-b23d-4b6a36fc4fff;1;1928451367;
TP_14909122603_20260303100612000000022902660;TP_14909122603;904948;a835d6886e7426f49d434d07119947ada552585ed1f57a921d772b2a34097745;2,03E+28;1;1;2,03E+28;LL;LL;;Leerlager;2026-03-03 09:55:00;2026-03-03 10:01:00;2026-03-03 10:06:00;2026-03-03 10:07:00;340.0;273.0;;86.0;699.0;03.03.2026 11:06;LL;bb5a95f8-16df-11f1-92ae-738a4550e387;1;;
TP_14909242603_TPS_18171982603;TP_14909242603;654638;913e745437ac901c0eb6f3d4d9c600ccf4a3d24006b1e6fd3de3d6cabc479e82;2,03E+28;1;1;TPS_18171982603;T06.01.01;T06;1.0;RMG;2026-03-03 10:59:00;2026-03-03 11:04:00;2026-03-03 11:15:00;2026-03-03 11:19:00;263.0;691.0;;223.0;1177.0;03.03.2026 12:05;T06;be34f74c-16e7-11f1-a820-bfe2130b2a88;1;;
TP_14911612603_TPS_18179662603;TP_14911612603;789150;bf9185ebdc853ee28ae8fdc74313a3c1e29f801c4ad0adf9e97f300672080179;2,03E+28;1;1;TPS_18179662603;T15.02.01;T15;2.0;RMG;2026-03-03 12:14:00;2026-03-03 12:21:00;2026-03-03 12:25:00;2026-03-03 12:30:00;404.0;197.0;;341.0;942.0;03.03.2026 13:35;T15;388a486c-16f2-11f1-8ad8-4b2a945f34db;1;;
TP_14911772603_TPS_18174632603;TP_14911772603;446680;921fa19ed1f4e08606101ceced26b4dd943149fa3ffe57157d93da6252a5f383;2,03E+28;1;1;TPS_18174632603;T27.01.01;T27;1.0;RMG;2026-03-03 12:37:00;2026-03-03 12:57:00;2026-03-03 13:25:00;2026-03-03 13:32:00;1200.0;1629.0;;463.0;3292.0;03.03.2026 14:35;T27;6e160e82-16f5-11f1-9124-7f391dfc742f,6e264464-16f5-11f1-9125-4f47371a1105;2;;
TP_14911832603_TPS_18127462603;TP_14911832603;402692;a7a43a24ff9aabff1747cdd6d36f446ed80a716196f6d799e9826ced77fd74b3;2,03E+28;0;1;TPS_18127462603;HO2.29;HO2;29.0;VC;2026-03-03 12:38:00;2026-03-03 13:57:00;2026-03-03 14:03:00;2026-03-03 15:43:00;;357.0;;6018.0;11069.0;03.03.2026 16:35;HO2, T22;;0;;
TP_14911832603_TPS_18174722603;TP_14911832603;402692;a7a43a24ff9aabff1747cdd6d36f446ed80a716196f6d799e9826ced77fd74b3;2,03E+28;1;0;TPS_18174722603;T22.01.01;T22;1.0;RMG;2026-03-03 12:38:00;2026-03-03 12:55:00;2026-03-03 13:23:00;2026-03-03 15:43:00;995.0;1685.0;2014.0;;;03.03.2026 16:35;HO2, T22;919548e6-16f5-11f1-915e-1f12d6252724;1;;
TP_14912852603_TPS_18174582603;TP_14912852603;518518;00cee484ef0f04d514d841c87c74be0eaf3c68be7c8df1a5e128d8938abb0891;2,03E+28;1;1;TPS_18174582603;T13.04.01;T13;4.0;RMG;2026-03-03 12:36:00;2026-03-03 12:52:00;2026-03-03 13:06:00;2026-03-03 13:11:00;916.0;829.0;;344.0;2089.0;03.03.2026 14:05;T13;4aad14b8-16f5-11f1-90f6-db3d6f128e3d;1;;
TP_14913002603_TPS_18181462603;TP_14913002603;470623;6654b203f3974ca378019dff33fc13b70405528d49ad2ed6e657b76e8ffaceac;2,03E+28;1;1;TPS_18181462603;T09.02.01;T09;2.0;RMG;2026-03-03 12:45:00;2026-03-03 13:04:00;2026-03-03 13:11:00;2026-03-03 13:15:00;1113.0;422.0;;225.0;1760.0;03.03.2026 14:05;T09;8c4c63dc-16f6-11f1-9299-db1a1d08ef91;1;;
TP_14913412603_TPS_18179002603;TP_14913412603;202880;5d8981c9e31738d16f4c2e842456d53acb453fb5eb12dcb4582209f63f5e487c;2,03E+28;0;1;TPS_18179002603;T08.03.01;T08;3.0;RMG;2026-03-03 11:39:00;2026-03-03 12:18:00;2026-03-03 12:39:00;2026-03-03 12:51:00;;1311.0;;692.0;4289.0;03.03.2026 13:35;T08, T11;53b79662-16ed-11f1-bdd8-7f848a281e3f;1;;
TP_14913412603_TPS_18178992603;TP_14913412603;202880;5d8981c9e31738d16f4c2e842456d53acb453fb5eb12dcb4582209f63f5e487c;2,03E+28;1;0;TPS_18178992603;T11.01.01;T11;1.0;RMG;2026-03-03 11:39:00;2026-03-03 11:49:00;2026-03-03 11:53:00;2026-03-03 12:51:00;597.0;234.0;1455.0;;;03.03.2026 13:35;T08, T11;53a7b508-16ed-11f1-bdd7-cf23842ef21e;1;;
TP_14914002603_TPS_18181352603;TP_14914002603;447488;93c23e9ea9e7e6c8b15d65add23b993d71adc5cd636849af8d9d4008d5b3d8ed;2,03E+28;1;1;TPS_18181352603;T06.02.01;T06;2.0;RMG;2026-03-03 12:43:00;2026-03-03 12:54:00;2026-03-03 13:08:00;2026-03-03 13:13:00;618.0;880.0;;280.0;1778.0;03.03.2026 14:05;T06;44bcaa68-16f6-11f1-9253-7379df794e6d;1;;
TP_14914542603_TPS_18185612603;TP_14914542603;758801;fb279178a1bfd48283edfc2dc84fbdd8df2323d45585340b7bf00ed857b8238e;2,03E+28;1;1;TPS_18185612603;T26.02.01;T26;2.0;RMG;2026-03-03 16:09:00;2026-03-03 16:26:00;2026-03-03 16:31:00;2026-03-03 16:37:00;990.0;322.0;;355.0;1667.0;03.03.2026 17:35;T26;0c800240-1713-11f1-8c5c-53c7ee9504a3;1;;
TP_14914802603_TPS_18176332603;TP_14914802603;343636;7f2f50e821a23fc9cfefce83701ebb35e6c2b9af4240dda32c2e1cf6599b6011;2,03E+28;1;1;TPS_18176332603;T09.02.01;T09;2.0;RMG;2026-03-03 12:34:00;2026-03-03 12:42:00;2026-03-03 12:46:00;2026-03-03 12:51:00;436.0;259.0;;293.0;988.0;03.03.2026 13:35;T09;0334a7f4-16f5-11f1-83f5-e764ccc012c1;1;;
TP_14914932603_TPS_18181772603;TP_14914932603;494321;658bdda1917e511d7746dc8e98912cd2dc84f6de89e6af7ea2e1473c365e4e0b;2,03E+28;1;1;TPS_18181772603;T09.03.01;T09;3.0;RMG;2026-03-03 12:52:00;2026-03-03 13:22:00;2026-03-03 13:31:00;2026-03-03 13:35:00;1795.0;524.0;;206.0;2525.0;03.03.2026 14:35;T09;86d27ea4-16f7-11f1-9370-5760bc68aad2;1;;
TP_14914982603_TPS_18181822603;TP_14914982603;741103;00910d63751b599ab0b38f7149d46de9276a65de47fb83eb56c6351b1ee69837;2,03E+28;1;1;TPS_18181822603;T09.02.01;T09;2.0;RMG;2026-03-03 12:53:00;2026-03-03 13:27:00;2026-03-03 13:36:00;2026-03-03 14:03:00;1999.0;541.0;;1645.0;4185.0;03.03.2026 15:06;T09;aa9cacd8-16f7-11f1-9389-97b8087fe1a2;1;;
TP_14916082603_TPS_18184212603;TP_14916082603;252009;f414d4d58357c5d7f2f2d4fbca321843b5547d4d267d357e5595e73230106769;2,03E+28;1;1;TPS_18184212603;T21.03.01;T21;3.0;RMG;2026-03-03 14:10:00;2026-03-03 14:19:00;2026-03-03 14:35:00;2026-03-03 14:42:00;522.0;934.0;;444.0;1900.0;03.03.2026 15:35;T21;6c5c4482-1702-11f1-975f-fb57851a8def,6c6c8fcc-1702-11f1-9760-5737e78fdc71;2;;
TP_14916372603_TPS_18180262603;TP_14916372603;531568;3aa614f41f36ce0776b75a48110ffc9fed68e91126cf0f3d0b6b82691116567c;2,03E+28;0;1;TPS_18180262603;T10.03.01;T10;3.0;RMG;2026-03-03 14:38:00;2026-03-03 15:18:00;2026-03-03 15:28:00;2026-03-03 15:35:00;;587.0;;444.0;3420.0;03.03.2026 16:35;HO2, T10;5514523e-1706-11f1-b6f5-7b9661622bd3;1;;
TP_14916372603_TPS_18180252603;TP_14916372603;531568;3aa614f41f36ce0776b75a48110ffc9fed68e91126cf0f3d0b6b82691116567c;2,03E+28;1;0;TPS_18180252603;HO2.28;HO2;28.0;VC;2026-03-03 14:38:00;2026-03-03 14:45:00;2026-03-03 15:03:00;2026-03-03 15:35:00;411.0;1071.0;907.0;;;03.03.2026 16:35;HO2, T10;55143178-1706-11f1-b6f4-37d69b2bfcd9;1;;
TP_14916672603_TPS_18184912603;TP_14916672603;758652;801cf1985e9dbc08704cbf223d6f1b39509daa35d2e4cd239527b1f4fce003b5;2,03E+28;1;1;TPS_18184912603;T24.03.01;T24;3.0;RMG;2026-03-03 15:08:00;2026-03-03 15:17:00;2026-03-03 15:29:00;2026-03-03 15:33:00;507.0;751.0;;220.0;1478.0;03.03.2026 16:35;T24;86c22cc6-170a-11f1-9e1c-d7ae4897aab2;1;;
TP_14917782603_TPS_18163282603;TP_14917782603;880009;aeaf31aacdc86c86b086f285b31260e4b9f76a69781ee0a2f91383bb37641264;2,03E+28;0;1;TPS_18163282603;HO2.34;HO2;34.0;VC;2026-03-03 15:36:00;2026-03-03 16:23:00;2026-03-03 16:39:00;2026-03-03 16:50:00;;931.0;;673.0;4427.0;03.03.2026 17:35;HO2, T07;f158881e-1714-11f1-8d5f-1f9090f82d08;1;1929897183;
TP_14918182603_TPS_18185892603;TP_14918182603;620650;e561f84559b6b9963affbeba6ed45fc4c63a6b1c76c7c712d1b7fc0f54bb027c;2,03E+28;1;1;TPS_18185892603;T14.01.01;T14;1.0;RMG;2026-03-03 16:23:00;2026-03-03 16:30:00;2026-03-03 16:38:00;2026-03-03 16:43:00;362.0;522.0;;307.0;1191.0;03.03.2026 17:35;T14;0106da72-1715-11f1-8df2-e727d1c62424;1;;
TP_14918392603_TPS_18183342603;TP_14918392603;324206;71b4f7b276f15ea741534853d20311568142814e4afaf1baf20c853c0e9953b0;2,03E+28;1;1;TPS_18183342603;T10.03.01;T10;3.0;RMG;2026-03-03 17:25:00;2026-03-03 17:29:00;2026-03-03 17:43:00;2026-03-03 17:47:00;237.0;794.0;;245.0;1276.0;03.03.2026 18:35;T10;a9a92628-171d-11f1-ba47-df00cffb2afb;1;;
TP_14918622603_TPS_18180622603;TP_14918622603;337718;06fa664b117fec8f5167a16397f2678b6ad0d4cca3f6031d9eb67e664113c231;2,03E+28;1;1;TPS_18180622603;T07.01.01;T07;1.0;RMG;2026-03-03 14:44:00;2026-03-03 14:53:00;2026-03-03 15:21:00;2026-03-03 15:33:00;488.0;1688.0;;717.0;2893.0;03.03.2026 16:35;T07;2bfbfaae-1707-11f1-b7d8-8b6306c8ddbc;1;;
TP_14918732603_TPS_18163292603;TP_14918732603;387511;ea6b6fd3388c32e8c8947d2e9808110150082564a9b92a003117cf094f30fbeb;2,03E+28;0;1;TPS_18163292603;HO2.31;HO2;31.0;VC;2026-03-03 14:47:00;2026-03-03 16:30:00;2026-03-03 16:34:00;2026-03-03 16:39:00;;259.0;;300.0;6741.0;03.03.2026 17:35;HO2, T18;;0;1929771391;
TP_14918732603_TPS_18163272603;TP_14918732603;387511;ea6b6fd3388c32e8c8947d2e9808110150082564a9b92a003117cf094f30fbeb;2,03E+28;0;0;TPS_18163272603;HO2.31;HO2;31.0;VC;2026-03-03 14:47:00;2026-03-03 15:49:00;2026-03-03 16:07:00;2026-03-03 16:39:00;;1084.0;1389.0;;;03.03.2026 17:35;HO2, T18;d4c38c64-170d-11f1-8d02-a3c204c33513;1;1929771391;
TP_14918922603_TPS_18181022603;TP_14918922603;572465;4b063d9c078cee767dd7cda5d55d0f9a0b41b80b5a6f980ecff00942a53a8664;2,03E+28;1;1;TPS_18181022603;T12.03.01;T12;3.0;RMG;2026-03-03 14:53:00;2026-03-03 15:03:00;2026-03-03 15:38:00;2026-03-03 15:43:00;561.0;2132.0;;297.0;2990.0;03.03.2026 16:35;T12;6e0f0192-1708-11f1-b8c7-5b7ae18c00f5,6e1e864e-1708-11f1-b8c8-b728578e4983;2;;
TP_14919992603_TPS_18127492603;TP_14919992603;742634;8d60592519c381503e66190e696ca6f5291db80be51363b1c9e9dd26bda86dc0;2,03E+28;0;1;TPS_18127492603;HO2.27;HO2;27.0;VC;2026-03-03 16:16:00;2026-03-03 17:40:00;2026-03-03 17:50:00;2026-03-03 18:46:00;;589.0;;3370.0;9011.0;03.03.2026 19:08;HO2, T17;;0;1929998883;
TP_14920502603_TPS_18190232603;TP_14920502603;919684;a60fe7e5163818a926a86aa00b2c5516e472d038d00bcc4e3b4a33c7a93974ec;2,03E+28;0;1;TPS_18190232603;HO2.25;HO2;25.0;VC;2026-03-03 17:42:00;2026-03-03 18:04:00;2026-03-03 18:11:00;2026-03-03 18:19:00;;424.0;;447.0;2176.0;03.03.2026 19:08;HO2, T12;05a9091e-1720-11f1-9bc6-9b2aece0614f;1;1930356577;
TP_14921262603_TPS_18186032603;TP_14921262603;992805;182e52066bcff9878c1b86302642cc61abe7089da547ad60e1faf5daabe5a043;2,03E+28;1;1;TPS_18186032603;T11.02.01;T11;2.0;RMG;2026-03-03 16:32:00;2026-03-03 16:36:00;2026-03-03 16:46:00;2026-03-03 17:01:00;213.0;646.0;;899.0;1758.0;03.03.2026 18:05;T11;35404c32-1716-11f1-8fac-4f8c70ca014a;1;;
TP_14921472603_TPS_18189232603;TP_14921472603;598280;a01439702129bd0e6ec7c02e577fb6e07ffa5705e1b99c071579ccfc7db8e7e2;2,03E+28;0;1;TPS_18189232603;HO2.26;HO2;26.0;VC;2026-03-03 16:51:00;2026-03-03 18:23:00;2026-03-03 18:26:00;2026-03-03 18:33:00;;174.0;;455.0;6147.0;03.03.2026 19:08;HO2, T09;d931e506-1718-11f1-947d-831003447a7d;1;1930139937;
TP_14921592603_TPS_18189552603;TP_14921592603;953897;dc66965e565557bafabdceb4de9a32a71d8eea852d8c4d7a432a02ed92143b88;2,03E+28;1;1;TPS_18189552603;T24.01.01;T24;1.0;RMG;2026-03-03 17:01:00;2026-03-03 17:17:00;2026-03-03 17:22:00;2026-03-03 17:35:00;928.0;309.0;;795.0;2032.0;03.03.2026 18:35;T24;502116e0-171a-11f1-95db-272e8e68cccf;1;;
TP_14922282603_TPS_18186132603;TP_14922282603;801225;36b47c91d866d15ea7c90365483f35d73cb517f6802a3626bf41173683a37f75;2,03E+28;1;1;TPS_18186132603;T15.02.01;T15;2.0;RMG;2026-03-03 16:34:00;2026-03-03 16:49:00;2026-03-03 16:52:00;2026-03-03 16:59:00;859.0;182.0;;426.0;1467.0;03.03.2026 18:05;T15;8a5a271a-1716-11f1-9002-ab87d085eb2b;1;;
TP_14922902603_TPS_18191752603;TP_14922902603;424062;1bf6ca9fb73035e8bcd654accd97e402c95515bf3fd6726727ed40c21dc422b3;2,03E+28;0;1;TPS_18191752603;HO2.27;HO2;27.0;VC;2026-03-03 18:00:00;2026-03-03 18:32:00;2026-03-03 18:35:00;2026-03-03 18:43:00;;195.0;;483.0;2614.0;03.03.2026 19:08;HO2, T07;6c002c68-1722-11f1-bfa9-e720aa8f0933;1;1930383993;
TP_14923112603_TPS_18192102603;TP_14923112603;355948;e26f4cb388eeaf2a544f5dbd884a836444d8951f8bd87cd536e0f7c71ec42002;2,03E+28;0;1;TPS_18192102603;HO2.25;HO2;25.0;VC;2026-03-03 20:22:00;2026-03-03 20:48:00;2026-03-03 20:58:00;2026-03-03 21:22:00;;576.0;;1418.0;3588.0;03.03.2026 22:05;HO2, T10;49844e58-1736-11f1-8bb9-8b819fca1532;1;1930656402;
TP_14923652603_20260303194309000000022914108;TP_14923652603;459078;1296bec78af203fbf77d0542b3bd9e5cb6270c24f1752da9481306edfea37255;2,03E+28;1;0;2,03E+28;LL;LL;;Leerlager;2026-03-03 17:55:00;2026-03-03 19:14:00;2026-03-03 19:43:00;2026-03-03 20:09:00;4750.0;1738.0;577.0;;;03.03.2026 21:08;LL, T09;44bdd7b9-172f-11f1-92ae-738a4550e387,42e85468-172f-11f1-92ae-738a4550e387;2;1930372776;
TP_14924132603_TPS_18127512603;TP_14924132603;877028;f8ca54db5434b06eb42b4cf58026dcbc952f35f78fae3ae778dc4726be006581;2,03E+28;0;1;TPS_18127512603;HO2.28;HO2;28.0;VC;2026-03-03 19:12:00;2026-03-03 19:37:00;2026-03-03 19:40:00;2026-03-03 20:10:00;;194.0;;1824.0;3473.0;03.03.2026 21:08;HO2, T08;f2cebb8a-172f-11f1-9dfb-236b2da5fbc4;1;1930557912;
TP_14924642603_TPS_18199172603;TP_14924642603;659876;d2373879479377db00a89dc9f7548d4d425c8ee1fd4e88d4558fdf53a927a145;2,03E+28;0;1;TPS_18199172603;HO2.28;HO2;28.0;VC;2026-03-04 04:48:00;2026-03-04 05:10:00;2026-03-04 05:19:00;2026-03-04 05:26:00;;522.0;;436.0;2275.0;04.03.2026 06:05;HO2, T12;0e75a4c8-177d-11f1-bfcd-fb7c2fb372ad;1;1931262735;
TP_14924762603_TPS_18127522603;TP_14924762603;625413;077afd688ae361ed838169e19f8a4b090b2b13943032c857160aa7ab87f1c83c;2,03E+28;0;1;TPS_18127522603;HO2.25;HO2;25.0;VC;2026-03-04 05:09:00;2026-03-04 05:39:00;2026-03-04 05:48:00;2026-03-04 06:01:00;;522.0;;805.0;3146.0;04.03.2026 07:06;HO2, T13;1774dcae-1784-11f1-a416-375f7a4eb2ef;1;1931278198;
TP_14926102603_TPS_18127502603;TP_14926102603;D492609;;2,03E+28;1;1;TPS_18127502603;HO2.27;HO2;27.0;VC;2026-03-03 19:00:00;2026-03-03 19:00:00;2026-03-03 19:04:00;2026-03-03 19:04:00;0.0;274.0;;0.0;274.0;03.03.2026 20:05;HO2;d7046026-172a-11f1-9cf3-5f52666e6a6a;1;;
TP_14929332603_TPS_18200652603;TP_14929332603;451904;f9e67c7b82cfe78668a4173ed3015f0b7c3318efd65fffe03027aedd35908e50;2,03E+28;1;1;TPS_18200652603;HO2.28;HO2;28.0;VC;2026-03-04 06:56:00;2026-03-04 07:14:00;2026-03-04 07:25:00;2026-03-04 07:35:00;1104.0;656.0;;563.0;2323.0;04.03.2026 08:35;HO2;e5a685d2-178e-11f1-b8dd-0337f8f9935c;1;;
TP_14929352603_TPS_18200682603;TP_14929352603;262592;36862bd21cf0d35577bb2c0b8da3870859ebdf0ae250fd4e9b8a016d0d5feddc;2,03E+28;1;1;TPS_18200682603;T08.02.01;T08;2.0;RMG;2026-03-04 06:57:00;2026-03-04 07:07:00;2026-03-04 07:14:00;2026-03-04 07:37:00;580.0;416.0;;1365.0;2361.0;04.03.2026 08:35;T08;19212340-178f-11f1-b8fc-6b2da6c61853;1;;
TP_14929812603_TPS_18201002603;TP_14929812603;434207;48d9f373ff9b28f75919741f1f00293838b6b7befec81ea0df141ac73fcd5d59;2,03E+28;0;1;TPS_18201002603;T12.01.01;T12;1.0;RMG;2026-03-04 08:30:00;2026-03-04 09:09:00;2026-03-04 09:14:00;2026-03-04 09:19:00;;291.0;;323.0;2905.0;04.03.2026 10:05;HO2, T12;18f0e9ac-179c-11f1-a142-13cca20ed276;1;;
TP_14929812603_TPS_18200992603;TP_14929812603;434207;48d9f373ff9b28f75919741f1f00293838b6b7befec81ea0df141ac73fcd5d59;2,03E+28;1;0;TPS_18200992603;HO2.23;HO2;23.0;VC;2026-03-04 08:30:00;2026-03-04 08:38:00;2026-03-04 09:05:00;2026-03-04 09:19:00;442.0;1659.0;190.0;;;04.03.2026 10:05;HO2, T12;;0;;
TP_14930062603_20260304042836000000022930409;TP_14930062603;567869;b5d50d11b31312faa187cbe32fae5a172f9a0fdd1aebe4209d8a00073c869acd;2,03E+28;1;1;2,03E+28;LL;LL;;Leerlager;2026-03-04 03:26:00;2026-03-04 03:34:00;2026-03-04 04:28:00;2026-03-04 04:39:00;503.0;3231.0;;643.0;4377.0;04.03.2026 05:35;LL;096dfa12-1779-11f1-92ae-738a4550e387,d7d9e90a-1779-11f1-92ae-738a4550e387;2;1931166785;
TP_14932212603_TPS_18206752603;TP_14932212603;358230;c08fe7df323e1c24ca38ca20359c39d526923fb91e565a75fd7b0dc79a6aec5c;2,03E+28;1;1;TPS_18206752603;T09.01.01;T09;1.0;RMG;2026-03-04 10:02:00;2026-03-04 10:31:00;2026-03-04 10:35:00;2026-03-04 10:47:00;1731.0;234.0;;717.0;2682.0;04.03.2026 11:35;T09;f14ac3de-17a8-11f1-b905-1b75f3c9ad51;1;;
TP_14932892603_TPS_18199712603;TP_14932892603;392581;768cc44dfa6b689076d239f5491572a8e2a5da6d58403f225795fa69f5cd1184;2,03E+28;0;1;TPS_18199712603;HO2.27;HO2;27.0;VC;2026-03-04 07:36:00;2026-03-04 08:06:00;2026-03-04 08:12:00;2026-03-04 08:31:00;;388.0;;1137.0;3310.0;04.03.2026 09:35;HO2, T09, T15;74da1c50-1794-11f1-a9a4-aff0c998b60e;1;1931506977;
TP_14933122603_TPS_18198542603;TP_14933122603;228774;dd639b9325061a2a23c0b8d64d0d800c73c8e8440a40d8b5991afb4fe3b283bf;2,03E+28;1;1;TPS_18198542603;T19.01.01;T19;1.0;RMG;2026-03-04 08:38:00;2026-03-04 08:45:00;2026-03-04 08:49:00;2026-03-04 09:17:00;366.0;250.0;;1718.0;2334.0;04.03.2026 10:05;T19;353647fa-179d-11f1-bfd3-ff40c99c2b3e;1;;
TP_14933312603_TPS_18202382603;TP_14933312603;985371;bf427ddffa1d08b06d009634756747eebc462695aae663692181c8b4c0b9bc8d;2,03E+28;1;1;TPS_18202382603;HO2.21;HO2;21.0;VC;2026-03-04 08:54:00;2026-03-04 09:02:00;2026-03-04 09:30:00;2026-03-04 09:33:00;435.0;1709.0;;196.0;2340.0;04.03.2026 10:35;HO2;;0;;
TP_14934552603_TPS_18199942603;TP_14934552603;721551;7a0220ba49f96f3a65916cdf14baa65e927b66f7dad8a06f0dbff15fa20602c8;2,03E+28;1;1;TPS_18199942603;T24.02.01;T24;2.0;RMG;2026-03-04 07:42:00;2026-03-04 07:49:00;2026-03-04 07:55:00;2026-03-04 08:01:00;390.0;378.0;;317.0;1085.0;04.03.2026 09:06;T24;63786a06-1795-11f1-abb4-039fe74c232c;1;;
TP_14935072603_TPS_18127552603;TP_14935072603;628485;0431a741d9410baa625dff5bc37e92a8a0f27b5464b80c03fc02e9e09ee8c6a3;2,03E+28;1;1;TPS_18127552603;HO2.23;HO2;23.0;VC;2026-03-04 08:48:00;2026-03-04 09:09:00;2026-03-04 09:16:00;2026-03-04 09:40:00;1285.0;425.0;;1428.0;3138.0;04.03.2026 10:35;HO2;ba6ab0c2-179e-11f1-a4fe-27f05b77e259;1;1931737981;
TP_14935462603_TPS_18127582603;TP_14935462603;628485;0431a741d9410baa625dff5bc37e92a8a0f27b5464b80c03fc02e9e09ee8c6a3;2,03E+28;1;1;TPS_18127582603;HO2.23;HO2;23.0;VC;2026-03-04 10:36:00;2026-03-04 10:55:00;2026-03-04 11:25:00;2026-03-04 11:40:00;1115.0;1828.0;;909.0;3852.0;04.03.2026 12:35;HO2;ca0a8ae2-17ae-11f1-a599-c74c1677601a,f7b03e88-17ae-11f1-a59b-b7b45cc2e9af;2;1932393999;
TP_14935632603_TPS_18203832603;TP_14935632603;878574;7709012e3e1a3af2a5c17c725039bad3556d04e11bf7438493010e6dcb5edb7b;2,03E+28;0;1;TPS_18203832603;HO2.35;HO2;35.0;VC;2026-03-04 10:39:00;2026-03-04 11:22:00;2026-03-04 11:25:00;2026-03-04 11:33:00;;173.0;;488.0;3242.0;04.03.2026 12:35;HO2, T15;1aa74086-17ae-11f1-b4b0-23c9d2b4f0a3;1;1932403710;
TP_14936412603_TPS_18204172603;TP_14936412603;242385;d659a900a28e607821439cd44aa1ff0d68b48bf643a8dfa575fd9595d8ff409c;2,03E+28;1;1;TPS_18204172603;T14.02.01;T14;2.0;RMG;2026-03-04 09:23:00;2026-03-04 09:32:00;2026-03-04 09:34:00;2026-03-04 09:41:00;484.0;141.0;;402.0;1027.0;04.03.2026 10:35;T14;7f16639a-17a3-11f1-9474-b7e8bb48f922;1;;
TP_14937042603_TPS_18203482603;TP_14937042603;331958;8bab20bb7efc94cfc11559b49c372e39c3da1b4e2cf1855ecdf04b4af717f2b0;2,03E+28;1;1;TPS_18203482603;T10.02.01;T10;2.0;RMG;2026-03-04 10:33:00;2026-03-04 10:39:00;2026-03-04 10:55:00;2026-03-04 11:00:00;344.0;936.0;;284.0;1564.0;04.03.2026 12:05;T10;462a04ba-17ad-11f1-b3bc-f77a8cdf2800;1;;
TP_14937652603_TPS_18127572603;TP_14937652603;880286;586a38249c340c86f6b13acd10e5c4e8fc5257a01ad38374b7303dbb26dcfd65;2,03E+28;0;1;TPS_18127572603;HO2.31;HO2;31.0;VC;2026-03-04 09:09:00;2026-03-04 09:23:00;2026-03-04 09:34:00;2026-03-04 09:40:00;;684.0;;340.0;1899.0;04.03.2026 10:35;HO2, T15;fb1780e2-17a2-11f1-a525-ab0416e4c68b;1;1931789565;
TP_14938312603_TPS_18127662603;TP_14938312603;241477;06a2f9f97784ce70a7d9c27919f3518d04a6527ab888138c3406b008e4726523;2,03E+28;0;1;TPS_18127662603;T10.03.01;T10;3.0;RMG;2026-03-04 11:41:00;2026-03-04 12:26:00;2026-03-04 12:34:00;2026-03-04 12:56:00;;497.0;;1284.0;4470.0;04.03.2026 13:35;T10, T22, T24;1f3cfbae-17b8-11f1-a5ea-ebbef7169266;1;1932561771;
TP_14938312603_TPS_18127652603;TP_14938312603;241477;06a2f9f97784ce70a7d9c27919f3518d04a6527ab888138c3406b008e4726523;2,03E+28;0;0;TPS_18127652603;T24.03.01;T24;3.0;RMG;2026-03-04 11:41:00;2026-03-04 12:14:00;2026-03-04 12:22:00;2026-03-04 12:56:00;;466.0;277.0;;;04.03.2026 13:35;T10, T22, T24;0d456c24-17b8-11f1-a5e0-0b6a001af9f1;1;1932561771;
TP_14938482603_TPS_18127682603;TP_14938482603;256663;fadce1facfe8e1769f311ec942a6dca7f92e6b5f00269097aa30f3f4b43e5c37;2,03E+28;0;1;TPS_18127682603;HO2.22;HO2;22.0;VC;2026-03-04 11:47:00;2026-03-04 13:20:00;2026-03-04 13:43:00;2026-03-04 14:05:00;;1384.0;;1312.0;8272.0;04.03.2026 15:06;HO2, T15, T22;8eb9944c-17b8-11f1-a5ec-078709aed4a8;1;1932641514;
TP_14938482603_TPS_18127692603;TP_14938482603;256663;fadce1facfe8e1769f311ec942a6dca7f92e6b5f00269097aa30f3f4b43e5c37;2,03E+28;0;0;TPS_18127692603;T15.01.01;T15;1.0;RMG;2026-03-04 11:47:00;2026-03-04 12:24:00;2026-03-04 12:59:00;2026-03-04 14:05:00;;2103.0;1245.0;;;04.03.2026 15:06;HO2, T15, T22;9f5e8258-17b8-11f1-a5ee-db101465ba1d;1;1932641514;
TP_14938692603_TPS_18127702603;TP_14938692603;427548;93f3f1f050b9c6d05dff801c36af6a8d4ed5c6bbbfed6d8ca132b60f364b58a4;2,03E+28;1;1;TPS_18127702603;HO2.23;HO2;23.0;VC;2026-03-04 12:08:00;2026-03-04 12:42:00;2026-03-04 13:27:00;2026-03-04 13:39:00;2000.0;2742.0;;682.0;5424.0;04.03.2026 14:35;HO2;742ba194-17bb-11f1-a60e-532d7d028bae,846a9c2c-17bb-11f1-a60f-a70df438de82;2;1932783519;
TP_14938862603_TPS_18204782603;TP_14938862603;333800;e3f325ede8b48887ae17c98e4309242b2d0ab55a6d4bc84dc8b3ac1fa648714b;2,03E+28;1;1;TPS_18204782603;HO2.21;HO2;21.0;VC;2026-03-04 12:23:00;2026-03-04 12:42:00;2026-03-04 13:07:00;2026-03-04 13:19:00;1103.0;1511.0;;713.0;3327.0;04.03.2026 14:05;HO2;a3fa54a0-17bc-11f1-b752-3f5591d31fda;1;;
TP_14938942603_TPS_18127632603;TP_14938942603;830017;d266e930030f6637b4dd53ead80d37bb148d16a7ad6b4f6b99fc1811246279d5;2,03E+28;0;1;TPS_18127632603;HO2.34;HO2;34.0;VC;2026-03-04 11:41:00;2026-03-04 12:21:00;2026-03-04 12:54:00;2026-03-04 13:10:00;;1989.0;;923.0;5341.0;04.03.2026 14:05;HO2, T20;5b24ee70-17b7-11f1-a5d0-ef0699001afb,acee6b64-17b7-11f1-a5d5-b3e0b9308904;2;1932562284;
TP_14939272603_TPS_18127722603;TP_14939272603;628485;0431a741d9410baa625dff5bc37e92a8a0f27b5464b80c03fc02e9e09ee8c6a3;2,03E+28;1;1;TPS_18127722603;HO2.31;HO2;31.0;VC;2026-03-04 12:31:00;2026-03-04 12:51:00;2026-03-04 13:36:00;2026-03-04 13:49:00;1180.0;2739.0;;737.0;4656.0;04.03.2026 14:35;HO2;75c1f898-17be-11f1-a640-47bcd3ab69be,84f3f500-17be-11f1-a649-03464e27c849;2;1932841228;
TP_14939702603_TPS_18213162603;TP_14939702603;735343;73834381e4c6d9588ba9d7264eb692663767561876ec5df68112d9222253f112;2,03E+28;1;1;TPS_18213162603;HO2.34;HO2;34.0;VC;2026-03-04 13:01:00;2026-03-04 13:30:00;2026-03-04 13:51:00;2026-03-04 14:12:00;1713.0;1285.0;;1221.0;4219.0;04.03.2026 15:06;HO2;f314e4ce-17c1-11f1-bff6-c7a2a00cd4e1,f32921fa-17c1-11f1-bff7-8fee6c8f5564;2;;
TP_14940392603_TPS_18205272603;TP_14940392603;568780;5935592002d54dd936ac11e84886ac3809926ba33a72c2bdf5444f3e2b3040d5;2,03E+28;0;1;TPS_18205272603;T10.04.01;T10;4.0;RMG;2026-03-04 12:36:00;2026-03-04 13:09:00;2026-03-04 13:21:00;2026-03-04 13:43:00;;745.0;;1292.0;3975.0;04.03.2026 14:35;LL, T10;7554543c-17be-11f1-ba35-1fe20fc3b68a;1;;
TP_14940392603_20260304125323000000022941802;TP_14940392603;568780;5935592002d54dd936ac11e84886ac3809926ba33a72c2bdf5444f3e2b3040d5;2,03E+28;1;0;2,03E+28;LL;LL;;Leerlager;2026-03-04 12:36:00;2026-03-04 12:42:00;2026-03-04 12:53:00;2026-03-04 13:43:00;316.0;668.0;954.0;;;04.03.2026 14:35;LL, T10;1aa97a64-17c0-11f1-92ae-738a4550e387;1;;
TP_14940622603_TPS_18210112603;TP_14940622603;802385;a15cc4ff356ef7d9a5336d607f2aa4ba65df1eed88bb6af366c55c535f6c7dcb;2,03E+28;1;1;TPS_18210112603;T08.02.01;T08;2.0;RMG;2026-03-04 13:10:00;2026-03-04 13:16:00;2026-03-04 13:28:00;2026-03-04 13:31:00;359.0;680.0;;216.0;1255.0;04.03.2026 14:35;T08;350a4ee0-17c3-11f1-aaf6-b7a3c8310a3c;1;;
TP_14941522603_TPS_18211902603;TP_14941522603;646627;0e102b16ebc4ea42e88e5657806bef4ec979abc6067443b8ff6118386e8fc256;2,03E+28;1;1;TPS_18211902603;T21.01.01;T21;1.0;RMG;2026-03-04 12:42:00;2026-03-04 12:51:00;2026-03-04 13:09:00;2026-03-04 13:17:00;505.0;1082.0;;490.0;2077.0;04.03.2026 14:05;T21;4b896786-17bf-11f1-b266-5b4b79304c58;1;;
TP_14941812603_TPS_18214132603;TP_14941812603;388649;4d77a0a002f46d72771d3c52a7e06fe9855a615780352d5e351eaf1c029f6852;2,03E+28;1;1;TPS_18214132603;HO2.32;HO2;32.0;VC;2026-03-04 13:33:00;2026-03-04 13:54:00;2026-03-04 13:57:00;2026-03-04 14:05:00;1227.0;154.0;;507.0;1888.0;04.03.2026 15:06;HO2;6bad0200-17c6-11f1-be90-fb817598b2b1;1;;
TP_14942012603_TPS_18217522603;TP_14942012603;429685;37f1b30d3860bcd686a781f35c38e861262cb2c675f553a292f315eefce3ad8d;2,03E+28;1;1;TPS_18217522603;T08.01.01;T08;1.0;RMG;2026-03-04 14:54:00;2026-03-04 15:02:00;2026-03-04 15:09:00;2026-03-04 15:14:00;437.0;431.0;;303.0;1171.0;04.03.2026 16:05;T08;bc5c349a-17d1-11f1-a3b9-3becc2ad4529,bc6fb54c-17d1-11f1-a3ba-1feef9397b13;2;;
TP_14942722603_TPS_18214862603;TP_14942722603;344556;d6b01e1fd3a15e0a6d93f86a5751193fea5a5178134b95678873f59567f03b5f;2,03E+28;1;1;TPS_18214862603;T20.02.01;T20;2.0;RMG;2026-03-04 15:59:00;2026-03-04 16:04:00;2026-03-04 16:16:00;2026-03-04 16:23:00;263.0;720.0;;444.0;1427.0;04.03.2026 17:35;T20;d1678d72-17da-11f1-9380-47faa7635680;1;;
TP_14942772603_TPS_18210062603;TP_14942772603;586230;74a27804710a8a2a6c0602bb15f40fb2e6f96b2e307f7c77516867b0ab3b23cd;2,03E+28;0;1;TPS_18210062603;T07.01.01;T07;1.0;RMG;2026-03-04 12:39:00;2026-03-04 13:16:00;2026-03-04 13:23:00;2026-03-04 13:34:00;;435.0;;648.0;3259.0;04.03.2026 14:35;LL, T07;e0f7f770-17be-11f1-a3f2-63a0a9686953;1;;
TP_14942772603_20260304125821000000022941817;TP_14942772603;586230;74a27804710a8a2a6c0602bb15f40fb2e6f96b2e307f7c77516867b0ab3b23cd;2,03E+28;1;0;2,03E+28;LL;LL;;Leerlager;2026-03-04 12:39:00;2026-03-04 12:45:00;2026-03-04 12:58:00;2026-03-04 13:34:00;336.0;771.0;1069.0;;;04.03.2026 14:35;LL, T07;e29ee65a-17c0-11f1-92ae-738a4550e387;1;;
TP_14943472603_20260304150114000000022941979;TP_14943472603;533422;9c2326a7d053ccdd14f8fb43a83dbb857be3e52cc115b63fa602819af8769d7d;2,03E+28;0;1;2,03E+28;LL;LL;;Leerlager;2026-03-04 14:41:00;2026-03-04 14:57:00;2026-03-04 15:01:00;2026-03-04 15:07:00;;242.0;;385.0;1557.0;04.03.2026 16:05;LL, T07;0d0183d9-17d2-11f1-92ae-738a4550e387;1;1933137898;
TP_14946202603_20260304170912000000022947554;TP_14946202603;830017;d266e930030f6637b4dd53ead80d37bb148d16a7ad6b4f6b99fc1811246279d5;2,03E+28;0;1;2,03E+28;LL;LL;;Leerlager;2026-03-04 16:43:00;2026-03-04 17:01:00;2026-03-04 17:09:00;2026-03-04 17:15:00;;467.0;;372.0;1885.0;04.03.2026 18:05;LL, T18;81b5db00-17e3-11f1-92ae-738a4550e387;1;;
TP_14946202603_TPS_18220882603;TP_14946202603;830017;d266e930030f6637b4dd53ead80d37bb148d16a7ad6b4f6b99fc1811246279d5;2,03E+28;1;0;TPS_18220882603;T18.04.01;T18;4.0;RMG;2026-03-04 16:43:00;2026-03-04 16:48:00;2026-03-04 16:53:00;2026-03-04 17:15:00;301.0;274.0;471.0;;;04.03.2026 18:05;LL, T18;f6c8f636-17e0-11f1-bf4e-4b74cad3a04b;1;;
TP_14947992603_TPS_18218222603;TP_14947992603;457217;c8fef2298ad1c1220b79e84e363952ae7107c0d2bba206cca4ae903c14eaa336;2,03E+28;0;1;TPS_18218222603;HO2.23;HO2;23.0;VC;2026-03-04 17:01:00;2026-03-04 17:38:00;2026-03-04 17:46:00;2026-03-04 18:11:00;;468.0;;1533.0;4181.0;04.03.2026 19:08;HO2, T17;758d33e0-17e3-11f1-ba3f-83b5abd1073b;1;1933535101;
TP_14948042603_TPS_18222212603;TP_14948042603;427347;1fba6a61b3bd382d1d3c0ad3c022445999656402defe42a7abbcd63e8765c2d4;2,03E+28;0;1;TPS_18222212603;T07.01.01;T07;1.0;RMG;2026-03-04 17:06:00;2026-03-04 17:42:00;2026-03-04 17:48:00;2026-03-04 17:58:00;;378.0;;594.0;3094.0;04.03.2026 19:08;T06, T07;2cf14bd4-17e4-11f1-bb15-7b8e53dc1cfb;1;;
TP_14948042603_TPS_18222202603;TP_14948042603;427347;1fba6a61b3bd382d1d3c0ad3c022445999656402defe42a7abbcd63e8765c2d4;2,03E+28;1;0;TPS_18222202603;T06.03.01;T06;3.0;RMG;2026-03-04 17:06:00;2026-03-04 17:14:00;2026-03-04 17:18:00;2026-03-04 17:58:00;461.0;237.0;1424.0;;;04.03.2026 19:08;T06, T07;2cf0d4b0-17e4-11f1-bb14-fbe409949a2a;1;;
TP_14948312603_TPS_18222572603;TP_14948312603;610527;5f016b94b90643c0f1c69db9b0383b503e3d9a1fd67aeb684936956f72fad566;2,03E+28;1;1;TPS_18222572603;HO2.24;HO2;24.0;VC;2026-03-04 17:48:00;2026-03-04 17:56:00;2026-03-04 18:05:00;2026-03-04 18:10:00;449.0;538.0;;328.0;1315.0;04.03.2026 19:08;HO2;0b002152-17ea-11f1-ba31-affb4a0ac25b;1;;
TP_14948622603_TPS_18223382603;TP_14948622603;892686;f9fd63b504578b91d07fac84d95668b8e8a0940faff1b1ba0d6fded27d5e38d4;2,03E+28;0;1;TPS_18223382603;HO2.32;HO2;32.0;VC;2026-03-04 18:37:00;2026-03-04 19:10:00;2026-03-04 19:54:00;2026-03-04 20:04:00;;2615.0;;640.0;5245.0;04.03.2026 21:08;HO2, T17, T18;cc4cf5b4-17f0-11f1-b027-e38067a592e4;1;1933797354;
TP_14950742603_TPS_18223842603;TP_14950742603;995932;71ac35e48c31792c6150081fae9d63800cad06e0dc42311b01f1217c09aabc2f;2,03E+28;0;1;TPS_18223842603;HO2.28;HO2;28.0;VC;2026-03-04 21:13:00;2026-03-04 21:31:00;2026-03-04 21:35:00;2026-03-04 21:45:00;;244.0;;605.0;1929.0;04.03.2026 22:35;HO2, T26;9800f060-1806-11f1-bcad-0393bf089884;1;1933951374;
TP_14955392603_TPS_18234492603;TP_14955392603;419632;61cec6804ef7cb611bcab220f41e84749cff735a50bb1e5e2a1436bf31f2c1fd;2,03E+28;1;1;TPS_18234492603;HO2.26;HO2;26.0;VC;2026-03-05 09:34:00;2026-03-05 09:42:00;2026-03-05 10:01:00;2026-03-05 10:06:00;474.0;1104.0;;336.0;1914.0;05.03.2026 11:06;HO2;32d6e3f8-186e-11f1-b41e-2beca0570f59;1;;
TP_14955522603_TPS_18234872603;TP_14955522603;582932;3f29fe69ee5fd48efdb23854499bfbed8fd284034608f2fbe2f1bf326c98adb9;2,03E+28;1;1;TPS_18234872603;HO2.34;HO2;34.0;VC;2026-03-05 09:46:00;2026-03-05 09:52:00;2026-03-05 09:53:00;2026-03-05 09:59:00;349.0;63.0;;345.0;757.0;05.03.2026 11:06;HO2;e0293028-186f-11f1-b61c-af831262bf48;1;;
TP_14957232603_TPS_18210602603;TP_14957232603;749154;f9db887fa5cad3445d9ca7c745d1db97cd81900f97b2c4a869f6794cab5f13b8;2,03E+28;0;1;TPS_18210602603;HO2.28;HO2;28.0;VC;2026-03-05 07:01:00;2026-03-05 07:16:00;2026-03-05 07:19:00;2026-03-05 07:26:00;;205.0;;413.0;1493.0;05.03.2026 08:35;HO2, T14;cfa7d05c-185a-11f1-99ff-67ccf1ad8ea1;1;1934625197;
TP_14958202603_TPS_18230252603;TP_14958202603;557813;5b7d2b95b18476f765132dcb60de533ec82236590c31b6f0c15401d36b8b7fda;2,03E+28;1;1;TPS_18230252603;T15.03.01;T15;3.0;RMG;2026-03-05 07:13:00;2026-03-05 07:17:00;2026-03-05 07:25:00;2026-03-05 07:33:00;239.0;424.0;;492.0;1155.0;05.03.2026 08:35;T15;7ff1b28a-185a-11f1-be47-d3604693080b;1;;
TP_14958232603_TPS_18226952603;TP_14958232603;367976;8b4a61311787e84d58d59735d731ab98dbc0cdff3844127c424236ac69dc688f;2,03E+28;0;1;TPS_18226952603;T15.03.01;T15;3.0;RMG;2026-03-05 07:14:00;2026-03-05 07:33:00;2026-03-05 07:41:00;2026-03-05 07:46:00;;424.0;;344.0;1905.0;05.03.2026 08:35;LL, T15;a4050776-185a-11f1-a053-a796bc21dd94;1;;
TP_14958232603_20260305072457000000022964045;TP_14958232603;367976;8b4a61311787e84d58d59735d731ab98dbc0cdff3844127c424236ac69dc688f;2,03E+28;1;0;2,03E+28;LL;LL;;Leerlager;2026-03-05 07:14:00;2026-03-05 07:20:00;2026-03-05 07:24:00;2026-03-05 07:46:00;334.0;264.0;539.0;;;05.03.2026 08:35;LL, T15;7f6f318e-185b-11f1-92ae-738a4550e387;1;;
TP_14958382603_TPS_18232352603;TP_14958382603;556449;fe2ff5dd8d7145ac53480272dc591c3ad11f892d92f498acbe0260c5e843578c;2,03E+28;1;1;TPS_18232352603;T06.03.01;T06;3.0;RMG;2026-03-05 07:32:00;2026-03-05 07:36:00;2026-03-05 07:42:00;2026-03-05 07:46:00;195.0;387.0;;203.0;785.0;05.03.2026 08:35;T06;278343a4-185d-11f1-a35c-5f80972c2f26;1;;
TP_14958892603_TPS_18234782603;TP_14958892603;605873;57612e8dc2d06078dde64a36a0b28a0b2b30d0538403652eef3964f66abf683d;2,03E+28;1;1;TPS_18234782603;T11.02.01;T11;2.0;RMG;2026-03-05 09:42:00;2026-03-05 09:50:00;2026-03-05 10:00:00;2026-03-05 10:22:00;450.0;605.0;;1336.0;2391.0;05.03.2026 11:06;T11;50d9f330-186f-11f1-b515-8f854b7722cb,50ec677c-186f-11f1-b516-87a8ed5b7617;2;;
TP_14959122603_TPS_18235902603;TP_14959122603;658963;452eee70bc63ef9858624ceafa5b4735ff5bcd5c2401eb97bd49b45e6889cf18;2,03E+28;1;1;TPS_18235902603;T24.04.01;T24;4.0;RMG;2026-03-05 11:15:00;2026-03-05 11:21:00;2026-03-05 11:25:00;2026-03-05 11:31:00;348.0;200.0;;408.0;956.0;05.03.2026 12:35;T24;4f047cc6-187c-11f1-b307-1f2d8b9f3e35;1;;
TP_14959302603_TPS_18237602603;TP_14959302603;743103;5839228fb8383ff28a4d99c09cab95eba983b1f107381a938795a890602bc146;2,03E+28;1;1;TPS_18237602603;T10.02.01;T10;2.0;RMG;2026-03-05 11:38:00;2026-03-05 11:43:00;2026-03-05 11:55:00;2026-03-05 12:01:00;261.0;734.0;;338.0;1333.0;05.03.2026 13:06;T10;853f1de8-187f-11f1-bf5a-d3daf96772d6;1;;
TP_14959632603_TPS_18234452603;TP_14959632603;561921;62d0451896263df8ee952344705ce58db731e940d77a12a8e6713e2f066e4115;2,03E+28;0;1;TPS_18234452603;HO2.31;HO2;31.0;VC;2026-03-05 09:34:00;2026-03-05 09:57:00;2026-03-05 10:01:00;2026-03-05 10:07:00;;265.0;;332.0;2004.0;05.03.2026 11:06;HO2, T17, T26;110f64e8-186e-11f1-b408-33436ba6bc0a;1;1935072737;
TP_14959932603_TPS_18237472603;TP_14959932603;932948;2a6d1df3f5f2f9c509eaeb834afc1c671b13847e35320012c9bfa0e7e2fc2313;2,03E+28;1;1;TPS_18237472603;T14.01.01;T14;1.0;RMG;2026-03-05 10:38:00;2026-03-05 10:43:00;2026-03-05 10:46:00;2026-03-05 10:50:00;247.0;174.0;;271.0;692.0;05.03.2026 11:35;T14;23b35d8a-1877-11f1-b311-af9444bc4e77;1;;
TP_14960012603_20260305105802000000022969709;TP_14960012603;631197;0d07b6220327701824c734ac6e81d203ce5fca4946db42af8ac06dab24c638df;2,03E+28;1;1;2,03E+28;LL;LL;;Leerlager;2026-03-05 10:44:00;2026-03-05 10:54:00;2026-03-05 10:58:00;2026-03-05 11:01:00;544.0;239.0;;194.0;977.0;05.03.2026 12:05;LL;40f91172-1879-11f1-92ae-738a4550e387;1;;
TP_14960212603_TPS_18210652603;TP_14960212603;565088;1261bd98306b9cf4512e9d4b597b4631d0eae0d0c63200e058ca3a50c4302f23;2,03E+28;0;1;TPS_18210652603;HO2.27;HO2;27.0;VC;2026-03-05 11:18:00;2026-03-05 13:42:00;2026-03-05 13:44:00;2026-03-05 14:09:00;;91.0;;1519.0;10265.0;05.03.2026 15:06;HO2, T20;cc3a42c0-1890-11f1-9e1c-6f68f0a01eeb;1;1935378810;
TP_14960612603_TPS_18233602603;TP_14960612603;399051;22aa911891a3b08681ae297e8ec6c4247ff8eaf6e973fd2f7f9cc605420a0486;2,03E+28;1;1;TPS_18233602603;T21.04.01;T21;4.0;RMG;2026-03-05 12:34:00;2026-03-05 12:41:00;2026-03-05 12:50:00;2026-03-05 12:55:00;408.0;524.0;;305.0;1237.0;05.03.2026 13:35;T21;57ea3974-1887-11f1-be05-efa499d5ecc8,57fc1e78-1887-11f1-be06-bf172e9d838a;2;;
TP_14960702603_TPS_18127802603;TP_14960702603;926628;b0cd4a41eeb53cfdd8b88df89171cb686c50d20f15d24471ebe00db809e09358;2,03E+28;0;1;TPS_18127802603;HO2.23;HO2;23.0;VC;2026-03-05 09:14:00;2026-03-05 09:54:00;2026-03-05 10:04:00;2026-03-05 10:12:00;;585.0;;459.0;3490.0;05.03.2026 11:06;HO2, T23;c3e8c0a8-1870-11f1-b10d-cff0d080131d;1;1935020963;
TP_14960822603_TPS_18234282603;TP_14960822603;320885;71f9c1995abebfc4fd82647bfd6f9880ff961020acf8365aaf2ba10f0688974d;2,03E+28;1;1;TPS_18234282603;T09.02.01;T09;2.0;RMG;2026-03-05 09:28:00;2026-03-05 09:35:00;2026-03-05 09:42:00;2026-03-05 09:48:00;420.0;403.0;;339.0;1162.0;05.03.2026 10:35;T09;5c9cd3f6-186d-11f1-b352-8b7afafb058a,5cb06362-186d-11f1-b353-535eeaba6f8c;2;;
TP_14961862603_TPS_18236782603;TP_14961862603;810778;c4028d93d36cd6dacd3153ce90dda612fbc1b1cc1c842624d2cd1f7aca8bc9ac;2,03E+28;1;1;TPS_18236782603;T18.01.01;T18;1.0;RMG;2026-03-05 12:25:00;2026-03-05 12:31:00;2026-03-05 12:38:00;2026-03-05 13:04:00;360.0;371.0;;1573.0;2304.0;05.03.2026 14:05;T18;15dfe584-1886-11f1-9c0a-3fca0d302c7a;1;;
TP_14962332603_TPS_18236372603;TP_14962332603;909785;4940ee499266f67bd3a907daee11b53f7e9b40a8b46b51b5cf030c6ad2ad9dc2;2,03E+28;1;1;TPS_18236372603;T13.03.01;T13;3.0;RMG;2026-03-05 11:28:00;2026-03-05 11:34:00;2026-03-05 11:36:00;2026-03-05 11:48:00;347.0;92.0;;712.0;1151.0;05.03.2026 12:35;T13;1f872550-187e-11f1-bf5c-b3aca9aaa919;1;;
TP_14962462603_TPS_18238972603;TP_14962462603;647153;e416544129f1dd9002a28fdf967df60eaaba2ed7857f623325d293aff29948d1;2,03E+28;1;1;TPS_18238972603;T12.01.01;T12;1.0;RMG;2026-03-05 11:59:00;2026-03-05 12:07:00;2026-03-05 12:12:00;2026-03-05 12:16:00;473.0;287.0;;217.0;977.0;05.03.2026 13:06;T12;748736ea-1882-11f1-ba8f-d764f077b461;1;;
TP_14963142603_TPS_18241802603;TP_14963142603;214179;c37059c5b54fcb171cd59d830cbecdc8e607be83558598004e227c73ea44fe75;2,03E+28;1;1;TPS_18241802603;T06.03.01;T06;3.0;RMG;2026-03-05 13:46:00;2026-03-05 13:52:00;2026-03-05 13:55:00;2026-03-05 13:58:00;331.0;190.0;;156.0;677.0;05.03.2026 15:06;T06;6736b2f4-1891-11f1-84d5-579240642143;1;;
TP_14963392603_TPS_18237722603;TP_14963392603;600745;570d847c54460dcb9f9eb21ef2c00d1181a22a394032fdd3769923d177aab92b;2,03E+28;0;1;TPS_18237722603;HO2.25;HO2;25.0;VC;2026-03-05 12:10:00;2026-03-05 12:52:00;2026-03-05 12:56:00;2026-03-05 13:02:00;;206.0;;361.0;3077.0;05.03.2026 14:05;HO2, T08;f630b3e6-1883-11f1-bca1-a7f407632760;1;1935691535;
TP_14964012603_TPS_18241562603;TP_14964012603;740215;9688aa284ade67a00ca3623d01d4f1f2d9147951ce8b2caaab9d7cf405ff6f18;2,03E+28;1;1;TPS_18241562603;HO2.28;HO2;28.0;VC;2026-03-05 13:38:00;2026-03-05 13:45:00;2026-03-05 13:46:00;2026-03-05 14:08:00;376.0;90.0;;1323.0;1789.0;05.03.2026 15:06;HO2;49205960-1890-11f1-83c9-1f702bd247c1;1;;
TP_14964032603_20260305135145000000022975281;TP_14964032603;405232;3b0a7c673ecdc1909e6b96bb438370be2e28ae8e28b311109c1b1258165a6611;2,03E+28;1;1;2,03E+28;LL;LL;;Leerlager;2026-03-05 13:43:00;2026-03-05 13:48:00;2026-03-05 13:51:00;2026-03-05 13:56:00;256.0;210.0;;275.0;741.0;05.03.2026 15:06;LL;9a4fc6e8-1891-11f1-92ae-738a4550e387;1;;
TP_14964532603_TPS_18210642603;TP_14964532603;852751;4845aede5b5ea21ee69695a8b48c25b626bac83876aa8ea5e77beaa3fbe341da;2,03E+28;0;0;TPS_18210642603;HO2.26;HO2;26.0;VC;2026-03-05 12:48:00;2026-03-05 13:13:00;2026-03-05 13:31:00;2026-03-05 13:49:00;;1081.0;257.0;;;05.03.2026 14:35;HO2, T06, T26;cabb50d8-188b-11f1-9def-031fd45bcd93;1;1935800460;
TP_14965282603_TPS_18244502603;TP_14965282603;266050;deb176e6119800678e8a94e0a083d65f4560d6c9270d118d3155ed9ecaaa1305;2,03E+28;1;1;TPS_18244502603;HO2.34;HO2;34.0;VC;2026-03-05 15:45:00;2026-03-05 15:53:00;2026-03-05 16:05:00;2026-03-05 16:12:00;468.0;688.0;;453.0;1609.0;05.03.2026 17:06;HO2;06e81fa8-18a2-11f1-9905-9bf7e178eb5d;1;;
TP_14965982603_TPS_18241402603;TP_14965982603;414698;82d7cfd5223eb41485a8b955a2c51605b1b7f8bf10b84c6c14c57ffa745fe96c;2,03E+28;0;1;TPS_18241402603;T21.03.01;T21;3.0;RMG;2026-03-05 13:30:00;2026-03-05 14:05:00;2026-03-05 14:10:00;2026-03-05 14:45:00;;279.0;;2122.0;4486.0;05.03.2026 15:35;T15, T21, T26;2a8b718e-188f-11f1-82a5-4f9b359d07c9;1;;
TP_14965982603_TPS_18241392603;TP_14965982603;414698;82d7cfd5223eb41485a8b955a2c51605b1b7f8bf10b84c6c14c57ffa745fe96c;2,03E+28;0;0;TPS_18241392603;T26.02.01;T26;2.0;RMG;2026-03-05 13:30:00;2026-03-05 13:52:00;2026-03-05 13:57:00;2026-03-05 14:45:00;;315.0;477.0;;;05.03.2026 15:35;T15, T21, T26;2a8b0726-188f-11f1-82a4-8fdbcc1a9eca;1;;
TP_14965982603_TPS_18241382603;TP_14965982603;414698;82d7cfd5223eb41485a8b955a2c51605b1b7f8bf10b84c6c14c57ffa745fe96c;2,03E+28;1;0;TPS_18241382603;T15.03.01;T15;3.0;RMG;2026-03-05 13:30:00;2026-03-05 13:39:00;2026-03-05 13:45:00;2026-03-05 14:45:00;494.0;362.0;437.0;;;05.03.2026 15:35;T15, T21, T26;2a79b84a-188f-11f1-82a3-eb14899fe956;1;;
TP_14966042603_TPS_18239842603;TP_14966042603;430377;956a75364e2a912d2c1f86ed42f7180fad6f6f4bb9964d18928a0aec90422c8c;2,03E+28;1;1;TPS_18239842603;T09.03.01;T09;3.0;RMG;2026-03-05 13:56:00;2026-03-05 14:00:00;2026-03-05 14:11:00;2026-03-05 14:21:00;224.0;656.0;;602.0;1482.0;05.03.2026 15:06;T09;cc4d4cd8-1892-11f1-a5af-0fa7f34d563f,cc5fac5c-1892-11f1-a5b0-5ffc86fafa84;2;;
TP_14966682603_TPS_18245112603;TP_14966682603;984754;11b4598400b8562a1dcbfb1e528fe8f3051ae9fcff1305b2db9cb5c183a9c6d4;2,03E+28;1;1;TPS_18245112603;HO2.31;HO2;31.0;VC;2026-03-05 16:22:00;2026-03-05 16:31:00;2026-03-05 16:47:00;2026-03-05 16:53:00;501.0;964.0;;360.0;1825.0;05.03.2026 17:35;HO2;31d87190-18a7-11f1-9dba-87f5c978aaac;1;;
TP_14967262603_TPS_18242792603;TP_14967262603;540512;95585550074ebd4f16fa62895c26a486407edf627c6774e0c83a9c5d6979071b;2,03E+28;1;1;TPS_18242792603;HO2.27;HO2;27.0;VC;2026-03-05 14:48:00;2026-03-05 14:55:00;2026-03-05 15:06:00;2026-03-05 15:15:00;405.0;661.0;;523.0;1589.0;05.03.2026 16:05;HO2;107e478e-189a-11f1-b52d-1b7c97598223,10909f42-189a-11f1-b52e-cb680e2b8f70;2;;
TP_14971902603_TPS_18252812603;TP_14971902603;980834;0a51f257bff7c4b78d02e92cfb014824d39b980a5f90fdd38aac24c77a265698;2,03E+28;1;1;TPS_18252812603;T13.04.01;T13;4.0;RMG;2026-03-05 22:54:00;2026-03-05 23:05:00;2026-03-05 23:15:00;2026-03-06 00:09:00;618.0;637.0;;3189.0;4444.0;06.03.2026 01:06;T13;f4ee345e-18dd-11f1-968a-bbe3aa4edfb2,f5074d86-18dd-11f1-968b-9f69488414a1;2;;
TP_14972812603_TPS_18250862603;TP_14972812603;512958;1afc41fce09636a0bccc087d1d3949f563332182b2c493ea5430ab5b6d808cd6;2,03E+28;0;1;TPS_18250862603;T06.03.01;T06;3.0;RMG;2026-03-05 21:21:00;2026-03-05 21:32:00;2026-03-05 21:47:00;2026-03-05 21:57:00;;918.0;;614.0;2136.0;05.03.2026 22:35;T06, T22;f6b53dc6-18d0-11f1-a229-63ac6a5bb345;1;;
TP_14972812603_TPS_18250852603;TP_14972812603;512958;1afc41fce09636a0bccc087d1d3949f563332182b2c493ea5430ab5b6d808cd6;2,03E+28;1;0;TPS_18250852603;T22.04.01;T22;4.0;RMG;2026-03-05 21:21:00;2026-03-05 21:26:00;2026-03-05 21:29:00;2026-03-05 21:57:00;272.0;156.0;176.0;;;05.03.2026 22:35;T06, T22;f6a2e450-18d0-11f1-a228-5fecd5deed94;1;;
TP_14973192603_TPS_18251962603;TP_14973192603;598280;a01439702129bd0e6ec7c02e577fb6e07ffa5705e1b99c071579ccfc7db8e7e2;2,03E+28;0;1;TPS_18251962603;HO2.28;HO2;28.0;VC;2026-03-06 02:15:00;2026-03-06 02:43:00;2026-03-06 03:02:00;2026-03-06 03:10:00;;1173.0;;428.0;3255.0;06.03.2026 04:05;HO2, T06, T12;03c79698-18fa-11f1-9b62-abb4028b40cf;1;1937107429;
TP_14973262603_TPS_18250002603;TP_14973262603;895240;543b6e1d1d6897c6d72e1e0ad69f2b86c91b3427d3da42d20b3f0651ff87972e;2,03E+28;1;1;TPS_18250002603;T07.01.01;T07;1.0;RMG;2026-03-06 05:07:00;2026-03-06 05:13:00;2026-03-06 05:23:00;2026-03-06 05:32:00;349.0;607.0;;518.0;1474.0;06.03.2026 06:35;T07;1054659a-1912-11f1-a4a9-8f988a1df087;1;;
TP_14973452603_TPS_18243522603;TP_14973452603;522475;fc14dfd839798eb35907b30ebe928caed0029cf81c5baa7065265fa7d7923b3d;2,03E+28;1;1;TPS_18243522603;T12.04.01;T12;4.0;RMG;2026-03-05 17:42:00;2026-03-05 17:55:00;2026-03-05 19:23:00;2026-03-05 19:35:00;770.0;5287.0;;675.0;6732.0;05.03.2026 20:35;T12;5ee4996a-18b2-11f1-a494-1f3fbcdaef15,5ef4f2d8-18b2-11f1-a495-ab1fb1d2857a;2;;
TP_14973492603_TPS_18241282603;TP_14973492603;921819;6e0ad839b9bf6949ab64f46c93b9da64a92517ae65246b30b54d99db3a08d4d6;2,03E+28;1;1;TPS_18241282603;HO2.25;HO2;25.0;VC;2026-03-05 18:01:00;2026-03-05 18:09:00;2026-03-05 18:23:00;2026-03-05 18:41:00;470.0;832.0;;1081.0;2383.0;05.03.2026 19:08;HO2;065e81ea-18b5-11f1-b3ff-4756a07e5c1d;1;;
TP_14974182603_TPS_18250572603;TP_14974182603;481720;6f598ba6534b2cb134f2f487332077e2e2c50bdaae3b173fbd7ea003ed4b0440;2,03E+28;1;1;TPS_18250572603;T14.03.01;T14;3.0;RMG;2026-03-05 20:40:00;2026-03-05 20:51:00;2026-03-05 21:18:00;2026-03-05 21:56:00;634.0;1648.0;;2273.0;4555.0;05.03.2026 22:35;T14;2db972c0-18cb-11f1-9be1-1321b257e823,2dcad286-18cb-11f1-9be2-4b84dd3d1b39;2;;
TP_14974542603_TPS_18254142603;TP_14974542603;271286;3b57bbeed3f0048e64dec7f92ee0776b38b8e5b5f9cfd3ef283f5b94986f7191;2,03E+28;1;1;TPS_18254142603;T22.03.01;T22;3.0;RMG;2026-03-06 00:25:00;2026-03-06 00:32:00;2026-03-06 00:38:00;2026-03-06 00:42:00;385.0;376.0;;243.0;1004.0;06.03.2026 01:35;T22;abe8cc44-18ea-11f1-a163-a7642581307d,abfaf838-18ea-11f1-a164-5bd4cc90b69b;2;;
TP_14976502603_TPS_18249922603;TP_14976502603;905042;f6fa74f6601cd38be63601df932d605fda8830d5824e330fa9832dbfcf0508c1;2,03E+28;0;1;TPS_18249922603;HO2.26;HO2;26.0;VC;2026-03-06 04:52:00;2026-03-06 05:06:00;2026-03-06 05:11:00;2026-03-06 05:20:00;;263.0;;548.0;1685.0;06.03.2026 06:05;HO2, T18;debd43d2-190f-11f1-a373-0b2d11821700;1;1937223313;
TP_14977022603_TPS_18258332603;TP_14977022603;395620;6ad1cb7f664df669b22035a0cbb135efb69178ec310327385b6d65ae320127da;2,03E+28;1;1;TPS_18258332603;T17.02.01;T17;2.0;RMG;2026-03-06 05:59:00;2026-03-06 06:06:00;2026-03-06 06:12:00;2026-03-06 06:26:00;385.0;359.0;;841.0;1585.0;06.03.2026 07:35;T17;4ac2d0d4-1919-11f1-a7aa-a36c011f998a;1;;
TP_14977092603_TPS_18254772603;TP_14977092603;806308;9f3553637629aef07317b7a2a984a9f5e901ebb1b53fb9e7bc6b96d699577c95;2,03E+28;1;1;TPS_18254772603;T10.04.01;T10;4.0;RMG;2026-03-06 06:03:00;2026-03-06 06:07:00;2026-03-06 06:12:00;2026-03-06 06:26:00;239.0;300.0;;828.0;1367.0;06.03.2026 07:35;T10;e2e85c1c-1919-11f1-bc7e-0f47cf085005;1;;
TP_14977232603_TPS_18254952603;TP_14977232603;497242;954938eb94af94547d010433c52b994781cf1a0c9751119291fa6679460992dc;2,03E+28;1;1;TPS_18254952603;T09.03.01;T09;3.0;RMG;2026-03-06 06:11:00;2026-03-06 06:24:00;2026-03-06 06:43:00;2026-03-06 06:51:00;753.0;1157.0;;448.0;2358.0;06.03.2026 08:05;T09;01477e94-191b-11f1-bd24-7bcebf1c5d45,015942be-191b-11f1-bd25-3f3effabec9f;2;;
TP_14977742603_TPS_18252352603;TP_14977742603;938137;650975b6167af421e78c69378b66abe50e7230c136c0da498e99a679bb623dba;2,03E+28;0;1;TPS_18252352603;T18.04.01;T18;4.0;RMG;2026-03-06 07:35:00;2026-03-06 07:57:00;2026-03-06 08:06:00;2026-03-06 08:16:00;;533.0;;609.0;2437.0;06.03.2026 09:06;LL, T18;bd668eb6-1926-11f1-adfe-eb6fd4b8900a;1;;
TP_14977742603_20260306074842000000022997205;TP_14977742603;938137;650975b6167af421e78c69378b66abe50e7230c136c0da498e99a679bb623dba;2,03E+28;1;0;2,03E+28;LL;LL;;Leerlager;2026-03-06 07:35:00;2026-03-06 07:42:00;2026-03-06 07:48:00;2026-03-06 08:16:00;372.0;391.0;532.0;;;06.03.2026 09:06;LL, T18;ada02aa8-1927-11f1-92ae-738a4550e387;1;;
TP_14979482603_TPS_18252482603;TP_14979482603;767242;96a0d461cb654996f1437d20c537dac76f33413ade425b43d9ae0f23e37c2f87;2,03E+28;1;1;TPS_18252482603;T24.03.01;T24;3.0;RMG;2026-03-06 07:43:00;2026-03-06 07:49:00;2026-03-06 07:51:00;2026-03-06 08:04:00;350.0;108.0;;746.0;1204.0;06.03.2026 09:06;T24;db9f10fa-1927-11f1-af33-27a467aebcde;1;;
TP_14980342603_TPS_18263522603;TP_14980342603;870134;b2efb83510bdcf4add45445548e80b6e6f6019307509f3143040b5a3b3212d91;2,03E+28;0;1;TPS_18263522603;HO2.32;HO2;32.0;VC;2026-03-06 09:11:00;2026-03-06 09:48:00;2026-03-06 09:52:00;2026-03-06 10:01:00;;248.0;;537.0;2986.0;06.03.2026 11:06;HO2, T06, T18;1037655e-1934-11f1-a913-abcef3608b36;1;1938090483;
TP_14981102603_TPS_18264722603;TP_14981102603;675218;1893d3f33daf23970ba98d3c5852e6aa8d0cf077c9ecd28a58af257232e68040;2,03E+28;0;1;TPS_18264722603;HO2.28;HO2;28.0;VC;2026-03-06 11:41:00;2026-03-06 12:37:00;2026-03-06 12:44:00;2026-03-06 12:51:00;;392.0;;434.0;4173.0;06.03.2026 13:35;HO2, T11;1911ce5c-1949-11f1-bbb0-d330c52da0a2;1;1938672868;
TP_14981602603_TPS_18266072603;TP_14981602603;717639;f82adb49f154923d910ff4f6f8667a06a0c6b2ff06d905827f3d8f48fb57bb1e;2,03E+28;1;1;TPS_18266072603;T21.01.01;T21;1.0;RMG;2026-03-06 12:09:00;2026-03-06 12:16:00;2026-03-06 12:42:00;2026-03-06 12:55:00;405.0;1523.0;;773.0;2701.0;06.03.2026 14:05;T21;041539a4-194d-11f1-b229-530f73adc262,04261454-194d-11f1-b22a-3398970b9bb7,0436b002-194d-11f1-b22b-775c660e98ef;3;;
TP_14981752603_TPS_18262972603;TP_14981752603;469912;d0882766fc5392d8e979e55369c8be68211653bd642098316f4d171142288766;2,03E+28;1;1;TPS_18262972603;T16.02.01;T16;2.0;RMG;2026-03-06 12:30:00;2026-03-06 12:43:00;2026-03-06 12:55:00;2026-03-06 12:59:00;732.0;766.0;;205.0;1703.0;06.03.2026 14:05;T16;f3c0b2b0-194f-11f1-bfa7-7354cd33414c;1;;
TP_14982362603_TPS_18271352603;TP_14982362603;908888;d938d9089160b6892861aaaba9a787f92c2f6cd859d86e4d5e1e52713aac2bc2;2,03E+28;1;1;TPS_18271352603;T08.03.01;T08;3.0;RMG;2026-03-06 13:55:00;2026-03-06 14:30:00;2026-03-06 15:06:00;2026-03-06 15:10:00;2061.0;2157.0;;234.0;4452.0;06.03.2026 16:05;T08;d2faf6f6-195b-11f1-a49a-7f765eace6a1;1;;
TP_14982462603_TPS_18263612603;TP_14982462603;334075;5fdaf04f47e9112652a7a38e7fbcff9d0ea8faf57744742b180cdef301b5ffeb;2,03E+28;1;1;TPS_18263612603;T13.04.01;T13;4.0;RMG;2026-03-06 09:15:00;2026-03-06 09:21:00;2026-03-06 09:40:00;2026-03-06 09:55:00;302.0;1189.0;;904.0;2395.0;06.03.2026 11:06;T13;b511aed6-1934-11f1-a9ce-a72bc6cea64f,b524077a-1934-11f1-a9cf-630b80785943;2;;
TP_14982652603_TPS_18264552603;TP_14982652603;396853;bd700cdc87c07eddc3adb2429bc0b79e517a32e9d47658375ef69bbebb979b05;2,03E+28;1;1;TPS_18264552603;T22.03.01;T22;3.0;RMG;2026-03-06 09:56:00;2026-03-06 10:06:00;2026-03-06 10:28:00;2026-03-06 10:35:00;545.0;1365.0;;408.0;2318.0;06.03.2026 11:35;T22;7029b5e2-193a-11f1-adf3-af10f3041f2b,703de03a-193a-11f1-adf4-8ba858027adb;2;;
TP_14982872603_TPS_18262732603;TP_14982872603;860038;c54a426c821bb3c35e7d422168a83c7a7c3d84eae67d178fc75aec985729c3af;2,03E+28;1;1;TPS_18262732603;T08.03.01;T08;3.0;RMG;2026-03-06 10:35:00;2026-03-06 10:44:00;2026-03-06 10:54:00;2026-03-06 11:02:00;506.0;608.0;;449.0;1563.0;06.03.2026 12:05;T08;e27b4bb0-193f-11f1-ac6a-635c8d564e48;1;;
TP_14983242603_TPS_18258752603;TP_14983242603;693733;26237fe2902ce90ce25f03fdc7cd02db52556611033d156c11e9b21afef13ba2;2,03E+28;1;1;TPS_18258752603;T12.02.01;T12;2.0;RMG;2026-03-06 10:59:00;2026-03-06 11:04:00;2026-03-06 11:20:00;2026-03-06 11:26:00;251.0;967.0;;372.0;1590.0;06.03.2026 12:35;T12;3cd78440-1943-11f1-addc-e315a629da93;1;;
TP_14984152603_20260306102452000000023002783;TP_14984152603;296921;c3e2d99172e4c52d499869be93543ced81a3c1f1006571814f8d3fc639442d98;2,03E+28;0;1;2,03E+28;LL;LL;;Leerlager;2026-03-06 10:00:00;2026-03-06 10:20:00;2026-03-06 10:24:00;2026-03-06 10:31:00;;235.0;;416.0;1850.0;06.03.2026 11:35;LL, T14;e93eeaaa-193d-11f1-92ae-738a4550e387;1;;
TP_14984152603_TPS_18255522603;TP_14984152603;296921;c3e2d99172e4c52d499869be93543ced81a3c1f1006571814f8d3fc639442d98;2,03E+28;1;0;TPS_18255522603;T14.04.01;T14;4.0;RMG;2026-03-06 10:00:00;2026-03-06 10:08:00;2026-03-06 10:11:00;2026-03-06 10:31:00;445.0;197.0;557.0;;;06.03.2026 11:35;LL, T14;feac23f4-193a-11f1-8e01-1720df332035;1;;
TP_14984292603_TPS_18256662603;TP_14984292603;684231;a84e5f3cfc1b0d2a359120647a9f0b697bcc5587f0f19a3f92fd8805b152ef39;2,03E+28;0;1;TPS_18256662603;HO2.26;HO2;26.0;VC;2026-03-06 10:50:00;2026-03-06 11:33:00;2026-03-06 11:52:00;2026-03-06 11:59:00;;1142.0;;432.0;4157.0;06.03.2026 13:06;HO2, T10;25fce32c-1944-11f1-9994-fb583e9a6612;1;1938540044;
TP_14984952603_TPS_18266932603;TP_14984952603;743820;6170f9e3e765007a88156aeeaaf3ed80dfd52115e3158bdb26bbb8321ed94b42;2,03E+28;0;1;TPS_18266932603;HO2.22;HO2;22.0;VC;2026-03-06 14:07:00;2026-03-06 15:13:00;2026-03-06 15:15:00;2026-03-06 15:24:00;;140.0;;543.0;4591.0;06.03.2026 16:35;HO2, T16;;0;1939266075;
TP_14985332603_TPS_18261052603;TP_14985332603;928231;c47db5833399b99f885283b71784f7adf62336c8f4778be5e632398d65984fde;2,03E+28;0;1;TPS_18261052603;T17.03.01;T17;3.0;RMG;2026-03-06 12:19:00;2026-03-06 12:53:00;2026-03-06 12:57:00;2026-03-06 13:10:00;;244.0;;816.0;3052.0;06.03.2026 14:05;T06, T17;69e2a7a2-194e-11f1-9900-1fc4df2f111d;1;;
TP_14985332603_TPS_18261042603;TP_14985332603;928231;c47db5833399b99f885283b71784f7adf62336c8f4778be5e632398d65984fde;2,03E+28;1;0;TPS_18261042603;T06.03.01;T06;3.0;RMG;2026-03-06 12:19:00;2026-03-06 12:44:00;2026-03-06 12:47:00;2026-03-06 13:10:00;1448.0;231.0;313.0;;;06.03.2026 14:05;T06, T17;69e22bd8-194e-11f1-98ff-df0f229b0576;1;;
TP_14985712603_TPS_18266122603;TP_14985712603;370976;7cc0aee44fa831f3355841af97b2dfa8f226a22672e44d31a39b7f887a761810;2,03E+28;1;1;TPS_18266122603;T06.01.01;T06;1.0;RMG;2026-03-06 13:00:00;2026-03-06 13:10:00;2026-03-06 13:24:00;2026-03-06 13:26:00;593.0;804.0;;130.0;1527.0;06.03.2026 14:35;T06;24264b0a-1954-11f1-b93d-eb5ace8afd67;1;;
TP_14987252603_TPS_18256792603;TP_14987252603;312091;9f80b5e036712777eef693b5c1e272a6fa4de0a6a53be7865371e8b51610b955;2,03E+28;0;1;TPS_18256792603;HO2.27;HO2;27.0;VC;2026-03-06 16:17:00;2026-03-06 16:35:00;2026-03-06 16:37:00;2026-03-06 16:42:00;;155.0;;293.0;1495.0;06.03.2026 17:35;HO2, T14;5b01dd02-1971-11f1-9d85-d3f312ba1f39;1;1939587850;
TP_14987392603_TPS_18256822603;TP_14987392603;983746;a46710f4adb5af7cd3ee028e9c849fcfb37d81776b52c2a8b678c0938478fd3f;2,03E+28;0;1;TPS_18256822603;HO2.23;HO2;23.0;VC;2026-03-06 16:45:00;2026-03-06 17:55:00;2026-03-06 17:59:00;2026-03-06 18:05:00;;218.0;;375.0;4814.0;06.03.2026 19:08;HO2, T07;4261ffaa-197d-11f1-9fa9-3302485e6d17;1;1939643738;
TP_14987752603_TPS_18270752603;TP_14987752603;286070;bd01aee585079af56512a9e5162774f7d29fb2e42554ad78f571e6df3f3ff9d2;2,03E+28;1;1;TPS_18270752603;T23.04.01;T23;4.0;RMG;2026-03-06 13:37:00;2026-03-06 13:46:00;2026-03-06 13:50:00;2026-03-06 13:56:00;488.0;259.0;;384.0;1131.0;06.03.2026 15:06;T23;4fc4474e-1959-11f1-a25b-eb1a8e4487de;1;;
TP_14988142603_TPS_18266952603;TP_14988142603;400241;090923682ca252cca8792b1d9425b94bfbc0caeda31b258a558ffb7dbebbe4b5;2,03E+28;0;1;TPS_18266952603;HO2.26;HO2;26.0;VC;2026-03-06 15:45:00;2026-03-06 16:36:00;2026-03-06 16:41:00;2026-03-06 16:47:00;;295.0;;341.0;3722.0;06.03.2026 17:35;HO2, T16;4194ba46-1972-11f1-be45-db5360300926;1;1939507521;
TP_14988312603_TPS_18272892603;TP_14988312603;280922;bb34e31a6fb09c02f1ce6f2151a5226ad760c38509249d7848e20a8f37a34d3d;2,03E+28;1;1;TPS_18272892603;T10.02.01;T10;2.0;RMG;2026-03-06 16:31:00;2026-03-06 16:37:00;2026-03-06 17:00:00;2026-03-06 17:06:00;310.0;1388.0;;390.0;2088.0;06.03.2026 18:05;T10;9d9b14b2-1971-11f1-bb07-874ac8f976b1,9dad85de-1971-11f1-bb08-b3fb8104df96;2;;
TP_14989182603_TPS_18256712603;TP_14989182603;316420;c73c9b27cff0be0e1ab2ce1aa1eb90d1b6f1c969dd612e44ab2ec26a38433d54;2,03E+28;0;1;TPS_18256712603;HO2.26;HO2;26.0;VC;2026-03-06 15:41:00;2026-03-06 16:07:00;2026-03-06 16:16:00;2026-03-06 16:21:00;;532.0;;301.0;2411.0;06.03.2026 17:06;HO2, T16;afb231fc-196d-11f1-9d08-471dd8b67299;1;1939499363;
TP_14989362603_TPS_18273592603;TP_14989362603;990963;caf5a48195e06fc4a8334a5d9fb2e9351e8cfc3cc596152e6d82741077968f86;2,03E+28;1;1;TPS_18273592603;T16.04.01;T16;4.0;RMG;2026-03-06 15:57:00;2026-03-06 16:21:00;2026-03-06 16:37:00;2026-03-06 16:42:00;1393.0;985.0;;283.0;2661.0;06.03.2026 17:35;T16;de71b9dc-196c-11f1-bf7c-b7928e970bd7;1;;
TP_14989842603_TPS_18274732603;TP_14989842603;702506;2d61723538c074bc10009f653a2f6ee684ee0b936589411e7acce7747a56ca95;2,03E+28;1;1;TPS_18274732603;T22.03.01;T22;3.0;RMG;2026-03-06 17:54:00;2026-03-06 17:58:00;2026-03-06 18:00:00;2026-03-06 18:03:00;223.0;111.0;;174.0;508.0;06.03.2026 19:08;T22;367a81c6-197d-11f1-8e27-d7bfb71b61ed;1;;
TP_14991462603_TPS_18256802603;TP_14991462603;766401;691adcbd0ac38cfec7aa0e85e4f9e5819d38a5e59a593bc329f5083dbc4484bd;2,03E+28;0;1;TPS_18256802603;HO2.32;HO2;32.0;VC;2026-03-06 16:03:00;2026-03-06 16:48:00;2026-03-06 16:55:00;2026-03-06 17:02:00;;391.0;;461.0;3536.0;06.03.2026 18:05;HO2, T16;6184a2e8-1973-11f1-9db9-bf9ad17bc211;1;1939548375;
TP_14991532603_TPS_18256762603;TP_14991532603;253505;f378b080dc551006026755223420a097becbed1a1511b982f85a246f20023a25;2,03E+28;1;1;TPS_18256762603;T12.02.01;T12;2.0;RMG;2026-03-06 16:09:00;2026-03-06 16:16:00;2026-03-06 16:30:00;2026-03-06 16:32:00;417.0;849.0;;150.0;1416.0;06.03.2026 17:35;T12;0c53af5c-196f-11f1-9d36-1f6607081693,0c7c462e-196f-11f1-9d37-83242425ea73;2;1939557255;
TP_14992942603_TPS_18275462603;TP_14992942603;413869;d5dbb2350ba8031f44f95b1f459941462ef4e308a9bdcd0baace754b1568a8e6;2,03E+28;1;1;TPS_18275462603;T18.03.01;T18;3.0;RMG;2026-03-06 22:51:00;2026-03-06 22:55:00;2026-03-06 22:59:00;2026-03-06 23:04:00;229.0;216.0;;315.0;760.0;07.03.2026 00:05;T18;b4405ee0-19a6-11f1-aa82-cfa4ecac6e1e;1;;
TP_14994082603_20260306190811000000023013860;TP_14994082603;403926;d21be46964135c3b5673c9f1dedff89612033d2b0c78fcdb6d59bb5a8273065a;2,03E+28;1;1;2,03E+28;LL;LL;;Leerlager;2026-03-06 18:59:00;2026-03-06 19:03:00;2026-03-06 19:08:00;2026-03-06 19:10:00;229.0;263.0;;113.0;605.0;06.03.2026 20:05;LL;dad8336a-1986-11f1-92ae-738a4550e387;1;;
TP_14994092603_TPS_18256122603;TP_14994092603;770194;9011e7a9d03d65c06ff37c31234a23587a32421ef5cacae8db8f1e281511ffbe;2,03E+28;1;1;TPS_18256122603;T14.03.01;T14;3.0;RMG;2026-03-06 19:37:00;2026-03-06 19:54:00;2026-03-06 20:01:00;2026-03-06 20:09:00;970.0;466.0;;435.0;1871.0;06.03.2026 21:08;T14;99e81242-198b-11f1-b8c1-dbf633d3b191,99f8581e-198b-11f1-b8c2-f3703a218500;2;;
TP_14995512603_TPS_18256222603;TP_14995512603;982544;9fa7373fe522ca15bc70c8f18c069fa690c3a6a98e66b6d00ac636f2b7dcb9d7;2,03E+28;1;1;TPS_18256222603;T26.03.01;T26;3.0;RMG;2026-03-06 20:57:00;2026-03-06 21:06:00;2026-03-06 21:08:00;2026-03-06 21:12:00;517.0;124.0;;228.0;869.0;06.03.2026 22:05;T26;c77cd75a-1996-11f1-b078-b3551f89a967;1;;
TP_14996622603_TPS_18276402603;TP_14996622603;460553;0705b6b8823f2b96735a00ef325f0ae43f969a2957d41d921c2282bca0d1fef3;2,03E+28;1;1;TPS_18276402603;T17.02.01;T17;2.0;RMG;2026-03-07 09:42:00;2026-03-07 09:50:00;2026-03-07 09:58:00;2026-03-07 10:09:00;453.0;460.0;;707.0;1620.0;07.03.2026 11:06;T17;a5791996-1a01-11f1-b29e-9bbc2b4604ff,a587ca0e-1a01-11f1-b29f-0bc034de1d3f;2;;
TP_14996662603_20260307095748000000023035654;TP_14996662603;463282;60a85fef4aef78394380a77ad3b804b3889eaeca8551fc80841d37f7b2d5032b;2,03E+28;1;1;2,03E+28;LL;LL;;Leerlager;2026-03-07 09:48:00;2026-03-07 09:53:00;2026-03-07 09:57:00;2026-03-07 10:00:00;294.0;235.0;;188.0;717.0;07.03.2026 11:06;LL;334379d3-1a03-11f1-92ae-738a4550e387,2f07f302-1a03-11f1-92ae-738a4550e387;2;;
TP_15001742603_TPS_18304172603;TP_15001742603;428002;24c2abc739be13d7f2053d8800b935ec5e256fe4c690fe15295a5693170aea32;2,03E+28;1;1;TPS_18304172603;T18.03.01;T18;3.0;RMG;2026-03-09 05:40:00;2026-03-09 05:46:00;2026-03-09 05:48:00;2026-03-09 05:56:00;359.0;119.0;;424.0;902.0;09.03.2026 06:35;T18;2bd63f2a-1b72-11f1-a6f9-c7653281408f;1;;
TP_15001812603_TPS_18304252603;TP_15001812603;615132;46bc071c71b4922fd7fddc75d40e7f38be1328e453939d6a5dc36d7ab3f98752;2,03E+28;1;1;TPS_18304252603;T16.03.01;T16;3.0;RMG;2026-03-09 05:46:00;2026-03-09 05:54:00;2026-03-09 06:12:00;2026-03-09 06:18:00;460.0;1069.0;;360.0;1889.0;09.03.2026 07:06;T16;0234bdc6-1b73-11f1-a72b-fb1635e0b79b,024016e4-1b73-11f1-a72c-6b0113e8dd3a;2;;
TP_15001972603_TPS_18304462603;TP_15001972603;541962;9319a5bd086b40ecf5eb94b67b23f82c14cf5ce7e302433a1b80000c07eb112d;2,03E+28;0;1;TPS_18304462603;T20.03.01;T20;3.0;RMG;2026-03-09 05:55:00;2026-03-09 06:14:00;2026-03-09 06:18:00;2026-03-09 06:34:00;;234.0;;953.0;2316.0;09.03.2026 07:35;LL, T20;4411be00-1b74-11f1-a7d3-7f9daadca54c;1;;
TP_15001972603_20260309061011000000023095532;TP_15001972603;541962;9319a5bd086b40ecf5eb94b67b23f82c14cf5ce7e302433a1b80000c07eb112d;2,03E+28;1;0;2,03E+28;LL;LL;;Leerlager;2026-03-09 05:55:00;2026-03-09 06:00:00;2026-03-09 06:10:00;2026-03-09 06:34:00;287.0;565.0;277.0;;;09.03.2026 07:35;LL, T20;fb5fc5cd-1b74-11f1-92ae-738a4550e387;1;;
TP_15003642603_TPS_18308072603;TP_15003642603;658379;494fc86529953fb21b6ae42ffb1e52d332887363b00e67a5775daad2660268f9;2,03E+28;1;1;TPS_18308072603;T07.03.01;T07;3.0;RMG;2026-03-09 07:44:00;2026-03-09 07:48:00;2026-03-09 08:16:00;2026-03-09 08:29:00;210.0;1669.0;;788.0;2667.0;09.03.2026 09:35;T07;7e7d28fe-1b83-11f1-b0ca-c73a2be6ace1,7e8951ce-1b83-11f1-b0cb-7731f4e463b5;2;;
TP_15004612603_TPS_18306192603;TP_15004612603;223985;d7b5f9923bc2417cfefc984e41d923b1ea8c2adf073a2151337498509ed16cac;2,03E+28;0;1;TPS_18306192603;T11.02.01;T11;2.0;RMG;2026-03-09 07:26:00;2026-03-09 07:54:00;2026-03-09 08:00:00;2026-03-09 08:13:00;;320.0;;785.0;2781.0;09.03.2026 09:06;LL, T11;fad398be-1b80-11f1-b0ad-177364fb77e0;1;;
TP_15004612603_20260309073529000000023095656;TP_15004612603;223985;d7b5f9923bc2417cfefc984e41d923b1ea8c2adf073a2151337498509ed16cac;2,03E+28;1;0;2,03E+28;LL;LL;;Leerlager;2026-03-09 07:26:00;2026-03-09 07:32:00;2026-03-09 07:35:00;2026-03-09 08:13:00;323.0;187.0;1166.0;;;09.03.2026 09:06;LL, T11;c2b37d09-1b81-11f1-92ae-738a4550e387;1;;
TP_15004822603_TPS_18310492603;TP_15004822603;750764;dd516f8516e97091fcb1dbdb43dd7bfc88047501f87ec128fd8162631a1a7c42;2,03E+28;1;1;TPS_18310492603;T15.03.01;T15;3.0;RMG;2026-03-09 07:53:00;2026-03-09 07:58:00;2026-03-09 08:01:00;2026-03-09 08:09:00;275.0;188.0;;452.0;915.0;09.03.2026 09:06;T15;c038eb7e-1b84-11f1-9a68-5b7c1b1e84c6;1;;
TP_15005332603_TPS_18310112603;TP_15005332603;904616;e17d98559383c8395ffdcc8d58b9b98dc113f389b1a3a4e0d8f249b9ee4158d0;2,03E+28;1;1;TPS_18310112603;T06.02.01;T06;2.0;RMG;2026-03-09 09:37:00;2026-03-09 09:56:00;2026-03-09 10:01:00;2026-03-09 10:09:00;1117.0;286.0;;495.0;1898.0;09.03.2026 11:06;T06;4746ebb2-1b93-11f1-bd39-f75dba140ce0;1;;
TP_15008442603_TPS_18315992603;TP_15008442603;308236;ada682fd0a970ab8def79e259da4d372305d48010f80debc85a7b88854731d4f;2,03E+28;1;1;TPS_18315992603;T06.02.01;T06;2.0;RMG;2026-03-09 11:48:00;2026-03-09 12:02:00;2026-03-09 12:22:00;2026-03-09 12:25:00;834.0;1162.0;;166.0;2162.0;09.03.2026 13:06;T06;949333aa-1ba5-11f1-aab6-8bcbc2d99218,94a19b66-1ba5-11f1-aab7-f391536c42db;2;;
TP_15010592603_TPS_18311872603;TP_15010592603;551272;2dddea95169d64adb4413a60fff45b6ebf7a8af92cbc38e5bc1cf5d17a83aba5;2,03E+28;1;1;TPS_18311872603;T26.04.01;T26;4.0;RMG;2026-03-09 09:50:00;2026-03-09 09:56:00;2026-03-09 10:15:00;2026-03-09 10:23:00;309.0;1160.0;;456.0;1925.0;09.03.2026 11:06;T26;1877640e-1b95-11f1-bf80-93192cf47d4a,1885209e-1b95-11f1-bf81-ef44537185ff,189250de-1b95-11f1-bf82-e7822e701e9d;3;;
TP_15010642603_TPS_18311942603;TP_15010642603;518900;e39001b6db55f0aac6c4af4ff09475365a114b04c19f46d34164d75ff0f98982;2,03E+28;0;1;TPS_18311942603;HO2.26;HO2;26.0;VC;2026-03-09 09:52:00;2026-03-09 10:06:00;2026-03-09 10:14:00;2026-03-09 10:20:00;;450.0;;373.0;1694.0;09.03.2026 11:06;HO2, T21;422ef5f0-1b95-11f1-bfb7-872e67ce5588;1;1944899143;
TP_15010752603_TPS_18310832603;TP_15010752603;877411;9ad5a3a629b25fbf0284d166682145a38ea3cf0cda706061ed12284885a11e34;2,03E+28;1;1;TPS_18310832603;T23.04.01;T23;4.0;RMG;2026-03-09 09:59:00;2026-03-09 10:06:00;2026-03-09 10:14:00;2026-03-09 10:42:00;410.0;469.0;;1658.0;2537.0;09.03.2026 11:35;T23;5a5445b2-1b96-11f1-b414-4b25c71a7feb,5a6234c4-1b96-11f1-b415-2350cda3ac98;2;;
TP_15011862603_TPS_18313302603;TP_15011862603;455943;957c9918ee21a4eab5ed5b3a6e625b20bec3c4cb6efff47618f8a78d91ff6282;2,03E+28;0;1;TPS_18313302603;HO2.27;HO2;27.0;VC;2026-03-09 10:12:00;2026-03-09 11:00:00;2026-03-09 11:02:00;2026-03-09 11:12:00;;159.0;;595.0;3602.0;09.03.2026 12:05;HO2, T11, T16;250d8dc6-1b98-11f1-a674-1bea8018dd25;1;1945009606;
TP_15011872603_TPS_18313372603;TP_15011872603;707096;85107bf0934f075d9c59e2d85172dd8ae52c03c9fe69a7eb63673228586f23a7;2,03E+28;0;1;TPS_18313372603;HO2.23;HO2;23.0;VC;2026-03-09 10:16:00;2026-03-09 12:50:00;2026-03-09 12:55:00;2026-03-09 13:03:00;;276.0;;490.0;10024.0;09.03.2026 14:05;HO2, T09, T15;a049365c-1b98-11f1-a68f-47bf8abc4767;1;1944929565;
TP_15013142603_TPS_18314782603;TP_15013142603;955087;0fee44406f39e176a70d215e8bee1d1a02cff7b6897e6c3cf1448dbaec97e0c7;2,03E+28;1;1;TPS_18314782603;T27.03.01;T27;3.0;RMG;2026-03-09 11:08:00;2026-03-09 11:18:00;2026-03-09 11:41:00;2026-03-09 11:55:00;581.0;1366.0;;857.0;2804.0;09.03.2026 12:35;T27;fd7e6f84-1b9f-11f1-b9c7-33021262c66c,fd8e9454-1b9f-11f1-b9c8-cb457384cda3,fd9ca86e-1b9f-11f1-b9c9-9fec30180e2b;3;;
TP_15013372603_TPS_18315172603;TP_15013372603;787959;59794b7626176692c6d00582af9d42d75af2f210c817afe14ba851b3a11067e2;2,03E+28;1;1;TPS_18315172603;T17.03.01;T17;3.0;RMG;2026-03-09 11:32:00;2026-03-09 11:35:00;2026-03-09 11:50:00;2026-03-09 11:55:00;175.0;897.0;;262.0;1334.0;09.03.2026 12:35;T17;587af882-1ba3-11f1-bc3c-67a3db92c568;1;;
TP_15013722603_TPS_18321932603;TP_15013722603;429306;02def5e6ebef348ca5b38674b9bd71ed9f0d7a6c599a18cc9d8ce47b93f546cc;2,03E+28;0;1;TPS_18321932603;HO2.25;HO2;25.0;VC;2026-03-09 12:37:00;2026-03-09 13:26:00;2026-03-09 13:30:00;2026-03-09 13:38:00;;263.0;;454.0;3631.0;09.03.2026 14:35;HO2, T08;28e1e1ca-1bb3-11f1-89a1-ab7445d0f59d;1;1945500239;
TP_15014432603_TPS_18317302603;TP_15014432603;350269;42b76717d5bc7996c7b0a96b4de9f1ff585abd9509e76cefd68aec32c842a0f3;2,03E+28;1;1;TPS_18317302603;T06.01.01;T06;1.0;RMG;2026-03-09 12:14:00;2026-03-09 13:12:00;2026-03-09 13:21:00;2026-03-09 13:30:00;3479.0;532.0;;521.0;4532.0;09.03.2026 14:35;T06;36273222-1ba9-11f1-be07-d7ae0b6f5112;1;;
TP_15015472603_TPS_18326432603;TP_15015472603;764973;ee8be8bb342271b4c8858753d5b31ae7fb3330179cbcde11d14af94b2de5819e;2,03E+28;0;1;TPS_18326432603;HO2.21;HO2;21.0;VC;2026-03-09 15:27:00;2026-03-09 16:16:00;2026-03-09 16:24:00;2026-03-09 16:37:00;;482.0;;800.0;4229.0;09.03.2026 17:35;HO2, LL;16e45d66-1bc4-11f1-a46b-73d06a9e691c;1;;
TP_15015472603_20260309155941000000023107102;TP_15015472603;764973;ee8be8bb342271b4c8858753d5b31ae7fb3330179cbcde11d14af94b2de5819e;2,03E+28;1;0;2,03E+28;LL;LL;;Leerlager;2026-03-09 15:27:00;2026-03-09 15:49:00;2026-03-09 15:59:00;2026-03-09 16:37:00;1330.0;608.0;1009.0;;;09.03.2026 17:35;HO2, LL;c05280aa-1bc7-11f1-92ae-738a4550e387;1;;
TP_15015802603_TPS_18319712603;TP_15015802603;367976;8b4a61311787e84d58d59735d731ab98dbc0cdff3844127c424236ac69dc688f;2,03E+28;1;1;TPS_18319712603;T18.03.01;T18;3.0;RMG;2026-03-09 13:45:00;2026-03-09 13:55:00;2026-03-09 14:15:00;2026-03-09 14:27:00;570.0;1224.0;;704.0;2498.0;09.03.2026 15:06;T18;ec03a97a-1bb5-11f1-bbec-ebe96824673e;1;;
TP_15016482603_TPS_18327022603;TP_15016482603;882565;49ebf9ca0f862bec2570999a2d3c6bee1b1f20dbb8012dcf182af96daf7db5ea;2,03E+28;1;1;TPS_18327022603;T10.01.01;T10;1.0;RMG;2026-03-09 15:43:00;2026-03-09 16:14:00;2026-03-09 16:32:00;2026-03-09 16:47:00;1828.0;1054.0;;952.0;3834.0;09.03.2026 17:35;T10;689cb94e-1bc6-11f1-a674-1f1f0350110d;1;;
TP_15016872603_TPS_18321962603;TP_15016872603;604896;3ce8768da8fea6e4704f441dea905c05bf58261dc26e7ca4b8e257441be1f453;2,03E+28;0;1;TPS_18321962603;HO2.26;HO2;26.0;VC;2026-03-09 16:59:00;2026-03-09 17:12:00;2026-03-09 17:17:00;2026-03-09 17:46:00;;329.0;;1733.0;2800.0;09.03.2026 18:35;HO2, T09;addad9a8-1bd2-11f1-8b32-7f56f1802c78;1;1946383077;
TP_15016932603_TPS_18322012603;TP_15016932603;333267;2b573d283b322dead438248d94dbcd013ca54636868e3d0d996276593b3a9e2b;2,03E+28;0;1;TPS_18322012603;HO2.28;HO2;28.0;VC;2026-03-09 17:06:00;2026-03-09 17:52:00;2026-03-09 17:58:00;2026-03-09 18:17:00;;355.0;;1139.0;4307.0;09.03.2026 19:08;HO2, T10, T16;68a2455a-1bd8-11f1-8c2a-53038426d9b8;1;1946411887;
TP_15018122603_TPS_18329652603;TP_15018122603;844657;2d8f0378541b0df3c504228facfa89b00d2ff56000abe5e4544040e13461e166;2,03E+28;0;0;TPS_18329652603;HO2.26;HO2;26.0;VC;2026-03-09 17:41:00;2026-03-09 18:05:00;2026-03-09 18:08:00;2026-03-09 18:28:00;;164.0;372.0;;;09.03.2026 19:08;HO2, T13, T16;d3deb314-1bd6-11f1-8590-cb0b4d59a5cf;1;1946464824;
TP_15018142603_TPS_18329692603;TP_15018142603;745555;79a5705389d48b43a76a9d92036b7738ecc248d9ec8f1937fd571e05043064ab;2,03E+28;0;1;TPS_18329692603;HO2.28;HO2;28.0;VC;2026-03-09 17:42:00;2026-03-09 18:37:00;2026-03-09 18:48:00;2026-03-09 18:59:00;;662.0;;624.0;4575.0;09.03.2026 20:05;HO2, T17, T26;00cacb6a-1bd7-11f1-85af-4f75ce827355;1;1946466122;
TP_15018422603_TPS_18266962603;TP_15018422603;863310;77273f79996762bca61030c4388473484d39800928223b290d62ade0f1a1580e;2,03E+28;0;1;TPS_18266962603;HO2.27;HO2;27.0;VC;2026-03-09 14:40:00;2026-03-09 15:20:00;2026-03-09 15:24:00;2026-03-09 15:31:00;;229.0;;400.0;3054.0;09.03.2026 16:35;HO2, T07;236dc0e6-1bc3-11f1-ad43-db6fefdb30bc;1;1945909457;
TP_15018812603_TPS_18321952603;TP_15018812603;269003;565fbb6d18d36176affdd837735cb69b2e63f061ce958ac04bce07171a296102;2,03E+28;0;1;TPS_18321952603;HO2.34;HO2;34.0;VC;2026-03-09 15:53:00;2026-03-09 17:05:00;2026-03-09 17:11:00;2026-03-09 17:19:00;;368.0;;474.0;5150.0;09.03.2026 18:05;HO2, T12;b82bfae6-1bd1-11f1-8b2d-eb048d5f99f0;1;1946182750;
TP_15018962603_TPS_18320582603;TP_15018962603;702506;2d61723538c074bc10009f653a2f6ee684ee0b936589411e7acce7747a56ca95;2,03E+28;1;1;TPS_18320582603;T14.01.01;T14;1.0;RMG;2026-03-09 17:37:00;2026-03-09 17:41:00;2026-03-09 17:56:00;2026-03-09 18:17:00;193.0;896.0;;1288.0;2377.0;09.03.2026 19:08;T14;5586d5a0-1bd6-11f1-850a-3bc74517dde4;1;;
TP_15019582603_TPS_18325192603;TP_15019582603;848518;8395ec4db7be6c4dfcc59e54ac7bcd6cd7df9749c463b54872e34ac11fd34a31;2,03E+28;0;1;TPS_18325192603;HO2.28;HO2;28.0;VC;2026-03-09 15:55:00;2026-03-09 16:33:00;2026-03-09 16:47:00;2026-03-09 16:57:00;;873.0;;560.0;3709.0;09.03.2026 18:05;HO2, T16;fb35830c-1bc7-11f1-9ead-4fdd87dfb384;1;1946182298;
TP_15019882603_TPS_18325522603;TP_15019882603;913526;422a2809af966a35ba6e29795e5ae4db6b32636c0db9dbb2d2353a3c5cc50b0d;2,03E+28;1;1;TPS_18325522603;T23.02.01;T23;2.0;RMG;2026-03-09 16:05:00;2026-03-09 16:19:00;2026-03-09 16:38:00;2026-03-09 16:45:00;828.0;1139.0;;409.0;2376.0;09.03.2026 17:35;T23;6f8f69b0-1bc9-11f1-9fc2-2b8c2256a57d;1;;
TP_15020102603_TPS_18327852603;TP_15020102603;369823;d428a76d10b743d116eb9545cf84bc39f3ac021900d8bc3b4061c78ef5a22235;2,03E+28;1;1;TPS_18327852603;T22.01.01;T22;1.0;RMG;2026-03-09 14:39:00;2026-03-09 16:56:00;2026-03-09 17:05:00;2026-03-09 17:13:00;8214.0;499.0;;500.0;9213.0;09.03.2026 18:05;T22;d0b31196-1bcf-11f1-ae15-835143a2dc49,d0c00c2a-1bcf-11f1-ae16-974a3eda10e9;2;1945917362;
TP_15020462603_TPS_18330022603;TP_15020462603;732989;952511a1efa789b3584e7029f82d1951a1291b16f28c37c5a3be4305031eecfd;2,03E+28;0;0;TPS_18330022603;HO2.28;HO2;28.0;VC;2026-03-09 17:53:00;2026-03-09 18:18:00;2026-03-09 18:24:00;2026-03-09 18:44:00;;378.0;385.0;;;09.03.2026 19:08;HO2, T16, T17;7d2c3224-1bd8-11f1-87f7-53f030964e6e;1;1946476588;
TP_15020652603_TPS_18318882603;TP_15020652603;558816;e50f8dcb942684c7486101db851652a709f74085d05e6c2c396c04add8247444;2,03E+28;0;0;TPS_18318882603;HO2.28;HO2;28.0;VC;2026-03-09 18:38:00;2026-03-09 19:33:00;2026-03-09 19:45:00;2026-03-09 20:21:00;;678.0;617.0;;;09.03.2026 21:09;HO2, T16, T21;bae6e6c6-1bde-11f1-8b8a-c7184d378847;1;1946548125;
TP_15020882603_20260309164931000000023112509;TP_15020882603;453329;a03f5489791be6871a4d84d44e625d8301b09f109dd52e9351de416719157ad1;2,03E+28;1;1;2,03E+28;LL;LL;;Leerlager;2026-03-09 16:32:00;2026-03-09 16:38:00;2026-03-09 16:49:00;2026-03-09 16:52:00;306.0;686.0;;208.0;1200.0;09.03.2026 18:05;LL;a286eb74-1bce-11f1-92ae-738a4550e387;1;;
TP_15021112603_TPS_18322002603;TP_15021112603;771639;d1b3a88ab670df4cad265b41242318dad2e53ef1db17026db61f1b1801b87922;2,03E+28;0;1;TPS_18322002603;HO2.24;HO2;24.0;VC;2026-03-09 16:42:00;2026-03-09 17:49:00;2026-03-09 17:56:00;2026-03-09 18:36:00;;390.0;;2395.0;6842.0;09.03.2026 19:08;HO2, T26;f835abfe-1bd7-11f1-8c29-5bd4c46b6425;1;1946327083;
TP_15022172603_TPS_18322062603;TP_15022172603;858510;a6bc18261122398be9e3bf29398085c255b1dec0d69d50d10f3fa83205b5c208;2,03E+28;0;1;TPS_18322062603;HO2.31;HO2;31.0;VC;2026-03-09 17:32:00;2026-03-09 20:30:00;2026-03-09 20:36:00;2026-03-10 02:34:00;;348.0;;21497.0;32514.0;10.03.2026 03:35;HO2, T14;;0;1946457203;
TP_15023832603_20260309194017000000023112710;TP_15023832603;979966;820b8ba6149d54024e4f1bb2e85caba2cbc289c289b5a1a258a11f732de9d584;2,03E+28;1;1;2,03E+28;LL;LL;;Leerlager;2026-03-09 19:30:00;2026-03-09 19:35:00;2026-03-09 19:40:00;2026-03-09 19:41:00;298.0;260.0;;45.0;603.0;09.03.2026 20:35;LL;d3b2e295-1be6-11f1-92ae-738a4550e387;1;;
TP_15023922603_TPS_18330652603;TP_15023922603;763244;4b3afd01fdae4bd7aadf8548cf488e38bf813363bdaeac89e1284a6cb72f6971;2,03E+28;0;0;TPS_18330652603;HO2.25;HO2;25.0;VC;2026-03-09 20:23:00;2026-03-09 20:41:00;2026-03-09 20:46:00;2026-03-09 21:08:00;;279.0;796.0;;;09.03.2026 22:05;HO2, T13, T17;81cf0ee0-1bed-11f1-9f81-b76392c5d62c;1;1946676463;
TP_15025522603_TPS_18267012603;TP_15025522603;611335;2ddbba6375ddb4e75a63602446dae5aa271630f04b6db7e8dbe7bc3b325b60a8;2,03E+28;0;1;TPS_18267012603;HO2.32;HO2;32.0;VC;2026-03-10 05:47:00;2026-03-10 06:09:00;2026-03-10 06:12:00;2026-03-10 06:26:00;;198.0;;813.0;2355.0;10.03.2026 07:35;HO2, T16;46a71c2a-1c3f-11f1-b442-c3c5c0e4ab49;1;1947334088;
TP_15026932603_TPS_18337562603;TP_15026932603;476656;09d7f93ba8408b181516c368164a24a5183b6527ad54b9e030e51aa36ac6130e;2,03E+28;0;0;TPS_18337562603;HO2.25;HO2;25.0;VC;2026-03-10 07:37:00;2026-03-10 08:03:00;2026-03-10 08:11:00;2026-03-10 08:54:00;;476.0;359.0;;;10.03.2026 09:35;HO2, T10, T26;8beb8724-1c4b-11f1-9d01-0f5c77373600;1;1947572050;
TP_15027652603_TPS_18335222603;TP_15027652603;336843;5830038295da6fc1814e9ee4432094911c5c88081b845baeb8ab0a98b99c11e0;2,03E+28;0;0;TPS_18335222603;HO2.27;HO2;27.0;VC;2026-03-10 00:45:00;2026-03-10 01:41:00;2026-03-10 02:06:00;2026-03-10 02:32:00;;1501.0;377.0;;;10.03.2026 03:35;HO2, T10, T26;1bb2fa02-1c12-11f1-adbb-476a67dcea34;1;1946980766;
TP_15028502603_TPS_18266982603;TP_15028502603;D502849;;2,03E+28;1;1;TPS_18266982603;T17.03.01;T17;3.0;RMG;2026-03-10 00:12:00;2026-03-10 00:12:00;2026-03-10 00:19:00;2026-03-10 00:19:00;0.0;392.0;;0.0;392.0;10.03.2026 01:07;T17;81a7376a-1c0d-11f1-b248-bb9991b37ce6;1;;
TP_15028522603_TPS_18266992603;TP_15028522603;D502851;;2,03E+28;1;1;TPS_18266992603;T17.02.01;T17;2.0;RMG;2026-03-10 01:02:00;2026-03-10 01:02:00;2026-03-10 01:06:00;2026-03-10 01:06:00;1.0;255.0;;0.0;256.0;10.03.2026 02:05;T17;;0;;
TP_15028542603_TPS_18267002603;TP_15028542603;D502853;;2,03E+28;1;1;TPS_18267002603;T17.03.01;T17;3.0;RMG;2026-03-10 01:06:00;2026-03-10 01:06:00;2026-03-10 01:09:00;2026-03-10 01:09:00;0.0;192.0;;0.0;192.0;10.03.2026 02:05;T17;043ed406-1c15-11f1-b2b9-376266815373;1;;
TP_15028562603_TPS_18267052603;TP_15028562603;D502855;;2,03E+28;1;1;TPS_18267052603;HO2.33;HO2;33.0;VC;2026-03-10 09:02:00;2026-03-10 09:02:00;2026-03-10 09:05:00;2026-03-10 09:05:00;0.0;166.0;;0.0;166.0;10.03.2026 10:05;HO2;7fc907c6-1c57-11f1-b512-fbf77bae7073;1;;
TP_15028582603_TPS_18267072603;TP_15028582603;D502857;;2,03E+28;1;1;TPS_18267072603;T18.03.01;T18;3.0;RMG;2026-03-10 12:47:00;2026-03-10 12:47:00;2026-03-10 12:51:00;2026-03-10 12:51:00;1.0;207.0;;0.0;208.0;10.03.2026 13:35;T18;f81e950a-1c76-11f1-b65a-73ad369850c4;1;;
TP_15029902603_TPS_18337422603;TP_15029902603;960827;88f49ef2505871dfc48203bf2283813b4736a1529c6ba982ac2d7a93d645fe49;2,03E+28;1;1;TPS_18337422603;HO2.31;HO2;31.0;VC;2026-03-10 02:02:00;2026-03-10 02:09:00;2026-03-10 02:15:00;2026-03-10 02:21:00;373.0;363.0;;348.0;1084.0;10.03.2026 03:06;HO2;e24689c2-1c1c-11f1-a14f-ab325e141648;1;;
TP_15030682603_TPS_18267022603;TP_15030682603;717187;2963b9932dff356573ac3c14d5f15fd69d96c9715eb61e6d710d099c48f3fcf0;2,03E+28;0;0;TPS_18267022603;T13.02.01;T13;2.0;RMG;2026-03-10 06:32:00;2026-03-10 07:56:00;2026-03-10 07:58:00;2026-03-10 08:20:00;;97.0;281.0;;;10.03.2026 09:06;LL, T13, T14;9ab8ef6a-1c4d-11f1-b4a6-d376786be59d;1;1947401162;
TP_15030692603_TPS_18339882603;TP_15030692603;701978;303ce4f3423eef2b62f57a0ed954f74532db401ed2ee029df031c2c82acf903d;2,03E+28;1;1;TPS_18339882603;HO2.28;HO2;28.0;VC;2026-03-10 06:32:00;2026-03-10 06:38:00;2026-03-10 06:44:00;2026-03-10 06:51:00;328.0;384.0;;374.0;1086.0;10.03.2026 07:35;HO2;99c4aa82-1c42-11f1-a65e-934448e5fb55;1;;
TP_15031272603_TPS_18267032603;TP_15031272603;220066;c4438f7403c5311f05920f1ce4f77bbb261abb6a6b1de81515017aacdbc85f85;2,03E+28;0;1;TPS_18267032603;HO2.28;HO2;28.0;VC;2026-03-10 07:45:00;2026-03-10 08:25:00;2026-03-10 08:53:00;2026-03-10 09:18:00;;1678.0;;1501.0;5552.0;10.03.2026 10:05;HO2, T22;c9a2c51a-1c4f-11f1-b4c1-8373cd2259dd,cf93a7a0-1c4f-11f1-b4c4-dfadfe130a59;2;1947610064;
TP_15031502603_TPS_18322092603;TP_15031502603;945553;86ec53b5ba6f95276df45eafea8a1c802559cd8be47ba18a92e0af72f41f2a20;2,03E+28;0;1;TPS_18322092603;HO2.34;HO2;34.0;VC;2026-03-10 08:52:00;2026-03-10 10:13:00;2026-03-10 10:40:00;2026-03-10 13:15:00;;1623.0;;9271.0;15776.0;10.03.2026 14:05;HO2, T22;609b2faa-1c61-11f1-9595-a7559eb2c57f;1;1947850712;
TP_15031502603_TPS_18322082603;TP_15031502603;945553;86ec53b5ba6f95276df45eafea8a1c802559cd8be47ba18a92e0af72f41f2a20;2,03E+28;0;0;TPS_18322082603;HO2.22;HO2;22.0;VC;2026-03-10 08:52:00;2026-03-10 10:06:00;2026-03-10 10:07:00;2026-03-10 13:15:00;;44.0;377.0;;;10.03.2026 14:05;HO2, T22;;0;1947850712;
TP_15031742603_TPS_18338242603;TP_15031742603;830017;d266e930030f6637b4dd53ead80d37bb148d16a7ad6b4f6b99fc1811246279d5;2,03E+28;1;1;TPS_18338242603;T18.03.01;T18;3.0;RMG;2026-03-10 09:47:00;2026-03-10 09:59:00;2026-03-10 10:09:00;2026-03-10 10:13:00;661.0;610.0;;280.0;1551.0;10.03.2026 11:06;T18;d796e814-1c5d-11f1-ae88-d33c9b68ddfb;1;;
TP_15032552603_TPS_18341702603;TP_15032552603;688943;4f9bd171c3c805c20e090a88cd2c03574b3aeb5343305facfdde04c43b588b67;2,03E+28;0;0;TPS_18341702603;HO2.25;HO2;25.0;VC;2026-03-10 07:27:00;2026-03-10 09:18:00;2026-03-10 09:22:00;2026-03-10 09:51:00;;247.0;537.0;;;10.03.2026 10:35;HO2, T20, T26;2eddabc6-1c4a-11f1-acc9-43f33053bd5f;1;1947507722;
TP_15033082603_TPS_18342892603;TP_15033082603;334889;e02042d408817423f78842d273c656237fefa912e81d0f18d2ee531beb9e1851;2,03E+28;1;1;TPS_18342892603;HO2.34;HO2;34.0;VC;2026-03-10 08:45:00;2026-03-10 09:04:00;2026-03-10 09:06:00;2026-03-10 09:13:00;1127.0;78.0;;456.0;1661.0;10.03.2026 10:05;HO2;2e4ba34c-1c55-11f1-a8d9-3b0b14f86b08;1;;
TP_15035152603_TPS_18344272603;TP_15035152603;449373;63b08c73fa694f51b4562fea1827e2ffef114552f708bd0a59cbd42451eda0fe;2,03E+28;1;1;TPS_18344272603;T22.03.01;T22;3.0;RMG;2026-03-10 09:09:00;2026-03-10 09:15:00;2026-03-10 09:19:00;2026-03-10 09:34:00;350.0;237.0;;908.0;1495.0;10.03.2026 10:35;T22;893a280c-1c58-11f1-b826-57ab36e21d47;1;;
TP_15035952603_TPS_18350342603;TP_15035952603;296891;d239a670f1971698fbd9fdb254d7cca78da340019b8822d1a42bf80504aeee71;2,03E+28;0;1;TPS_18350342603;HO2.23;HO2;23.0;VC;2026-03-10 10:52:00;2026-03-10 11:19:00;2026-03-10 11:27:00;2026-03-10 11:35:00;;430.0;;528.0;2609.0;10.03.2026 12:35;HO2, T12;d445a8a4-1c66-11f1-b77c-5b0b628c30bc;1;1948451623;
TP_15036332603_TPS_18267062603;TP_15036332603;767845;61b2848e3bce2dbbd46393a2279b1ce2c3fd3347c651d78ac023b648abd320ba;2,03E+28;0;1;TPS_18267062603;HO2.28;HO2;28.0;VC;2026-03-10 08:56:00;2026-03-10 09:19:00;2026-03-10 09:25:00;2026-03-10 09:37:00;;331.0;;719.0;2467.0;10.03.2026 10:35;HO2, T16;e84dad40-1c59-11f1-b521-e3c459a33cd4;1;1947855684;
TP_15038862603_TPS_18349032603;TP_15038862603;965717;8353a810caf8770300169204a534646477f2a9f87ea0c6401740d42b2e163ddd;2,03E+28;1;1;TPS_18349032603;T21.03.01;T21;3.0;RMG;2026-03-10 10:18:00;2026-03-10 10:23:00;2026-03-10 10:31:00;2026-03-10 10:40:00;267.0;459.0;;564.0;1290.0;10.03.2026 11:35;T21;2c3166e8-1c62-11f1-a4de-73012a4d1b1f;1;;
TP_15039302603_TPS_18357862603;TP_15039302603;470623;6654b203f3974ca378019dff33fc13b70405528d49ad2ed6e657b76e8ffaceac;2,03E+28;0;1;TPS_18357862603;HO2.27;HO2;27.0;VC;2026-03-10 13:17:00;2026-03-10 13:48:00;2026-03-10 13:56:00;2026-03-10 14:06:00;;493.0;;622.0;2916.0;10.03.2026 15:06;HO2, LL;2ddd3c10-1c7b-11f1-9bd7-5bffad80b1d4;1;;
TP_15039302603_20260310132900000000023140142;TP_15039302603;470623;6654b203f3974ca378019dff33fc13b70405528d49ad2ed6e657b76e8ffaceac;2,03E+28;1;0;2,03E+28;LL;LL;;Leerlager;2026-03-10 13:17:00;2026-03-10 13:24:00;2026-03-10 13:29:00;2026-03-10 14:06:00;374.0;287.0;1140.0;;;10.03.2026 15:06;HO2, LL;169d83ab-1c7c-11f1-bf91-b3147eaeaae8;1;;
TP_15039382603_TPS_18359272603;TP_15039382603;986270;6fed3e794c50d3ae99066563ca403a1f05c2cacd7c1bcd6e03a06f5f48998699;2,03E+28;1;1;TPS_18359272603;HO2.26;HO2;26.0;VC;2026-03-10 15:48:00;2026-03-10 15:55:00;2026-03-10 15:56:00;2026-03-10 16:03:00;395.0;76.0;;401.0;872.0;10.03.2026 17:06;HO2;461beb72-1c90-11f1-b63e-ebe7a4874c77;1;;
TP_15039442603_TPS_18362782603;TP_15039442603;990374;22334f404f678d14882105f435981b5094a85d933bc2d3cc5e7dc43251d5e0c2;2,03E+28;1;1;TPS_18362782603;T23.04.01;T23;4.0;RMG;2026-03-10 16:04:00;2026-03-10 16:13:00;2026-03-10 16:26:00;2026-03-10 16:57:00;508.0;753.0;;1903.0;3164.0;10.03.2026 18:05;T23;81b4938a-1c92-11f1-afeb-b33b0d17c6b0;1;;
TP_15039682603_TPS_18267092603;TP_15039682603;792098;c6927100951a9a581eaf18b3ff2a5f3b6d54ca143f1048d819b34f9744524e02;2,03E+28;0;1;TPS_18267092603;HO2.27;HO2;27.0;VC;2026-03-10 17:34:00;2026-03-10 17:51:00;2026-03-10 17:54:00;2026-03-10 18:18:00;;175.0;;1450.0;2648.0;10.03.2026 19:08;HO2, T13;686dd8be-1ca1-11f1-ba21-73f941ce3236;1;1949774271;
TP_15039902603_TPS_18357572603;TP_15039902603;709283;ba80c93bf72ed3956a7e646ebd601bc638714379d104f1bf52f84a94dc576851;2,03E+28;1;1;TPS_18357572603;T14.01.01;T14;1.0;RMG;2026-03-10 17:40:00;2026-03-10 17:59:00;2026-03-10 18:15:00;2026-03-10 18:23:00;1101.0;998.0;;469.0;2568.0;10.03.2026 19:08;T14;eb614c12-1c9f-11f1-acc8-af55ecd89528;1;;
TP_15040932603_TPS_18322122603;TP_15040932603;846149;b2a79f991fd258a4f1f3f4161b2f2f470f8eaa868dd5988be23ce0d0418b60d7;2,03E+28;0;1;TPS_18322122603;HO2.21;HO2;21.0;VC;2026-03-10 12:23:00;2026-03-10 12:50:00;2026-03-10 13:06:00;2026-03-10 13:15:00;;935.0;;592.0;3160.0;10.03.2026 14:05;HO2, T21;2721866a-1c76-11f1-9753-fb3fec505730,31c61c98-1c76-11f1-9756-7b9dc4c146e1;2;1948797321;
TP_15042032603_20260310150750000000023140216;TP_15042032603;719863;cc21058bde2faaa068d3e11e029d47c9102b87630fde3edd86341aca06de93bb;2,03E+28;1;1;2,03E+28;LL;LL;;Leerlager;2026-03-10 14:34:00;2026-03-10 14:41:00;2026-03-10 15:07:00;2026-03-10 15:15:00;398.0;1573.0;;450.0;2421.0;10.03.2026 16:05;LL;256b2758-1c8a-11f1-bf91-b3147eaeaae8;1;;
TP_15042672603_TPS_18349852603;TP_15042672603;880204;c55b01607c078b2b87faf9d363dc519c0f113b8a8ca9d8b7f901f1cebcaeeb27;2,03E+28;1;1;TPS_18349852603;T14.03.01;T14;3.0;RMG;2026-03-10 11:36:00;2026-03-10 12:44:00;2026-03-10 13:05:00;2026-03-10 13:11:00;4047.0;1252.0;;375.0;5674.0;10.03.2026 14:05;T14;1199f056-1c6d-11f1-ae43-d775f237ffba;1;;
TP_15043472603_TPS_18360552603;TP_15043472603;268401;f3d5d5c579972a7c47c0f571e7c5b9f79abdb98c88e880c06567c1e31372e386;2,03E+28;1;1;TPS_18360552603;T13.03.01;T13;3.0;RMG;2026-03-10 14:01:00;2026-03-10 14:08:00;2026-03-10 14:23:00;2026-03-10 14:37:00;369.0;905.0;;873.0;2147.0;10.03.2026 15:35;T13;529f7fbc-1c81-11f1-a8e6-2f61983d41a3;1;;
TP_15043972603_TPS_18353272603;TP_15043972603;918610;a90de503a0c160101489c3dfd02a27bf9918d275d64f309c4e98a257b73b6a27;2,03E+28;1;1;TPS_18353272603;T18.02.01;T18;2.0;RMG;2026-03-10 11:49:00;2026-03-10 11:59:00;2026-03-10 12:26:00;2026-03-10 12:31:00;564.0;1649.0;;287.0;2500.0;10.03.2026 13:35;T18;e2810992-1c6e-11f1-afbf-332ef3d3032b;1;;
TP_15044772603_TPS_18352032603;TP_15044772603;447966;73e1727fd0847af21aa060b13655182123088e06d6b56e0c5580da50f80a40b4;2,03E+28;1;1;TPS_18352032603;T09.01.01;T09;1.0;RMG;2026-03-10 15:34:00;2026-03-10 15:40:00;2026-03-10 15:51:00;2026-03-10 15:55:00;326.0;681.0;;220.0;1227.0;10.03.2026 16:35;T09;513caa02-1c8e-11f1-b087-abeb0ffd3e02,514e3bbe-1c8e-11f1-b088-2f11387a55f5;2;;
TP_15044852603_TPS_18358172603;TP_15044852603;434207;48d9f373ff9b28f75919741f1f00293838b6b7befec81ea0df141ac73fcd5d59;2,03E+28;1;1;TPS_18358172603;T15.02.01;T15;2.0;RMG;2026-03-10 15:45:00;2026-03-10 15:48:00;2026-03-10 16:06:00;2026-03-10 16:10:00;176.0;1043.0;;243.0;1462.0;10.03.2026 17:06;T15;da85892c-1c8f-11f1-ac99-ebe4a714c8f0;1;;
TP_15045272603_TPS_18355582603;TP_15045272603;493770;be75ee45dd64a0f562301c6d03f5db16415deadc63701bab74787b6a299a0249;2,03E+28;1;1;TPS_18355582603;T24.03.01;T24;3.0;RMG;2026-03-10 13:12:00;2026-03-10 13:17:00;2026-03-10 13:35:00;2026-03-10 14:00:00;281.0;1047.0;;1548.0;2876.0;10.03.2026 15:06;T24;7ad98722-1c7a-11f1-93f1-d75dc07a5959;1;;
TP_15045692603_TPS_18351542603;TP_15045692603;811140;95f1ed5172a430b8b65694054f9b641b7e04c785f68e8ea7b8952745a7f1afc1;2,03E+28;1;1;TPS_18351542603;T24.02.01;T24;2.0;RMG;2026-03-10 14:10:00;2026-03-10 14:20:00;2026-03-10 14:26:00;2026-03-10 14:39:00;595.0;307.0;;795.0;1697.0;10.03.2026 15:35;T24;955beef2-1c82-11f1-a22e-0374e285b709;1;;
TP_15046272603_TPS_18362062603;TP_15046272603;959023;dc9fd73fe42e3fc09e27ab29a96c33bfc9fe64259a9f37598b1e129ba3ffdb14;2,03E+28;1;1;TPS_18362062603;T17.02.01;T17;2.0;RMG;2026-03-10 14:53:00;2026-03-10 14:57:00;2026-03-10 15:24:00;2026-03-10 15:32:00;226.0;1603.0;;490.0;2319.0;10.03.2026 16:35;T17;96b24a20-1c88-11f1-a372-1bec7afaceff;1;;
TP_15046702603_TPS_18322142603;TP_15046702603;723838;045d69a34887a841c777fdc336a7da1b06eca74f737ba3b7941d2103349f4c3b;2,03E+28;0;1;TPS_18322142603;HO2.27;HO2;27.0;VC;2026-03-10 13:05:00;2026-03-10 14:44:00;2026-03-10 14:51:00;2026-03-10 15:07:00;;406.0;;966.0;7329.0;10.03.2026 16:05;HO2, T21;4d804f7e-1c87-11f1-9882-036b91b4aa26;1;1948945304;
TP_15047562603_TPS_18364182603;TP_15047562603;344556;d6b01e1fd3a15e0a6d93f86a5751193fea5a5178134b95678873f59567f03b5f;2,03E+28;0;1;TPS_18364182603;HO2.34;HO2;34.0;VC;2026-03-10 16:11:00;2026-03-10 17:11:00;2026-03-10 17:13:00;2026-03-10 18:11:00;;117.0;;3512.0;7225.0;10.03.2026 19:08;HO2, T17;afba255c-1c9b-11f1-be6d-4f3e497266c2;1;1949562606;
TP_15048722603_TPS_18368212603;TP_15048722603;929357;b26205b5d2cbcd1fe8779d40e0a8f5831cc6d41f599e8435de6306362d5ef416;2,03E+28;1;1;TPS_18368212603;T27.02.01;T27;2.0;RMG;2026-03-10 21:16:00;2026-03-10 21:22:00;2026-03-10 21:24:00;2026-03-10 21:33:00;360.0;87.0;;568.0;1015.0;10.03.2026 22:35;T27;18624176-1cbe-11f1-bb15-e306de33104e;1;;
TP_15049442603_TPS_18364172603;TP_15049442603;973361;9aa5d48a1356168eed7ebb99a06184b33c5851b9226e0e10c60fe6674552e850;2,03E+28;0;1;TPS_18364172603;HO2.32;HO2;32.0;VC;2026-03-10 16:28:00;2026-03-10 16:46:00;2026-03-10 16:50:00;2026-03-10 17:05:00;;288.0;;857.0;2226.0;10.03.2026 18:05;HO2, T10;37b1ba6e-1c98-11f1-be56-df13195a6a3f;1;1949613023;
TP_15050702603_TPS_18363342603;TP_15050702603;742092;40cbee4ce599dd68a37060edc291feb6e96d1df248ee72298181d4bc3f6e8737;2,03E+28;0;1;TPS_18363342603;HO2.32;HO2;32.0;VC;2026-03-10 16:53:00;2026-03-10 17:32:00;2026-03-10 17:43:00;2026-03-10 18:09:00;;632.0;;1590.0;4569.0;10.03.2026 19:08;HO2, T20;4d6ab922-1c99-11f1-bdbe-170495a15e1d;1;1949662636;
TP_15050972603_20260310213510000000023151119;TP_15050972603;708487;3cd239b79735ac3400806e763d0527657d37f7cd54ff0442f0b19f1d837f1ce9;2,03E+28;1;1;2,03E+28;LL;LL;;Leerlager;2026-03-10 21:15:00;2026-03-10 21:27:00;2026-03-10 21:35:00;2026-03-10 21:37:00;701.0;450.0;;125.0;1276.0;10.03.2026 22:35;LL;99fd94f5-1cbf-11f1-bf91-b3147eaeaae8,986fc904-1cbf-11f1-bf91-b3147eaeaae8;2;;
TP_15051702603_TPS_18267102603;TP_15051702603;885540;d7782f467c498dba0457e74e9655fd6712f2b232dc4314f1bcc4d8318333068e;2,03E+28;0;1;TPS_18267102603;HO2.31;HO2;31.0;VC;2026-03-10 17:13:00;2026-03-10 19:37:00;2026-03-10 19:41:00;2026-03-10 19:56:00;;287.0;;903.0;9786.0;10.03.2026 20:35;HO2, T23;1904f8de-1cb0-11f1-bae1-677f0435f170;1;1949698824;
TP_15051872603_TPS_18365642603;TP_15051872603;339678;54a98250f76f6054225062c7fa59d53ac2b78c5a797c287fcfdbea70ecb9bb4e;2,03E+28;0;1;TPS_18365642603;T23.03.01;T23;3.0;RMG;2026-03-10 18:05:00;2026-03-10 18:36:00;2026-03-10 18:42:00;2026-03-10 19:01:00;;394.0;;1104.0;3321.0;10.03.2026 20:05;LL, T23;691d5d78-1ca3-11f1-ae28-57a8988a1044;1;;
TP_15051872603_20260310182407000000023145742;TP_15051872603;339678;54a98250f76f6054225062c7fa59d53ac2b78c5a797c287fcfdbea70ecb9bb4e;2,03E+28;1;0;2,03E+28;LL;LL;;Leerlager;2026-03-10 18:05:00;2026-03-10 18:14:00;2026-03-10 18:24:00;2026-03-10 19:01:00;531.0;558.0;734.0;;;10.03.2026 20:05;LL, T23;a718119a-1ca5-11f1-bf91-b3147eaeaae8;1;;
TP_15051932603_TPS_18365722603;TP_15051932603;946950;528aa9e59c8ac502bc8888456da7925a10e61b68727fedfdd1bfb632b1fc33f1;2,03E+28;0;1;TPS_18365722603;HO2.28;HO2;28.0;VC;2026-03-10 18:09:00;2026-03-10 18:24:00;2026-03-10 18:30:00;2026-03-10 18:52:00;;319.0;;1350.0;2599.0;10.03.2026 19:08;HO2, T27;dce812f2-1ca3-11f1-ae66-e3d7d32fee1c;1;1949842221;
TP_15052572603_TPS_18369432603;TP_15052572603;604517;356c773ed2084f388977ac0a1a00656cad0cf3ef097446d13315562ff6083755;2,03E+28;1;1;TPS_18369432603;T12.04.01;T12;4.0;RMG;2026-03-11 02:02:00;2026-03-11 02:06:00;2026-03-11 02:18:00;2026-03-11 02:21:00;181.0;770.0;;147.0;1098.0;11.03.2026 03:35;T12;0c3c2b78-1ce6-11f1-b609-df49ea25dfaf;1;;
TP_15052902603_TPS_18366522603;TP_15052902603;650373;a28f90686e7dac31b6ba98d5ae4a66c99a28953ca1013dc0b2979bcfa3ef4c23;2,03E+28;1;1;TPS_18366522603;T21.03.01;T21;3.0;RMG;2026-03-10 19:23:00;2026-03-10 19:30:00;2026-03-10 19:35:00;2026-03-10 19:43:00;416.0;284.0;;448.0;1148.0;10.03.2026 20:35;T21;4eb3cf34-1cae-11f1-b21a-c3d819cbadbf;1;;
TP_15053022603_TPS_18366802603;TP_15053022603;666922;c3a6c8a640ccf503ab9fca24626f6546cdad7986187c4f5db92013c6fc43e28b;2,03E+28;1;1;TPS_18366802603;T07.02.01;T07;2.0;RMG;2026-03-10 19:50:00;2026-03-10 19:53:00;2026-03-10 19:56:00;2026-03-10 20:03:00;189.0;216.0;;412.0;817.0;10.03.2026 21:09;T07;f1091b9c-1cb1-11f1-b844-2f686a951b36;1;;
TP_15054262603_TPS_18366622603;TP_15054262603;361228;4caeb1184ebc4050d92148713c673b52a99177004a8d32d44f82c535f61381a6;2,03E+28;0;1;TPS_18366622603;HO2.27;HO2;27.0;VC;2026-03-10 20:23:00;2026-03-10 20:51:00;2026-03-10 20:57:00;2026-03-10 21:07:00;;395.0;;585.0;2644.0;10.03.2026 22:05;HO2, T24;981d07c8-1cb6-11f1-b9dc-3b6bb5dc1a4d;1;1950075744;
TP_15054322603_TPS_18267112603;TP_15054322603;846400;b1d64891874883edd881100adaaf6d62eedcb5b5fb69db29ecee816fbfea1e53;2,03E+28;0;1;TPS_18267112603;HO2.33;HO2;33.0;VC;2026-03-10 20:32:00;2026-03-10 20:54:00;2026-03-10 20:59:00;2026-03-10 21:27:00;;331.0;;1677.0;3318.0;10.03.2026 22:05;HO2, T17;ea0374ce-1cba-11f1-bbca-2fc750d89776;1;1950092787;
TP_15054342603_TPS_18368012603;TP_15054342603;842647;263a6e759c4032ff0b2304d9b03c7b2630db3cb35c7b3d601822bc12bd00f937;2,03E+28;1;1;TPS_18368012603;T13.04.01;T13;4.0;RMG;2026-03-10 20:33:00;2026-03-10 20:42:00;2026-03-10 20:49:00;2026-03-10 20:56:00;499.0;440.0;;411.0;1350.0;10.03.2026 21:09;T13;16440aba-1cb8-11f1-ba32-1373cb4181e1,16562722-1cb8-11f1-ba33-ef171cf2de13;2;;
TP_15054362603_TPS_18368042603;TP_15054362603;215663;6b182a626f4382ba62c2573a266d44a133c4ec15d43c0b29bad3921173deea8d;2,03E+28;1;1;TPS_18368042603;T18.03.01;T18;3.0;RMG;2026-03-10 20:40:00;2026-03-10 20:46:00;2026-03-10 20:57:00;2026-03-10 21:06:00;370.0;638.0;;545.0;1553.0;10.03.2026 22:05;T18;04fb664e-1cb9-11f1-ba58-8f40a5f6ae00;1;;
TP_15054692603_TPS_18368492603;TP_15054692603;425354;37865111492e072c9f1e8a031d59c8ace7b86731452f5f9d627b79dcc3d07f5d;2,03E+28;1;1;TPS_18368492603;T27.02.01;T27;2.0;RMG;2026-03-11 00:23:00;2026-03-11 00:32:00;2026-03-11 00:34:00;2026-03-11 00:41:00;528.0;102.0;;403.0;1033.0;11.03.2026 01:35;T27;3819fdbe-1cd8-11f1-b6ff-e3fdf4fe8faa;1;;
TP_15055152603_20260311070326000000023162027;TP_15055152603;383390;b342da000bec2554294d0210f3c1b46f50b0734a68d68321e83ed76daa5b9cdf;2,03E+28;1;1;2,03E+28;LL;LL;;Leerlager;2026-03-11 06:50:00;2026-03-11 06:57:00;2026-03-11 07:03:00;2026-03-11 07:42:00;379.0;368.0;;2324.0;3071.0;11.03.2026 08:35;LL;511f8090-1d0f-11f1-bf91-b3147eaeaae8,4f46f0ff-1d0f-11f1-bf91-b3147eaeaae8;2;;
TP_15055202603_TPS_18374442603;TP_15055202603;434076;a85a4a793dcd8e35dd36aa15d27ce5b9b6c15461b3dc98f7555493388d1dd28c;2,03E+28;0;1;TPS_18374442603;HO2.21;HO2;21.0;VC;2026-03-11 06:52:00;2026-03-11 07:39:00;2026-03-11 07:53:00;2026-03-11 08:05:00;;812.0;;735.0;4369.0;11.03.2026 09:06;HO2, T11;8b866218-1d0e-11f1-9cf3-5f414f7f41e1;1;1951034268;
TP_15056792603_TPS_18368722603;TP_15056792603;691415;07b237726f4b6b6c81e232cb361c9b49e075ef79b43158439f21acef0e280ac0;2,03E+28;1;1;TPS_18368722603;T15.03.01;T15;3.0;RMG;2026-03-11 04:38:00;2026-03-11 04:45:00;2026-03-11 04:54:00;2026-03-11 04:59:00;370.0;535.0;;339.0;1244.0;11.03.2026 06:05;T15;d73afa56-1cfb-11f1-b014-6753f478f5b7;1;;
TP_15057932603_TPS_18360022603;TP_15057932603;619982;10ad1c7d41a7a2f51589654820ed9d382d671c99656380d1b3f229b08ed570b1;2,03E+28;1;1;TPS_18360022603;T06.03.01;T06;3.0;RMG;2026-03-11 05:22:00;2026-03-11 05:27:00;2026-03-11 05:30:00;2026-03-11 05:37:00;283.0;177.0;;431.0;891.0;11.03.2026 06:35;T06;f98ac162-1d01-11f1-b223-1339c9444ef9;1;;
TP_15058062603_TPS_18360182603;TP_15058062603;987365;915fcf8c401613fbebd654ee341ad5ba85789deec54b2dcd7a98af4520d5db72;2,03E+28;1;1;TPS_18360182603;T11.02.01;T11;2.0;RMG;2026-03-11 05:33:00;2026-03-11 05:40:00;2026-03-11 05:54:00;2026-03-11 05:57:00;373.0;879.0;;185.0;1437.0;11.03.2026 07:06;T11;8685ca0c-1d03-11f1-b2bc-4f130a2fd94f;1;;
TP_15058152603_TPS_18360282603;TP_15058152603;600745;570d847c54460dcb9f9eb21ef2c00d1181a22a394032fdd3769923d177aab92b;2,03E+28;1;1;TPS_18360282603;HO2.28;HO2;28.0;VC;2026-03-11 05:39:00;2026-03-11 05:46:00;2026-03-11 05:53:00;2026-03-11 05:58:00;374.0;466.0;;277.0;1117.0;11.03.2026 07:06;HO2;5cfcba96-1d04-11f1-b318-077a858c6220;1;;
TP_15058872603_TPS_18375062603;TP_15058872603;562776;a5743ec67aff8623e50b607f064a64b66c548862f3445266e5f0741daa256936;2,03E+28;1;1;TPS_18375062603;T13.02.01;T13;2.0;RMG;2026-03-11 07:21:00;2026-03-11 07:26:00;2026-03-11 07:31:00;2026-03-11 07:36:00;261.0;303.0;;295.0;859.0;11.03.2026 08:35;T13;9d0b963a-1d12-11f1-9eff-830603eca84d;1;;
TP_15059062603_TPS_18375852603;TP_15059062603;669626;fb180e9af14e844ed8ff5b81fcdc3a80f213d11e68db8d1df4dd84a39fbd4e46;2,03E+28;0;0;TPS_18375852603;HO2.34;HO2;34.0;VC;2026-03-11 08:09:00;2026-03-11 09:38:00;2026-03-11 09:46:00;2026-03-11 10:11:00;;454.0;1010.0;;;11.03.2026 11:06;HO2, T09, T16;2dc42290-1d19-11f1-a54c-d3dc2d046b8b;1;1951411277;
TP_15059252603_TPS_18372162603;TP_15059252603;771548;697c4b818fccb08d3683fe7c5ccf07409422db07c96449f89191b479cc487a68;2,03E+28;1;1;TPS_18372162603;T17.03.01;T17;3.0;RMG;2026-03-11 06:13:00;2026-03-11 06:18:00;2026-03-11 06:22:00;2026-03-11 06:44:00;268.0;251.0;;1301.0;1820.0;11.03.2026 07:35;T17;1c57b590-1d09-11f1-b354-33af126d64ef;1;;
TP_15059412603_TPS_18370072603;TP_15059412603;926628;b0cd4a41eeb53cfdd8b88df89171cb686c50d20f15d24471ebe00db809e09358;2,03E+28;1;1;TPS_18370072603;T23.02.01;T23;2.0;RMG;2026-03-11 06:38:00;2026-03-11 06:50:00;2026-03-11 06:53:00;2026-03-11 07:35:00;692.0;195.0;;2512.0;3399.0;11.03.2026 08:35;T23;9acfb262-1d0c-11f1-9b8d-e71dccd0018f;1;;
TP_15059862603_TPS_18372842603;TP_15059862603;282310;7368456176f9f2b56ab8d9cc15b67dd58b5b6db9ec814cab8c49ddc1f6af2165;2,03E+28;0;0;TPS_18372842603;HO2.22;HO2;22.0;VC;2026-03-11 07:42:00;2026-03-11 09:05:00;2026-03-11 09:09:00;2026-03-11 09:37:00;;260.0;319.0;;;11.03.2026 10:35;HO2, T16, T22;6c195758-1d15-11f1-8f8f-f33d465094e2;1;1951167082;
TP_15060632603_TPS_18375282603;TP_15060632603;489916;69bd365634f3fd92f9a80631d825913948641c4676b6148c8736880e74da7690;2,03E+28;1;1;TPS_18375282603;T22.01.01;T22;1.0;RMG;2026-03-11 07:34:00;2026-03-11 07:42:00;2026-03-11 07:56:00;2026-03-11 08:06:00;446.0;847.0;;627.0;1920.0;11.03.2026 09:06;T22;6d576e08-1d14-11f1-a060-73a00cb78f93,6d6be518-1d14-11f1-a061-afb891ec680e;2;;
TP_15060882603_TPS_18368972603;TP_15060882603;593140;323d7691e51b66a092e34407191a31e63386c9cd3cbad34bc63e4477205c8090;2,03E+28;1;1;TPS_18368972603;T11.03.01;T11;3.0;RMG;2026-03-11 08:14:00;2026-03-11 08:23:00;2026-03-11 08:38:00;2026-03-11 08:42:00;525.0;900.0;;204.0;1629.0;11.03.2026 09:35;T11;040cc474-1d1a-11f1-966f-1bbfdc922ff4;1;;
TP_15060932603_TPS_18369082603;TP_15060932603;600745;570d847c54460dcb9f9eb21ef2c00d1181a22a394032fdd3769923d177aab92b;2,03E+28;1;1;TPS_18369082603;HO2.28;HO2;28.0;VC;2026-03-11 08:21:00;2026-03-11 08:26:00;2026-03-11 08:49:00;2026-03-11 08:54:00;300.0;1368.0;;271.0;1939.0;11.03.2026 10:05;HO2;fe8290dc-1d1a-11f1-9825-03e12c4fcbc8;1;;
TP_15061062603_TPS_18373732603;TP_15061062603;527879;822fb99f61103d1347c43e2747d1fca4761332955cd7016b7afa03311989296d;2,03E+28;1;1;TPS_18373732603;T14.04.01;T14;4.0;RMG;2026-03-11 08:32:00;2026-03-11 08:39:00;2026-03-11 08:51:00;2026-03-11 08:59:00;362.0;759.0;;474.0;1595.0;11.03.2026 10:05;T14;88404c46-1d1c-11f1-9068-931d1170f40e;1;;
TP_15061192603_TPS_18378352603;TP_15061192603;592783;719da703cd5c5a3786befb120cb8859622447254ae0572308f795eb2790551e9;2,03E+28;1;1;TPS_18378352603;T27.03.01;T27;3.0;RMG;2026-03-11 08:44:00;2026-03-11 08:50:00;2026-03-11 09:01:00;2026-03-11 09:07:00;328.0;661.0;;366.0;1355.0;11.03.2026 10:05;T27;34a3e122-1d1e-11f1-9cb2-83b002f2fddb,34b62cce-1d1e-11f1-9cb3-1b313a72ba0c;2;;
TP_15062252603_TPS_18381402603;TP_15062252603;399694;c007d013c3b7ba30d552ca5df29476136644c112d3ead41f515b15204808c25a;2,03E+28;1;1;TPS_18381402603;T23.01.01;T23;1.0;RMG;2026-03-11 10:52:00;2026-03-11 11:00:00;2026-03-11 11:11:00;2026-03-11 11:23:00;447.0;645.0;;732.0;1824.0;11.03.2026 12:35;T23;167697e6-1d30-11f1-afbb-876fb1a183cb;1;;
TP_15062512603_TPS_18382412603;TP_15062512603;977776;214c92c322b9a750490c4a4408e84c93196db8cb9610443efc7e234ee7d8e735;2,03E+28;1;1;TPS_18382412603;T11.01.01;T11;1.0;RMG;2026-03-11 12:33:00;2026-03-11 12:37:00;2026-03-11 12:56:00;2026-03-11 13:02:00;209.0;1114.0;;403.0;1726.0;11.03.2026 14:05;T11;32053c5c-1d3e-11f1-90f4-bf76289e734f;1;;
TP_15063462603_TPS_18377932603;TP_15063462603;642885;60db292b76462bc59f7cfc3b90b50a242305f9b7af3bdf65e934b1ae0094ed8d;2,03E+28;1;1;TPS_18377932603;T24.03.01;T24;3.0;RMG;2026-03-11 10:07:00;2026-03-11 10:16:00;2026-03-11 10:38:00;2026-03-11 10:49:00;528.0;1278.0;;709.0;2515.0;11.03.2026 11:35;T24;cd7f0862-1d29-11f1-a7e0-93e0ee9e7866,cd913aa0-1d29-11f1-a7e1-e3fbf1f94743;2;;
TP_15063552603_TPS_18379952603;TP_15063552603;360575;6ba85805968edcd971541cf87c6cda04f119c683e3c5c88783d1accd717a11a8;2,03E+28;0;1;TPS_18379952603;T11.02.01;T11;2.0;RMG;2026-03-11 10:22:00;2026-03-11 10:47:00;2026-03-11 10:53:00;2026-03-11 11:01:00;;365.0;;475.0;2284.0;11.03.2026 12:05;T11, T18;e597e91c-1d2b-11f1-b05f-2fc8626e9ce5;1;;
TP_15063552603_TPS_18379942603;TP_15063552603;360575;6ba85805968edcd971541cf87c6cda04f119c683e3c5c88783d1accd717a11a8;2,03E+28;1;0;TPS_18379942603;T18.03.01;T18;3.0;RMG;2026-03-11 10:22:00;2026-03-11 10:30:00;2026-03-11 10:39:00;2026-03-11 11:01:00;460.0;506.0;478.0;;;11.03.2026 12:05;T11, T18;e58624e8-1d2b-11f1-b05e-1f2c9787acb4;1;;
TP_15063572603_TPS_18383402603;TP_15063572603;990978;3b95722adf638471106658c6a819d7b8cef2cb16de68ca9e771ccbacac23ac7f;2,03E+28;0;1;TPS_18383402603;HO2.25;HO2;25.0;VC;2026-03-11 10:23:00;2026-03-11 11:45:00;2026-03-11 12:05:00;2026-03-11 12:12:00;;1221.0;;404.0;6531.0;11.03.2026 13:06;HO2, T20, T27;5bf7f678-1d37-11f1-8c08-fbf61eafa7c5;1;1951946083;
TP_15064042603_TPS_18387182603;TP_15064042603;258255;6b965000d40c5e14d7489ab5dce527e4aa4bc153fc92da416909584f583890e8;2,03E+28;1;1;TPS_18387182603;HO2.33;HO2;33.0;VC;2026-03-11 12:36:00;2026-03-11 12:51:00;2026-03-11 12:59:00;2026-03-11 13:05:00;846.0;487.0;;397.0;1730.0;11.03.2026 14:05;HO2;9de3bb06-1d3e-11f1-8382-cbbf9205a78f;1;;
TP_15064092603_TPS_18387242603;TP_15064092603;964985;b53411f719e1f496dc94199edfc7ee8363b3ab96220d2d98ce272c18bb869b87;2,03E+28;1;1;TPS_18387242603;HO2.25;HO2;25.0;VC;2026-03-11 12:37:00;2026-03-11 12:46:00;2026-03-11 12:48:00;2026-03-11 12:55:00;500.0;114.0;;417.0;1031.0;11.03.2026 14:05;HO2;c204f9c8-1d3e-11f1-83ae-eb9996b9e173;1;;
TP_15065042603_TPS_18380382603;TP_15065042603;999894;97d29b25894524d7ccbc4281a2ce357bb8b4573876f50e4c8970993c0d592ea3;2,03E+28;1;1;TPS_18380382603;HO2.31;HO2;31.0;VC;2026-03-11 11:25:00;2026-03-11 11:33:00;2026-03-11 11:54:00;2026-03-11 12:00:00;439.0;1301.0;;342.0;2082.0;11.03.2026 13:06;HO2;b2c017d6-1d34-11f1-b613-d320830d3e79;1;;
TP_15065672603_TPS_18381252603;TP_15065672603;485069;9352daed337202f9e5677aec51eaeec17ab36e9c14af02f573f9afd7eb2f8079;2,03E+28;1;1;TPS_18381252603;HO2.26;HO2;26.0;VC;2026-03-11 10:46:00;2026-03-11 11:07:00;2026-03-11 11:24:00;2026-03-11 11:40:00;1205.0;1044.0;;972.0;3221.0;11.03.2026 12:35;HO2;4048c6a8-1d2f-11f1-af75-633a35fc8f1e,4059a50e-1d2f-11f1-af76-eb75b038a561;2;;
TP_15066152603_TPS_18383412603;TP_15066152603;987056;67f2ee45743b0f0ede4257e9a3c71c549639f8a83910409985ecadb2627205c0;2,03E+28;0;1;TPS_18383412603;HO2.28;HO2;28.0;VC;2026-03-11 12:06:00;2026-03-11 13:30:00;2026-03-11 13:34:00;2026-03-11 13:58:00;;192.0;;1478.0;6745.0;11.03.2026 15:06;HO2, T26;22a6c4d0-1d46-11f1-8c5b-277b533bc1f4;1;1952268217;
TP_15066482603_TPS_18387542603;TP_15066482603;253509;b065d349822f155f6cc4e09639c417c723b14c0f05f33d94fde24b5d747ba57b;2,03E+28;1;1;TPS_18387542603;HO2.27;HO2;27.0;VC;2026-03-11 12:43:00;2026-03-11 12:51:00;2026-03-11 12:58:00;2026-03-11 13:04:00;471.0;428.0;;302.0;1201.0;11.03.2026 14:05;HO2;991e734e-1d3f-11f1-84a5-dfb1834c8a5e;1;;
TP_15066692603_TPS_18388402603;TP_15066692603;388228;2c2fed524ff768e681d9fd36ad95aa5b9965c9a3bcb7243cfeefebac23687b74;2,03E+28;1;1;TPS_18388402603;T09.01.01;T09;1.0;RMG;2026-03-11 13:55:00;2026-03-11 14:09:00;2026-03-11 14:19:00;2026-03-11 14:24:00;803.0;620.0;;316.0;1739.0;11.03.2026 15:35;T09;a6ea3f9e-1d49-11f1-9182-2f690ca04f27;1;;
TP_15066782603_TPS_18390112603;TP_15066782603;235346;4d744f06a8b8075714aa7165581d63d06b14d413cbd35ef881eda0d476d29ece;2,03E+28;0;0;TPS_18390112603;HO2.22;HO2;22.0;VC;2026-03-11 14:10:00;2026-03-11 14:38:00;2026-03-11 14:42:00;2026-03-11 15:14:00;;259.0;583.0;;;11.03.2026 16:05;HO2, T16, T26;b499ab64-1d4b-11f1-9284-9378032e25c2;1;1952690248;
TP_15067902603_TPS_18392542603;TP_15067902603;707632;9bb7d0fcbac81b65ad034e91905b78b8e44a3ab881e0701a12a81959c3eb5c2c;2,03E+28;1;1;TPS_18392542603;T26.01.01;T26;1.0;RMG;2026-03-11 14:58:00;2026-03-11 15:05:00;2026-03-11 15:12:00;2026-03-11 15:31:00;366.0;465.0;;1141.0;1972.0;11.03.2026 16:35;T26;743cf5a6-1d52-11f1-9907-5f2b66dd1ec1;1;;
TP_15068072603_TPS_18392872603;TP_15068072603;732135;89b2c5d892d8bf5b9900bd6c2ba316a5477e9e36a5a59a70b84f613eba1e05e4;2,03E+28;1;1;TPS_18392872603;T16.04.01;T16;4.0;RMG;2026-03-11 15:11:00;2026-03-11 15:18:00;2026-03-11 15:36:00;2026-03-11 15:42:00;378.0;1112.0;;363.0;1853.0;11.03.2026 16:35;T16;4556140a-1d54-11f1-997d-e7a2d2359936,4566af36-1d54-11f1-997e-eb5ffb9a86f6;2;;
TP_15068232603_TPS_18386882603;TP_15068232603;608252;5e80e10829e64923b3953f0f475bedb943adfb49b79b1806f966299e8caaa14f;2,03E+28;0;1;TPS_18386882603;HO2.31;HO2;31.0;VC;2026-03-11 12:08:00;2026-03-11 12:28:00;2026-03-11 12:31:00;2026-03-11 12:40:00;;197.0;;504.0;1892.0;11.03.2026 13:35;HO2, T16;a6d2774c-1d3a-11f1-baef-339326a26afc;1;1952319300;
TP_15068952603_TPS_18384712603;TP_15068952603;875690;5130a05fa969b9193d285e7fa716778c170d4d46ba117ccce0fa6865f14f57f5;2,03E+28;0;1;TPS_18384712603;HO2.28;HO2;28.0;VC;2026-03-11 14:42:00;2026-03-11 17:53:00;2026-03-11 17:57:00;2026-03-11 18:30:00;;243.0;;1972.0;13635.0;11.03.2026 19:08;HO2, T18;c22c7288-1d6a-11f1-8772-17ba9ccf7c61;1;1952851786;
TP_15069452603_TPS_18383422603;TP_15069452603;628818;8b6149b6e4b8e9ea361fe0401aa18e58c5022e73aa6c0f77bd874279053eea03;2,03E+28;0;1;TPS_18383422603;HO2.27;HO2;27.0;VC;2026-03-11 12:57:00;2026-03-11 13:42:00;2026-03-11 13:44:00;2026-03-11 13:53:00;;134.0;;532.0;3387.0;11.03.2026 15:06;HO2, T21;c32f39fe-1d47-11f1-8c74-1745ffcd49d2;1;1952486213;
TP_15069782603_TPS_18376702603;TP_15069782603;866354;f8c6cc70273729f79b09083dd2e6e40de1eb9a5b9beaeaec80c242104e2b3241;2,03E+28;1;1;TPS_18376702603;T14.03.01;T14;3.0;RMG;2026-03-11 13:37:00;2026-03-11 13:44:00;2026-03-11 14:01:00;2026-03-11 14:08:00;404.0;988.0;;422.0;1814.0;11.03.2026 15:06;T14;2399a8b6-1d47-11f1-a498-7be7d4fd87cd;1;;
TP_15069952603_TPS_18384662603;TP_15069952603;766713;81067e3fccb4b81240818eac5c4707a8aee0e6b376305747261631079ce0ba1a;2,03E+28;0;1;TPS_18384662603;HO2.26;HO2;26.0;VC;2026-03-11 13:40:00;2026-03-11 13:59:00;2026-03-11 14:01:00;2026-03-11 14:21:00;;140.0;;1194.0;2461.0;11.03.2026 15:06;HO2, T10;1a8110e0-1d4a-11f1-84cc-470bf362ef91;1;1952596745;
TP_15071762603_TPS_18389262603;TP_15071762603;616337;28d1e1a9a23e80c0a18ce30da499c2bfbb5ea8bcf8afea2bfd407690fc641042;2,03E+28;0;1;TPS_18389262603;HO2.22;HO2;22.0;VC;2026-03-11 16:32:00;2026-03-11 16:55:00;2026-03-11 17:01:00;2026-03-11 17:08:00;;374.0;;431.0;2130.0;11.03.2026 18:05;HO2, T14;952e7bc4-1d5f-11f1-b0db-0ff1118b829f;1;1953261493;
TP_15072212603_TPS_18374362603;TP_15072212603;721551;838597155905d9a749d716357f9e1cf31ce5a9d0477baf820f5ef82cbe34588b;2,03E+28;1;1;TPS_18374362603;T21.03.01;T21;3.0;RMG;2026-03-11 15:51:00;2026-03-11 16:05:00;2026-03-11 16:14:00;2026-03-11 16:18:00;793.0;555.0;;231.0;1579.0;11.03.2026 17:06;T21;dc4b1392-1d59-11f1-b620-77074fcfab6d;1;;
TP_15072722603_TPS_18393922603;TP_15072722603;840622;2480f5d9a23fbcfb642487f54f2cd6f58a41091333166a0c4916c76e2b4dc5d2;2,03E+28;1;1;TPS_18393922603;T07.01.01;T07;1.0;RMG;2026-03-11 19:03:00;2026-03-11 19:17:00;2026-03-11 19:21:00;2026-03-11 19:39:00;810.0;242.0;;1062.0;2114.0;11.03.2026 20:35;T07;ae15d8ca-1d74-11f1-ad4d-03537a4584ea;1;;
TP_15072882603_TPS_18382942603;TP_15072882603;719026;ecf488f645555c1d9608df6ba4196f13e0571410dfd9509f25d02820d2f0a61e;2,03E+28;1;1;TPS_18382942603;T20.02.01;T20;2.0;RMG;2026-03-11 19:49:00;2026-03-11 20:00:00;2026-03-11 20:08:00;2026-03-11 20:23:00;655.0;498.0;;885.0;2038.0;11.03.2026 21:09;T20;0bc49712-1d7b-11f1-aaf5-0393855c68d0;1;;
TP_15075062603_TPS_18396742603;TP_15075062603;551474;89831b2e71820abbf49aaacfec1b7d7f7bd94831cfda5c00509af2c91ef79ed7;2,03E+28;1;1;TPS_18396742603;T23.03.01;T23;3.0;RMG;2026-03-11 17:27:00;2026-03-11 17:35:00;2026-03-11 17:43:00;2026-03-11 17:50:00;469.0;476.0;;396.0;1341.0;11.03.2026 18:35;T23;44c821aa-1d67-11f1-b698-e38223a403ac,44da8fc0-1d67-11f1-b699-3fb351ffb010;2;;
TP_15075242603_TPS_18383492603;TP_15075242603;271286;b714013edd22b5f6357f3c8b09de0b1cbfb8f392d05dcc5212ec0ddd249898b4;2,03E+28;0;1;TPS_18383492603;HO2.27;HO2;27.0;VC;2026-03-11 19:36:00;2026-03-11 20:07:00;2026-03-11 20:11:00;2026-03-11 20:24:00;;255.0;;760.0;2879.0;11.03.2026 21:09;HO2, T27;46705868-1d7d-11f1-8ef1-834a64b98de2;1;1953612159;
TP_15075272603_TPS_18382862603;TP_15075272603;805781;5c17d8125c202d8ae2438ed35cae15dc44b21ceb3d941aa479acf5981f60e81a;2,03E+28;0;1;TPS_18382862603;T07.03.01;T07;3.0;RMG;2026-03-11 19:38:00;2026-03-11 19:57:00;2026-03-11 20:01:00;2026-03-11 20:18:00;;242.0;;1065.0;2398.0;11.03.2026 21:09;T07, T20;91b92f10-1d79-11f1-a8f1-6b03b2e2bba1;1;;
TP_15075272603_TPS_18382852603;TP_15075272603;805781;5c17d8125c202d8ae2438ed35cae15dc44b21ceb3d941aa479acf5981f60e81a;2,03E+28;1;0;TPS_18382852603;T20.03.01;T20;3.0;RMG;2026-03-11 19:38:00;2026-03-11 19:46:00;2026-03-11 19:52:00;2026-03-11 20:18:00;425.0;398.0;268.0;;;11.03.2026 21:09;T07, T20;91a903a6-1d79-11f1-a8f0-6784746f92dd;1;;
TP_15075322603_TPS_18383502603;TP_15075322603;741215;b1154bdaf49bc81ab4990a1d28b931e153ae4ce9700b1f555f6aebc4c9d1bdd9;2,03E+28;0;1;TPS_18383502603;HO2.27;HO2;27.0;VC;2026-03-11 20:07:00;2026-03-11 20:31:00;2026-03-11 20:34:00;2026-03-11 21:01:00;;167.0;;1631.0;3244.0;11.03.2026 22:05;HO2, T21;712ca11c-1d80-11f1-8f03-6b6466a03f9f;1;1953645052;
TP_15075482603_TPS_18395822603;TP_15075482603;713777;8443766407da683803f6f366b6b702cbcc7a03280e6e971c2f69ed23c0feded4;2,03E+28;1;1;TPS_18395822603;T06.02.01;T06;2.0;RMG;2026-03-11 21:39:00;2026-03-11 21:49:00;2026-03-11 21:52:00;2026-03-11 21:57:00;564.0;182.0;;294.0;1040.0;11.03.2026 23:06;T06;c5d44652-1d8a-11f1-a5d5-372481442ee5;1;;
TP_15075692603_TPS_18383522603;TP_15075692603;515467;1635fbff93efd9f576418e771e6e905c20f20b298a04d8ab6e6ca2c7536c89e3;2,03E+28;0;1;TPS_18383522603;HO2.26;HO2;26.0;VC;2026-03-12 00:01:00;2026-03-12 00:36:00;2026-03-12 00:47:00;2026-03-12 00:56:00;;705.0;;494.0;3292.0;12.03.2026 02:05;HO2, T16;421f0aca-1da0-11f1-90a5-47ede4733f88;1;1953855011;
TP_15076592603_TPS_18398972603;TP_15076592603;741215;b1154bdaf49bc81ab4990a1d28b931e153ae4ce9700b1f555f6aebc4c9d1bdd9;2,03E+28;1;1;TPS_18398972603;T14.03.01;T14;3.0;RMG;2026-03-11 22:32:00;2026-03-11 22:38:00;2026-03-11 22:44:00;2026-03-11 22:51:00;304.0;414.0;;383.0;1101.0;11.03.2026 23:35;T14;e024685a-1d91-11f1-939f-0356231c6eaa;1;;
TP_15077382603_TPS_18395062603;TP_15077382603;256663;fadce1facfe8e1769f311ec942a6dca7f92e6b5f00269097aa30f3f4b43e5c37;2,03E+28;1;1;TPS_18395062603;T10.01.01;T10;1.0;RMG;2026-03-11 17:51:00;2026-03-11 17:55:00;2026-03-11 18:00:00;2026-03-11 18:05:00;213.0;303.0;;320.0;836.0;11.03.2026 19:08;T10;9f51dfbe-1d6a-11f1-af46-5b4ac655c4f0;1;;
TP_15078422603_TPS_18395642603;TP_15078422603;604517;356c773ed2084f388977ac0a1a00656cad0cf3ef097446d13315562ff6083755;2,03E+28;1;1;TPS_18395642603;T10.03.01;T10;3.0;RMG;2026-03-11 20:52:00;2026-03-11 20:56:00;2026-03-11 21:05:00;2026-03-11 21:10:00;193.0;569.0;;295.0;1057.0;11.03.2026 22:05;T10;fae63f96-1d83-11f1-97aa-1340550e8a70;1;;
TP_15079812603_TPS_18401402603;TP_15079812603;604517;356c773ed2084f388977ac0a1a00656cad0cf3ef097446d13315562ff6083755;2,03E+28;1;1;TPS_18401402603;T21.03.01;T21;3.0;RMG;2026-03-12 02:48:00;2026-03-12 02:53:00;2026-03-12 02:55:00;2026-03-12 02:58:00;249.0;140.0;;206.0;595.0;12.03.2026 04:05;T21;a3a12804-1db5-11f1-bbee-73af88134b59;1;;
TP_15079862603_TPS_18400472603;TP_15079862603;771486;3b9a0853ce9dfcaea3e0aa89aead26055aef70e7b695aa5ff60a81bc7935d159;2,03E+28;1;1;TPS_18400472603;HO2.26;HO2;26.0;VC;2026-03-12 03:45:00;2026-03-12 03:55:00;2026-03-12 04:14:00;2026-03-12 04:22:00;560.0;1170.0;;489.0;2219.0;12.03.2026 05:06;HO2;9a306a2a-1dbd-11f1-ba8e-eb90b5b2ff34,9a42781e-1dbd-11f1-ba8f-63e740747852;2;;
TP_15081242603_TPS_18406552603;TP_15081242603;992196;129c39636267074420b5ba3c1006a710054a65b1d9ebbe37e70e9705a2f2afbf;2,03E+28;1;1;TPS_18406552603;T23.02.01;T23;2.0;RMG;2026-03-12 05:48:00;2026-03-12 05:55:00;2026-03-12 06:13:00;2026-03-12 06:19:00;370.0;1106.0;;377.0;1853.0;12.03.2026 07:06;T23;c92b9438-1dce-11f1-84ee-f7ec27bbb6a4;1;;
TP_15081272603_TPS_18405082603;TP_15081272603;442163;5caa70e012219faa5d563977f26ac0e1c834e60a029411093ee582bb23a2f4f6;2,03E+28;1;1;TPS_18405082603;T20.01.01;T20;1.0;RMG;2026-03-12 07:19:00;2026-03-12 07:29:00;2026-03-12 07:38:00;2026-03-12 07:42:00;582.0;542.0;;237.0;1361.0;12.03.2026 08:35;T20;7fb7d7dc-1ddb-11f1-a4a0-3726b62ab430;1;;
TP_15081802603_TPS_18408362603;TP_15081802603;806094;cc4de9f296947b7531b9f088ac96e43dcbc62b89ff8205589440a2e5c730cc4a;2,03E+28;1;1;TPS_18408362603;T20.04.01;T20;4.0;RMG;2026-03-12 09:56:00;2026-03-12 10:01:00;2026-03-12 10:17:00;2026-03-12 10:22:00;257.0;998.0;;301.0;1556.0;12.03.2026 11:06;T20;6e423b44-1df1-11f1-9c08-0f2d04e68e51;1;;
TP_15082292603_TPS_18402582603;TP_15082292603;300932;7acf3eb9a2090eec25efacb36fda38ce8aa6a9ede1a087a4de9aea505b94d28a;2,03E+28;0;1;TPS_18402582603;HO2.28;HO2;28.0;VC;2026-03-12 04:32:00;2026-03-12 04:58:00;2026-03-12 05:12:00;2026-03-12 05:22:00;;842.0;;585.0;2973.0;12.03.2026 06:05;HO2, T16;bc2d54e4-1dc7-11f1-88ff-e30f84bed1a8;1;1954177929;
TP_15083582603_TPS_18401802603;TP_15083582603;484636;6c0e6812103464c57fdbeb38392fd499aa243006230c7da8311f4657cc496e19;2,03E+28;1;1;TPS_18401802603;T10.02.01;T10;2.0;RMG;2026-03-12 06:02:00;2026-03-12 06:09:00;2026-03-12 06:17:00;2026-03-12 06:24:00;406.0;482.0;;392.0;1280.0;12.03.2026 07:06;T10;cb356e3c-1dd0-11f1-b916-8fe517735484;1;;
TP_15083832603_TPS_18402612603;TP_15083832603;446857;c6031b6a6260f9998374036ad664910e2c4b0db52848fe33d75a31cc499736a9;2,03E+28;0;1;TPS_18402612603;HO2.25;HO2;25.0;VC;2026-03-12 07:14:00;2026-03-12 07:30:00;2026-03-12 07:31:00;2026-03-12 07:37:00;;117.0;;328.0;1365.0;12.03.2026 08:35;HO2, T17;e0b4fe7e-1ddc-11f1-89a7-df5afd48237a;1;1954534472;
TP_15084162603_TPS_18410742603;TP_15084162603;826499;7745b19432165961342674b39bab2246368584e52fe3ac6cf63d46b70929222a;2,03E+28;1;1;TPS_18410742603;HO2.33;HO2;33.0;VC;2026-03-12 08:58:00;2026-03-12 09:07:00;2026-03-12 09:11:00;2026-03-12 09:17:00;505.0;244.0;;339.0;1088.0;12.03.2026 10:05;HO2;543b2c68-1de9-11f1-8c57-47c8ab299508;1;;
TP_15084692603_TPS_18411592603;TP_15084692603;251912;af6184c0b14ae9112cab7251f63db2647a39f406800a96fb217ddbf6317ab242;2,03E+28;0;1;TPS_18411592603;HO2.22;HO2;22.0;VC;2026-03-12 10:16:00;2026-03-12 12:14:00;2026-03-12 12:22:00;2026-03-12 12:31:00;;452.0;;549.0;8107.0;12.03.2026 13:35;HO2, T18;;0;1955378424;
TP_15085022603_TPS_18405332603;TP_15085022603;904948;a835d6886e7426f49d434d07119947ada552585ed1f57a921d772b2a34097745;2,03E+28;1;1;TPS_18405332603;T09.03.01;T09;3.0;RMG;2026-03-12 05:38:00;2026-03-12 05:42:00;2026-03-12 05:49:00;2026-03-12 05:54:00;226.0;430.0;;285.0;941.0;12.03.2026 06:35;T09;63268afe-1dcd-11f1-bfae-97ff45471321;1;;
TP_15085412603_TPS_18407222603;TP_15085412603;619982;10ad1c7d41a7a2f51589654820ed9d382d671c99656380d1b3f229b08ed570b1;2,03E+28;0;0;TPS_18407222603;HO2.32;HO2;32.0;VC;2026-03-12 08:08:00;2026-03-12 09:00:00;2026-03-12 09:04:00;2026-03-12 09:23:00;;220.0;321.0;;;12.03.2026 10:05;HO2, T06, T16;38fa63b2-1de2-11f1-9620-3b568a529efe;1;1954741409;
TP_15085582603_TPS_18408242603;TP_15085582603;777203;a5d24e012179ad179fac4986559f1cdf1570789af84b86b343476200b1277615;2,03E+28;1;1;TPS_18408242603;T06.03.01;T06;3.0;RMG;2026-03-12 09:54:00;2026-03-12 10:00:00;2026-03-12 10:12:00;2026-03-12 10:19:00;328.0;749.0;;414.0;1491.0;12.03.2026 11:06;T06;269b118a-1df1-11f1-9bde-abe446007634;1;;
TP_15085912603_TPS_18402632603;TP_15085912603;640309;59dc607b341a7c8751f5735125eeacb10081f39d5ee3bd4255f077ddb84c1608;2,03E+28;0;1;TPS_18402632603;HO2.34;HO2;34.0;VC;2026-03-12 10:56:00;2026-03-12 11:16:00;2026-03-12 11:19:00;2026-03-12 11:26:00;;172.0;;402.0;1800.0;12.03.2026 12:05;HO2, T18;905b27ee-1dfc-11f1-8abe-3bff8c1b666e;1;1955513091;
TP_15086102603_TPS_18404182603;TP_15086102603;440001;87626cff32f351f4f566a8f953dc55878ad8579155cf6c060e2c6a453d41743f;2,03E+28;0;1;TPS_18404182603;HO2.25;HO2;25.0;VC;2026-03-12 06:31:00;2026-03-12 06:49:00;2026-03-12 07:07:00;2026-03-12 07:13:00;;1054.0;;398.0;2517.0;12.03.2026 08:05;HO2, LL;cb35c572-1dd4-11f1-a1e6-0312bae4671c;1;;
TP_15086102603_20260312064436000000023195136;TP_15086102603;440001;87626cff32f351f4f566a8f953dc55878ad8579155cf6c060e2c6a453d41743f;2,03E+28;1;0;2,03E+28;LL;LL;;Leerlager;2026-03-12 06:31:00;2026-03-12 06:36:00;2026-03-12 06:44:00;2026-03-12 07:13:00;284.0;473.0;308.0;;;12.03.2026 08:05;HO2, LL;91829612-1dd5-11f1-bf91-b3147eaeaae8,869e8011-1dd5-11f1-bf91-b3147eaeaae8;2;;
TP_15086232603_20260312070308000000023195157;TP_15086232603;262306;f5cc434fc67b6372365b1338c292d40de3eee248fd92ef9847820ec4c2148204;2,03E+28;1;1;2,03E+28;LL;LL;;Leerlager;2026-03-12 06:35:00;2026-03-12 06:41:00;2026-03-12 07:03:00;2026-03-12 07:07:00;339.0;1290.0;;252.0;1881.0;12.03.2026 08:05;LL;e35ddeaa-1dd7-11f1-bf91-b3147eaeaae8,e13ea829-1dd7-11f1-bf91-b3147eaeaae8;2;;
TP_15090012603_20260312085401000000023200693;TP_15090012603;262306;f5cc434fc67b6372365b1338c292d40de3eee248fd92ef9847820ec4c2148204;2,03E+28;1;1;2,03E+28;LL;LL;;Leerlager;2026-03-12 08:39:00;2026-03-12 08:45:00;2026-03-12 08:54:00;2026-03-12 08:58:00;302.0;540.0;;269.0;1111.0;12.03.2026 10:05;LL;6d8af52d-1de7-11f1-bf91-b3147eaeaae8,6bd26fb9-1de7-11f1-bf91-b3147eaeaae8;2;;
TP_15091032603_TPS_18413822603;TP_15091032603;463031;0b1b070b85fce5ca91b1e670c292b2f5d1494a6382f98a881d20eaedd42c0275;2,03E+28;0;1;TPS_18413822603;T11.02.01;T11;2.0;RMG;2026-03-12 14:29:00;2026-03-12 14:44:00;2026-03-12 14:55:00;2026-03-12 15:35:00;;643.0;;2416.0;3929.0;12.03.2026 16:35;T11, T15;9264d2f4-1e17-11f1-b9f0-6b04b9810ccb;1;;
TP_15091032603_TPS_18413812603;TP_15091032603;463031;0b1b070b85fce5ca91b1e670c292b2f5d1494a6382f98a881d20eaedd42c0275;2,03E+28;1;0;TPS_18413812603;T15.03.01;T15;3.0;RMG;2026-03-12 14:29:00;2026-03-12 14:35:00;2026-03-12 14:40:00;2026-03-12 15:35:00;342.0;307.0;221.0;;;12.03.2026 16:35;T11, T15;924c7204-1e17-11f1-b9ef-1332def9d50d;1;;
TP_15091062603_TPS_18413852603;TP_15091062603;742890;7e381d6eaff79b055c0dfcd5118cd2a8bb3db5bbfd7c18c7fc944b0aa6894b17;2,03E+28;1;1;TPS_18413852603;T10.03.01;T10;3.0;RMG;2026-03-12 14:31:00;2026-03-12 14:50:00;2026-03-12 14:58:00;2026-03-12 15:34:00;1132.0;457.0;;2178.0;3767.0;12.03.2026 16:35;T10;d9081806-1e17-11f1-ba21-73cd73c84b88;1;;
TP_15091162603_TPS_18413962603;TP_15091162603;341871;285d1424cb3b4878165973aa69796d40f447fc5b17f19291f2bf0a754c448d63;2,03E+28;1;1;TPS_18413962603;T09.03.01;T09;3.0;RMG;2026-03-12 14:33:00;2026-03-12 14:44:00;2026-03-12 14:46:00;2026-03-12 15:01:00;635.0;107.0;;935.0;1677.0;12.03.2026 16:05;T09;20b45c46-1e18-11f1-ba5d-7f87d5666fcc;1;;
TP_15091382603_TPS_18411582603;TP_15091382603;852395;035a79b2adfa2cde469f040402fcd990c19eb185a247246ffb05360113cb921b;2,03E+28;0;1;TPS_18411582603;HO2.27;HO2;27.0;VC;2026-03-12 11:12:00;2026-03-12 12:12:00;2026-03-12 12:16:00;2026-03-12 12:27:00;;239.0;;635.0;4457.0;12.03.2026 13:06;HO2, T08;5a836cfa-1e04-11f1-a807-0baed9bd8d12;1;1955554699;
TP_15091512603_TPS_18402682603;TP_15091512603;319753;3eb6f1c9be7d60229240fa404e2a87edd418dc993326f680cd1e8d1ef733c7eb;2,03E+28;0;1;TPS_18402682603;T24.04.01;T24;4.0;RMG;2026-03-12 11:35:00;2026-03-12 12:59:00;2026-03-12 13:03:00;2026-03-12 13:07:00;;255.0;;228.0;5525.0;12.03.2026 14:05;T10, T24;3996d60c-1e0a-11f1-8bce-1b88c2db1687;1;1955627555;
TP_15091532603_TPS_18402692603;TP_15091532603;736502;581586185eae819a86e23d5667771d5a0b04a0a91a7e9c06db8e610cca71187b;2,03E+28;0;1;TPS_18402692603;T24.03.01;T24;3.0;RMG;2026-03-12 11:36:00;2026-03-12 13:02:00;2026-03-12 13:07:00;2026-03-12 13:14:00;;269.0;;424.0;5868.0;12.03.2026 14:05;T10, T24;7e80e938-1e0a-11f1-8bd9-f76f9d633f6e;1;1955660849;
TP_15091582603_TPS_18411562603;TP_15091582603;669209;f9561b144443286653ad6b07fa53f6a352f2981bf98ab345d3c8424069969712;2,03E+28;0;0;TPS_18411562603;HO2.28;HO2;28.0;VC;2026-03-12 11:41:00;2026-03-12 12:09:00;2026-03-12 12:12:00;2026-03-12 12:40:00;;161.0;264.0;;;12.03.2026 13:35;HO2, T16, T24;ed67f65e-1e03-11f1-a805-2f22f53115ef;1;1955694626;
TP_15092032603_TPS_18415852603;TP_15092032603;405697;e68fc54b099ad9776b15f8984283d047f3ff3e0e2302cea238c4d9d20f08c8bc;2,03E+28;0;1;TPS_18415852603;HO2.28;HO2;28.0;VC;2026-03-12 13:34:00;2026-03-12 14:31:00;2026-03-12 14:34:00;2026-03-12 16:25:00;;162.0;;6685.0;10268.0;12.03.2026 17:06;HO2, T18;cffcd9de-1e0f-11f1-a391-37792a9daf81;1;1956048592;
TP_15093022603_TPS_18411622603;TP_15093022603;938564;c13fcd912fcdee5551f6e7a171ad06e6d1f995164f3ac78d1c6406c74023f68e;2,03E+28;0;1;TPS_18411622603;HO2.23;HO2;23.0;VC;2026-03-12 13:34:00;2026-03-12 14:11:00;2026-03-12 14:25:00;2026-03-12 16:18:00;;877.0;;6747.0;9827.0;12.03.2026 17:06;HO2, T18;ecc7d7b2-1e14-11f1-a861-3f9475c979d6;1;1956049186;
TP_15093212603_TPS_18416072603;TP_15093212603;483207;29bfaf451f11d695df8cd8027fea19e3e2790b2e2d9c407c3fab7a02f551b2ba;2,03E+28;1;1;TPS_18416072603;T20.02.01;T20;2.0;RMG;2026-03-12 13:38:00;2026-03-12 13:43:00;2026-03-12 13:54:00;2026-03-12 14:59:00;256.0;669.0;;3929.0;4854.0;12.03.2026 16:05;T20;719da8c2-1e10-11f1-a4b0-dbb7dd697a51;1;;
TP_15093292603_TPS_18411612603;TP_15093292603;640309;59dc607b341a7c8751f5735125eeacb10081f39d5ee3bd4255f077ddb84c1608;2,03E+28;0;1;TPS_18411612603;HO2.32;HO2;32.0;VC;2026-03-12 13:41:00;2026-03-12 14:08:00;2026-03-12 14:14:00;2026-03-12 16:13:00;;352.0;;7098.0;9083.0;12.03.2026 17:06;HO2, T11;9ae0bd88-1e14-11f1-a860-8f31f03d9b36;1;1956067590;
TP_15093512603_TPS_18413622603;TP_15093512603;555151;1f77cda1542e0cdb44543ac0830090e55ef50639a893f246f4bd1ec1368a02ab;2,03E+28;1;1;TPS_18413622603;T13.04.01;T13;4.0;RMG;2026-03-12 14:17:00;2026-03-12 14:53:00;2026-03-12 15:03:00;2026-03-12 16:49:00;2157.0;551.0;;6382.0;9090.0;12.03.2026 17:35;T13;e4926b10-1e15-11f1-b82c-5358aa125920,e4a9ced6-1e15-11f1-b82d-4f25f3eaa099;2;;
TP_15093542603_TPS_18414042603;TP_15093542603;857723;85f0aae524faa73df060ff1fb0d2408cb576cee916d79f319b6344aa82829611;2,03E+28;0;1;TPS_18414042603;HO2.32;HO2;32.0;VC;2026-03-12 14:35:00;2026-03-12 15:27:00;2026-03-12 15:35:00;2026-03-12 17:09:00;;455.0;;5645.0;9253.0;12.03.2026 18:05;HO2, T09, T24;5339e532-1e18-11f1-ba9b-870e9a91e365;1;1956222425;
TP_15093912603_TPS_18411572603;TP_15093912603;649440;65845b4723343786537cd5532d702e2258636fbd0c9913f4b3a279eea3fca94a;2,03E+28;0;1;TPS_18411572603;HO2.23;HO2;23.0;VC;2026-03-12 11:32:00;2026-03-12 12:10:00;2026-03-12 12:14:00;2026-03-12 12:23:00;;205.0;;557.0;3045.0;12.03.2026 13:06;HO2, T27;1eb0603e-1e04-11f1-a806-0fb387e88fe6;1;1955603889;
TP_15094232603_TPS_18417752603;TP_15094232603;366487;1f5fd7b9306944fe3a2bf4a1161862d6730f2dbdc158f0fc4cb80e9b6e117343;2,03E+28;1;1;TPS_18417752603;T18.02.01;T18;2.0;RMG;2026-03-12 12:31:00;2026-03-12 12:41:00;2026-03-12 13:07:00;2026-03-12 13:14:00;568.0;1572.0;;402.0;2542.0;12.03.2026 14:05;T18;158869a4-1e07-11f1-8ac4-2b312f18b80e;1;;
TP_15094602603_TPS_18413082603;TP_15094602603;270882;ce191e4abe4b11d072cf846f844705780807618517f3dd3197002175004e7dcd;2,03E+28;1;1;TPS_18413082603;T21.01.01;T21;1.0;RMG;2026-03-12 12:42:00;2026-03-12 12:49:00;2026-03-12 13:36:00;2026-03-12 13:59:00;405.0;2777.0;;1403.0;4585.0;12.03.2026 15:06;T21;9e76a676-1e08-11f1-bf99-33ca4e7f6a74,9e8d6014-1e08-11f1-bf9a-636709733d72;2;;
TP_15094932603_TPS_18411602603;TP_15094932603;869987;a2cfc20ebf9f5c9b3022b6e7e4843ec221b8cb3473d9c6b336b1a282483e6e74;2,03E+28;0;1;TPS_18411602603;HO2.25;HO2;25.0;VC;2026-03-12 13:11:00;2026-03-12 13:43:00;2026-03-12 13:46:00;2026-03-12 15:11:00;;183.0;;5097.0;7218.0;12.03.2026 16:05;HO2, T27;0d1cdd72-1e11-11f1-a843-0b2055d0e2b7;1;1955944799;
TP_15095332603_TPS_18417532603;TP_15095332603;669420;de7c31b19415bcdcd91d25447354f13a7951dd886e1bf9648cc4365e6f8a9164;2,03E+28;0;1;TPS_18417532603;T20.03.01;T20;3.0;RMG;2026-03-12 12:20:00;2026-03-12 12:55:00;2026-03-12 13:09:00;2026-03-12 14:39:00;;851.0;;5413.0;8338.0;12.03.2026 15:35;T20, T22;8bdd78bc-1e05-11f1-89b6-abb99c7faa51;1;;
TP_15095332603_TPS_18402662603;TP_15095332603;669420;de7c31b19415bcdcd91d25447354f13a7951dd886e1bf9648cc4365e6f8a9164;2,03E+28;1;0;TPS_18402662603;T22.01.01;T22;1.0;RMG;2026-03-12 12:20:00;2026-03-12 12:42:00;2026-03-12 12:49:00;2026-03-12 14:39:00;1310.0;371.0;393.0;;;12.03.2026 15:35;T20, T22;8b57d916-1e08-11f1-8bad-8bc6141c9b19;1;;
TP_15096142603_TPS_18422682603;TP_15096142603;925516;d7fc4af06ac628bed4364e07fbf406fe8fb0b2fb9cb2119e5f77a3076475864c;2,03E+28;1;1;TPS_18422682603;T21.03.01;T21;3.0;RMG;2026-03-12 14:56:00;2026-03-12 15:13:00;2026-03-12 15:16:00;2026-03-12 16:35:00;973.0;213.0;;4734.0;5920.0;12.03.2026 17:35;T21;56db01e6-1e1b-11f1-bc65-f3a0310e42b1;1;;
TP_15096732603_TPS_18418762603;TP_15096732603;692634;0eb7c7f3bed8a291cdbbc86c789ee0c162a2e613912eaf9e6eb0b58a322ba597;2,03E+28;1;1;TPS_18418762603;HO2.24;HO2;24.0;VC;2026-03-12 15:11:00;2026-03-12 15:29:00;2026-03-12 15:39:00;2026-03-12 16:38:00;1057.0;564.0;;3593.0;5214.0;12.03.2026 17:35;HO2;6f97492c-1e1d-11f1-ab93-2f03d271aece,6fad5a32-1e1d-11f1-ab94-3f76a96c8145;2;;
TP_15096942603_TPS_18423222603;TP_15096942603;534802;6afc809b3b277320136639ad6c92edf1cc927daa0c5cdc8fb67d58bd6b6a6478;2,03E+28;1;1;TPS_18423222603;T21.01.01;T21;1.0;RMG;2026-03-12 16:09:00;2026-03-12 16:18:00;2026-03-12 16:30:00;2026-03-12 18:03:00;512.0;720.0;;5571.0;6803.0;12.03.2026 19:08;T21;8a10e1fc-1e25-11f1-9979-7757168c6527;1;;
TP_15097402603_TPS_18427712603;TP_15097402603;885540;d7782f467c498dba0457e74e9655fd6712f2b232dc4314f1bcc4d8318333068e;2,03E+28;1;1;TPS_18427712603;T22.03.01;T22;3.0;RMG;2026-03-12 18:22:00;2026-03-12 18:30:00;2026-03-12 18:35:00;2026-03-12 18:48:00;477.0;299.0;;734.0;1510.0;12.03.2026 19:08;T22;1dd6cac0-1e38-11f1-aada-4f6b09a83d38;1;;
TP_15097722603_TPS_18402702603;TP_15097722603;999331;4ae5dffaa72b5feb4c9f8429bb339bba358d3e8ed74bfa53247091cc43955fbf;2,03E+28;0;1;TPS_18402702603;HO2.24;HO2;24.0;VC;2026-03-12 14:05:00;2026-03-12 14:30:00;2026-03-12 14:39:00;2026-03-12 16:27:00;;540.0;;6526.0;8562.0;12.03.2026 17:06;HO2, T23;d9a325ae-1e16-11f1-8d24-ab6f7b524d00;1;1956120604;
TP_15097802603_TPS_18421592603;TP_15097802603;535902;cb6a49e463a6a27c534da1f9bd469b2933fe2e528d340424560793d709da4fc2;2,03E+28;1;1;TPS_18421592603;T08.01.01;T08;1.0;RMG;2026-03-12 15:08:00;2026-03-12 15:26:00;2026-03-12 16:08:00;2026-03-12 16:31:00;1057.0;2498.0;;1394.0;4949.0;12.03.2026 17:35;T08;040000d2-1e1d-11f1-b388-63a239f4d929;1;;
TP_15097962603_TPS_18424432603;TP_15097962603;884989;a10be88bfbe8399311b3feeb2f9543bc22cc5af37f2e840bca7f734ef815494a;2,03E+28;1;1;TPS_18424432603;T21.04.01;T21;4.0;RMG;2026-03-12 15:35:00;2026-03-12 16:13:00;2026-03-12 16:16:00;2026-03-12 16:51:00;2272.0;147.0;;2088.0;4507.0;12.03.2026 17:35;T21;c9db3e9a-1e20-11f1-ba9f-232ec3530790;1;;
TP_15097982603_TPS_18411642603;TP_15097982603;638408;fbf3e3cb45a02c5094b6bd6c21ff16df51ff5b0d858d2d0015cb0984435fa2c0;2,03E+28;0;1;TPS_18411642603;T06.02.01;T06;2.0;RMG;2026-03-12 15:37:00;2026-03-12 17:04:00;2026-03-12 17:12:00;2026-03-12 17:27:00;;487.0;;926.0;6643.0;12.03.2026 18:05;T06, T27;d9f00ada-1e2b-11f1-aa15-4f25b9d244b4;1;1956403359;
TP_15098392603_TPS_18419182603;TP_15098392603;559333;22abdf7023e0737264a357a64330c6266475d6221d5adc7de108e7c3a2c08088;2,03E+28;1;1;TPS_18419182603;T27.02.01;T27;2.0;RMG;2026-03-12 16:30:00;2026-03-12 16:46:00;2026-03-12 16:57:00;2026-03-12 17:25:00;933.0;639.0;;1688.0;3260.0;12.03.2026 18:05;T27;78d7f59e-1e28-11f1-b60a-db9b6648fa66;1;;
TP_15098592603_TPS_18426002603;TP_15098592603;536704;35bf8df3d9948fab14797989179a1ac60a9c61f02babe0cfdf5f989e8b5f58fd;2,03E+28;1;1;TPS_18426002603;T18.02.01;T18;2.0;RMG;2026-03-12 16:46:00;2026-03-12 17:01:00;2026-03-12 17:13:00;2026-03-12 17:31:00;900.0;675.0;;1112.0;2687.0;12.03.2026 18:35;T18;b4f172f6-1e2a-11f1-b939-77983a3ec4e6;1;;
TP_15098842603_TPS_18402792603;TP_15098842603;742822;1a0a14982159ec92af1b4e222fb14fba5d95cc3d5cac206e8a663528d9784c59;2,03E+28;0;1;TPS_18402792603;HO2.28;HO2;28.0;VC;2026-03-12 17:37:00;2026-03-12 18:29:00;2026-03-12 18:33:00;2026-03-12 18:41:00;;266.0;;446.0;3808.0;12.03.2026 19:08;HO2, T18;f374b32c-1e38-11f1-9092-8baf49799389;1;1956846254;
TP_15098902603_TPS_18422162603;TP_15098902603;936436;e3d9b2d5f5142d07deda1b391227e20455b19d80053f04d3f085e5fe7d75a6d7;2,03E+28;0;1;TPS_18422162603;HO2.27;HO2;27.0;VC;2026-03-12 14:43:00;2026-03-12 15:24:00;2026-03-12 15:28:00;2026-03-12 16:46:00;;209.0;;4659.0;7353.0;12.03.2026 17:35;HO2, T16;730e1f1c-1e19-11f1-bb54-2793b5926135;1;1956234293;
TP_15098962603_TPS_18422222603;TP_15098962603;230140;49db78739aa48e2f98e5f6b0c1c03aae310e22ebeb53d833a7c3bb801d712a9d;2,03E+28;1;1;TPS_18422222603;T12.01.01;T12;1.0;RMG;2026-03-12 14:44:00;2026-03-12 15:07:00;2026-03-12 15:10:00;2026-03-12 15:56:00;1331.0;214.0;;2729.0;4274.0;12.03.2026 16:35;T12;a9be2e62-1e19-11f1-bb83-bf41c713bd6b;1;;
TP_15100282603_TPS_18418672603;TP_15100282603;775646;3c1a792187fe1c81eb8539960a2cd5b9370ad4c15f4df0bd17517012ab2708f1;2,03E+28;1;1;TPS_18418672603;T21.04.01;T21;4.0;RMG;2026-03-12 14:58:00;2026-03-12 15:17:00;2026-03-12 15:21:00;2026-03-12 16:35:00;1103.0;225.0;;4453.0;5781.0;12.03.2026 17:35;T21;9ed75e86-1e1b-11f1-aa49-63a235769f42;1;;
TP_15100642603_TPS_18423322603;TP_15100642603;634919;36fb4341f65c7e604a48e4020e76f83362dff3ab0c0da3e932ecdc8bb17dd819;2,03E+28;1;1;TPS_18423322603;T11.02.01;T11;2.0;RMG;2026-03-12 16:11:00;2026-03-12 16:21:00;2026-03-12 16:32:00;2026-03-12 17:08:00;566.0;692.0;;2161.0;3419.0;12.03.2026 18:05;T11;d0d2a5da-1e25-11f1-9a06-8f808c6688d9,d0ea2606-1e25-11f1-9a07-233ebfb7639d;2;;
TP_15101712603_TPS_18425732603;TP_15101712603;667285;754d71e0a6605b9cb44808387c904ecd0cf1f945e1ecd4c0c407faeb418bb65b;2,03E+28;1;1;TPS_18425732603;T11.03.01;T11;3.0;RMG;2026-03-12 16:33:00;2026-03-12 16:40:00;2026-03-12 16:45:00;2026-03-12 17:10:00;381.0;303.0;;1486.0;2170.0;12.03.2026 18:05;T11;e4736086-1e28-11f1-b6f7-cf027a227a8f;1;;
TP_15101972603_TPS_18402772603;TP_15101972603;719701;23eda88f237e73f32dff4ecf98dce477dcaf9e08a483ba4ab3247d6672b96d3e;2,03E+28;0;1;TPS_18402772603;HO2.28;HO2;28.0;VC;2026-03-12 17:10:00;2026-03-12 18:02:00;2026-03-12 18:07:00;2026-03-12 18:51:00;;329.0;;2637.0;6039.0;12.03.2026 19:08;HO2, T16;ae2d076e-1e34-11f1-9032-bba924c6331b;1;1956734948;
TP_15102732603_TPS_18423592603;TP_15102732603;564145;b5fc055116e7d0c879b484117a42b66d9f54af39f42c3b09563215ef72d865b3;2,03E+28;1;1;TPS_18423592603;T14.04.01;T14;4.0;RMG;2026-03-12 16:16:00;2026-03-12 16:25:00;2026-03-12 16:50:00;2026-03-12 17:06:00;492.0;1505.0;;946.0;2943.0;12.03.2026 18:05;T14;83b5ee5a-1e26-11f1-9aad-f3ba7066fbf7;1;;
TP_15103822603_TPS_18425442603;TP_15103822603;445909;501c6c655d186c1a4c35aa6ee777248e2dfd2ddc61fea1d61bbb3f54051505fd;2,03E+28;1;1;TPS_18425442603;T22.03.01;T22;3.0;RMG;2026-03-12 20:18:00;2026-03-12 20:23:00;2026-03-12 20:30:00;2026-03-12 20:42:00;279.0;433.0;;706.0;1418.0;12.03.2026 21:09;T22;527b048e-1e48-11f1-a874-dbe00073235e;1;;
TP_15105452603_20260312221611000000023212316;TP_15105452603;271286;211584180e3ff66360e9a2e1ea001e7be080e4a3aabf91da4896dd99b75ba8d9;2,03E+28;1;0;2,03E+28;LL;LL;;Leerlager;2026-03-12 22:10:00;2026-03-12 22:13:00;2026-03-12 22:16:00;2026-03-12 23:03:00;182.0;183.0;1299.0;;;13.03.2026 00:05;LL, T11;4596c548-1e58-11f1-bf91-b3147eaeaae8;1;1957287729;
TP_15106882603_TPS_18430992603;TP_15106882603;741215;b1154bdaf49bc81ab4990a1d28b931e153ae4ce9700b1f555f6aebc4c9d1bdd9;2,03E+28;0;1;TPS_18430992603;T12.02.01;T12;2.0;RMG;2026-03-12 22:35:00;2026-03-12 23:31:00;2026-03-12 23:41:00;2026-03-12 23:46:00;;637.0;;260.0;4208.0;13.03.2026 00:35;LL, T12;75d594b8-1e5b-11f1-b770-f78e3bbe88bb;1;;
TP_15106882603_20260312232511000000023212324;TP_15106882603;741215;b1154bdaf49bc81ab4990a1d28b931e153ae4ce9700b1f555f6aebc4c9d1bdd9;2,03E+28;1;0;2,03E+28;LL;LL;;Leerlager;2026-03-12 22:35:00;2026-03-12 22:40:00;2026-03-12 23:25:00;2026-03-12 23:46:00;284.0;2669.0;358.0;;;13.03.2026 00:35;LL, T12;d8f853a6-1e61-11f1-bf91-b3147eaeaae8;1;;
TP_15107462603_TPS_18411652603;TP_15107462603;217249;f33931d0ed9bfb22da2e416870672a1647ec0de47d656730862ad57da8117e41;2,03E+28;0;1;TPS_18411652603;HO2.24;HO2;24.0;VC;2026-03-13 06:45:00;2026-03-13 07:04:00;2026-03-13 07:31:00;2026-03-13 07:54:00;;1590.0;;1385.0;4136.0;13.03.2026 09:06;HO2, T16;;0;1958052712;
TP_15107542603_TPS_18439702603;TP_15107542603;697480;4a45aa65fb4abc9b2c02374fbcbd77c49fb40ff23d016e30b6e209a7e028a148;2,03E+28;1;1;TPS_18439702603;T24.02.01;T24;2.0;RMG;2026-03-13 07:14:00;2026-03-13 07:20:00;2026-03-13 07:32:00;2026-03-13 07:38:00;307.0;748.0;;362.0;1417.0;13.03.2026 08:35;T24;f63158ac-1ea3-11f1-898d-77c14bdfc0d1,f6487708-1ea3-11f1-898e-57b118a84566;2;;
TP_15107742603_TPS_18441252603;TP_15107742603;699165;dc3730ba12304ca7769d64cab895beab5477f412b7c46312690250919e026616;2,03E+28;1;1;TPS_18441252603;HO2.31;HO2;31.0;VC;2026-03-13 08:15:00;2026-03-13 08:21:00;2026-03-13 08:26:00;2026-03-13 08:32:00;321.0;309.0;;340.0;970.0;13.03.2026 09:35;HO2;7d23a114-1eac-11f1-a038-abbd52fa1681;1;;
TP_15108022603_TPS_18428922603;TP_15108022603;972553;01eb32d49db0088e565445a397de56cb4c93f602dcc6e8e7b479a60fa1e7621b;2,03E+28;1;1;TPS_18428922603;T20.04.01;T20;4.0;RMG;2026-03-12 20:48:00;2026-03-12 20:53:00;2026-03-12 20:57:00;2026-03-12 21:03:00;257.0;248.0;;339.0;844.0;12.03.2026 22:05;T20;836eaf74-1e4c-11f1-b7b2-1bd451b87a78;1;;
TP_15109712603_TPS_18432102603;TP_15109712603;542010;b1673ed9f0a4885ff72822c04c23bacc962375d3ef9fe41a2c7487d0d6c0c9cf;2,03E+28;1;1;TPS_18432102603;T11.02.01;T11;2.0;RMG;2026-03-13 05:02:00;2026-03-13 05:07:00;2026-03-13 05:08:00;2026-03-13 05:12:00;260.0;85.0;;236.0;581.0;13.03.2026 06:05;T11;86de3b94-1e91-11f1-a796-47696ce07977;1;;
TP_15110262603_TPS_18435102603;TP_15110262603;752387;d8e125f5ebca29d29ed036d7f35bbc40c515b2957155f8c9826fa24b37370491;2,03E+28;0;1;TPS_18435102603;T12.02.01;T12;2.0;RMG;2026-03-13 06:31:00;2026-03-13 06:53:00;2026-03-13 07:01:00;2026-03-13 07:25:00;;462.0;;1463.0;3244.0;13.03.2026 08:35;T12, T16, T27;f55d2c22-1e9d-11f1-912f-ffe572aab39d;1;;
TP_15110262603_TPS_18435092603;TP_15110262603;752387;d8e125f5ebca29d29ed036d7f35bbc40c515b2957155f8c9826fa24b37370491;2,03E+28;0;0;TPS_18435092603;T16.01.01;T16;1.0;RMG;2026-03-13 06:31:00;2026-03-13 06:46:00;2026-03-13 06:51:00;2026-03-13 07:25:00;;287.0;153.0;;;13.03.2026 08:35;T12, T16, T27;f5456efc-1e9d-11f1-912e-17973ac61d3b;1;;
TP_15110262603_TPS_18435082603;TP_15110262603;752387;d8e125f5ebca29d29ed036d7f35bbc40c515b2957155f8c9826fa24b37370491;2,03E+28;1;0;TPS_18435082603;T27.01.01;T27;1.0;RMG;2026-03-13 06:31:00;2026-03-13 06:37:00;2026-03-13 06:41:00;2026-03-13 07:25:00;313.0;254.0;312.0;;;13.03.2026 08:35;T12, T16, T27;f52de1a6-1e9d-11f1-912d-87674a92cb4d;1;;
TP_15110412603_20260312213728000000023212308;TP_15110412603;558816;e50f8dcb942684c7486101db851652a709f74085d05e6c2c396c04add8247444;2,03E+28;1;1;2,03E+28;LL;LL;;Leerlager;2026-03-12 21:19:00;2026-03-12 21:30:00;2026-03-12 21:37:00;2026-03-12 21:41:00;633.0;416.0;;232.0;1281.0;12.03.2026 22:35;LL;5a8a4ac3-1e52-11f1-bf91-b3147eaeaae8,60bbfc44-1e52-11f1-bf91-b3147eaeaae8;2;;
TP_15110452603_TPS_18429042603;TP_15110452603;993857;e3fe970e6cf04f80dcf6f3db9ecb93e3dd7da57faab04df2a6e88b3bf2759e8f;2,03E+28;1;1;TPS_18429042603;HO2.27;HO2;27.0;VC;2026-03-12 21:22:00;2026-03-12 21:28:00;2026-03-12 21:35:00;2026-03-12 21:41:00;340.0;430.0;;362.0;1132.0;12.03.2026 22:35;HO2;43d4934c-1e51-11f1-ba1e-037971924801;1;;
TP_15114652603_TPS_18435202603;TP_15114652603;388049;ef8186fcb1a7c4069f9a61b02d4abd562b1c31dfaa3b919ca7669e4ab54a7f4f;2,03E+28;1;1;TPS_18435202603;T10.01.01;T10;1.0;RMG;2026-03-13 06:34:00;2026-03-13 06:39:00;2026-03-13 07:00:00;2026-03-13 07:11:00;290.0;1258.0;;672.0;2220.0;13.03.2026 08:05;T10;604faab4-1e9e-11f1-9165-0b65395e0282;1;;
TP_15114712603_TPS_18435322603;TP_15114712603;359410;4a8ed47c131e4b2357630ebd5d9aff0087f3b01d39e0774efb5dffed62eb9fb9;2,03E+28;1;1;TPS_18435322603;T26.02.01;T26;2.0;RMG;2026-03-13 06:35:00;2026-03-13 06:43:00;2026-03-13 06:59:00;2026-03-13 07:06:00;427.0;995.0;;396.0;1818.0;13.03.2026 08:05;T26;8433dd9c-1e9e-11f1-9197-f7ec6080a642,844a513a-1e9e-11f1-9198-d3594228b786;2;;
TP_15114802603_TPS_18411662603;TP_15114802603;468588;ab9dba8a6077abcac067e1a4752728673c790750d725faffc0855aba4aaffa41;2,03E+28;0;0;TPS_18411662603;HO2.33;HO2;33.0;VC;2026-03-13 06:37:00;2026-03-13 07:06:00;2026-03-13 07:12:00;2026-03-13 07:32:00;;350.0;338.0;;;13.03.2026 08:35;HO2, T20, T24;c3504c3c-1ea2-11f1-b031-2b676272db34;1;1957966898;
TP_15116882603_TPS_18432512603;TP_15116882603;991422;8db93fc7a3da1738c959812b479f531c2247ed3907f15e8f9a48df4f4e6027f3;2,03E+28;1;1;TPS_18432512603;T13.03.01;T13;3.0;RMG;2026-03-13 07:41:00;2026-03-13 07:45:00;2026-03-13 07:50:00;2026-03-13 07:54:00;222.0;279.0;;241.0;742.0;13.03.2026 09:06;T13;bcdd1876-1ea7-11f1-9be2-c3cb25920167;1;;
TP_15117452603_TPS_18433002603;TP_15117452603;281764;4abead13d266d65d49d343922d16d6f030bf26340aeb79eb9c848d107aea7e17;2,03E+28;1;1;TPS_18433002603;T17.01.01;T17;1.0;RMG;2026-03-13 08:59:00;2026-03-13 09:15:00;2026-03-13 09:29:00;2026-03-13 09:32:00;940.0;811.0;;185.0;1936.0;13.03.2026 10:35;T17;a27eeb20-1eb2-11f1-ab79-534931b0d472;1;;
TP_15117562603_TPS_18433232603;TP_15117562603;316759;942310524af55515ccc7db42f03da0c7fe8b3d0fd06ba987e345bcb248d9a867;2,03E+28;1;1;TPS_18433232603;T23.02.01;T23;2.0;RMG;2026-03-13 09:08:00;2026-03-13 09:13:00;2026-03-13 09:17:00;2026-03-13 09:21:00;273.0;238.0;;246.0;757.0;13.03.2026 10:05;T23;e3d9d49e-1eb3-11f1-ac9b-0bce44070fe3;1;;
TP_15118092603_TPS_18432462603;TP_15118092603;886931;39bfdbede4313331a084f3bfba8532407cc6172e4c9f34db5c730a35366bceb3;2,03E+28;1;1;TPS_18432462603;T21.04.01;T21;4.0;RMG;2026-03-13 07:40:00;2026-03-13 07:47:00;2026-03-13 08:06:00;2026-03-13 08:14:00;417.0;1142.0;;472.0;2031.0;13.03.2026 09:06;T21;98c93776-1ea7-11f1-9bcf-f77c2342b727,98e72808-1ea7-11f1-9bd0-b70bc5008a68;2;;
TP_15118382603_TPS_18440282603;TP_15118382603;262306;f5cc434fc67b6372365b1338c292d40de3eee248fd92ef9847820ec4c2148204;2,03E+28;1;1;TPS_18440282603;T15.03.01;T15;3.0;RMG;2026-03-13 08:43:00;2026-03-13 08:48:00;2026-03-13 08:53:00;2026-03-13 08:57:00;258.0;331.0;;222.0;811.0;13.03.2026 10:05;T15;6610ded4-1eb0-11f1-a0b5-0b3856b4e788;1;;
TP_15118692603_TPS_18446152603;TP_15118692603;480075;9c389e01a3fa0124fce1e91eff220196cf5d8743177b2f6c6819ed8e9c65714b;2,03E+28;1;1;TPS_18446152603;T10.04.01;T10;4.0;RMG;2026-03-13 09:50:00;2026-03-13 10:03:00;2026-03-13 11:15:00;2026-03-13 13:35:00;753.0;4345.0;;8371.0;13469.0;13.03.2026 14:35;T10;c249f786-1eb9-11f1-b131-2bae0de284a2;1;;
TP_15119372603_TPS_18441172603;TP_15119372603;318003;c8e57843aa4c270c4798ca0b9816628ad29bbd89196f063e93e605582462abe8;2,03E+28;1;1;TPS_18441172603;T23.03.01;T23;3.0;RMG;2026-03-13 08:11:00;2026-03-13 08:28:00;2026-03-13 08:32:00;2026-03-13 08:47:00;1014.0;188.0;;926.0;2128.0;13.03.2026 09:35;T23;ed8514e8-1eab-11f1-9fb1-fbb90f92d3d2;1;;
TP_15119482603_TPS_18432672603;TP_15119482603;294183;acbdc0904918a44bb19af392728f3567514c34142f57ba0c37c414ea5b9e5378;2,03E+28;1;1;TPS_18432672603;T16.01.01;T16;1.0;RMG;2026-03-13 08:35:00;2026-03-13 09:27:00;2026-03-13 10:33:00;2026-03-13 10:40:00;3080.0;3948.0;;445.0;7473.0;13.03.2026 11:35;T16;476424ec-1eaf-11f1-a767-5bd32c7df88b;1;;
TP_15119792603_TPS_18443852603;TP_15119792603;731455;3bd9cc50faee980f0ffc6f54df913b3539aafb38fc387ff42248625397e03b0f;2,03E+28;1;1;TPS_18443852603;T13.01.01;T13;1.0;RMG;2026-03-13 09:32:00;2026-03-13 09:43:00;2026-03-13 09:56:00;2026-03-13 10:02:00;651.0;781.0;;327.0;1759.0;13.03.2026 11:06;T13;3e3862f4-1eb7-11f1-9587-ef10d8676eb6;1;;
TP_15119812603_20260313094243000000023228959;TP_15119812603;496797;0b3781f2e11c4d34b822d191b6f06285ea95a66914b1287c23bd6474fa404797;2,03E+28;1;1;2,03E+28;LL;LL;;Leerlager;2026-03-13 09:33:00;2026-03-13 09:39:00;2026-03-13 09:42:00;2026-03-13 09:46:00;357.0;167.0;;227.0;751.0;13.03.2026 10:35;LL;49cd67d4-1eb8-11f1-bf91-b3147eaeaae8;1;;
TP_15119862603_TPS_18447372603;TP_15119862603;286005;397fe0a9c390e47516714522e2d776f476fbb499d09781829d0962379d4dda94;2,03E+28;0;1;TPS_18447372603;HO2.34;HO2;34.0;VC;2026-03-13 09:35:00;2026-03-13 10:50:00;2026-03-13 11:06:00;2026-03-13 11:13:00;;950.0;;414.0;5876.0;13.03.2026 12:05;HO2, T13;15e119a8-1ec2-11f1-8c65-5738c4519823;1;1958782745;
TP_15119872603_TPS_18444062603;TP_15119872603;214023;475b256f04ea28f66b450e06af636101143a925c15b87334c04c22a5c57478f4;2,03E+28;0;1;TPS_18444062603;HO2.28;HO2;28.0;VC;2026-03-13 09:35:00;2026-03-13 10:40:00;2026-03-13 10:40:00;2026-03-13 12:06:00;;53.0;;5104.0;9017.0;13.03.2026 13:06;HO2, T11;;0;1958775766;
TP_15120682603_TPS_18432632603;TP_15120682603;826413;4faec7c995e2ab2f74c19a93d76003ce2e93554e5b6446c350e033c526363c00;2,03E+28;1;1;TPS_18432632603;T09.01.01;T09;1.0;RMG;2026-03-13 08:34:00;2026-03-13 08:49:00;2026-03-13 09:05:00;2026-03-13 09:09:00;865.0;939.0;;246.0;2050.0;13.03.2026 10:05;T09;2406efca-1eaf-11f1-a721-97eda838015a;1;;
TP_15120882603_TPS_18433052603;TP_15120882603;615938;479b222bb15652b0c2ddc24992a1d03c1f91151ffc4377cfe60dedd23f82f680;2,03E+28;0;1;TPS_18433052603;HO2.34;HO2;34.0;VC;2026-03-13 09:01:00;2026-03-13 10:01:00;2026-03-13 10:17:00;2026-03-13 10:36:00;;945.0;;1142.0;5690.0;13.03.2026 11:35;HO2, T21, T26;e0a53d50-1eb2-11f1-abcf-03e5bca0ed1c;1;1958656477;
TP_15121002603_TPS_18439682603;TP_15121002603;469912;d0882766fc5392d8e979e55369c8be68211653bd642098316f4d171142288766;2,03E+28;1;1;TPS_18439682603;T22.04.01;T22;4.0;RMG;2026-03-13 09:18:00;2026-03-13 09:23:00;2026-03-13 09:31:00;2026-03-13 09:38:00;286.0;457.0;;402.0;1145.0;13.03.2026 10:35;T22;49ed83d8-1eb5-11f1-912f-6723981eeeeb;1;;
TP_15121372603_TPS_18441382603;TP_15121372603;881564;0b742d09f03869a3b47b6f3b3ff19f4fd64bd27672410c8984185fd63554cc15;2,03E+28;1;1;TPS_18441382603;T18.04.01;T18;4.0;RMG;2026-03-13 09:58:00;2026-03-13 10:21:00;2026-03-13 10:50:00;2026-03-13 10:55:00;1349.0;1759.0;;310.0;3418.0;13.03.2026 12:05;T18;dfdc7bba-1eba-11f1-b604-a7c8f1493f08,dff5f996-1eba-11f1-b605-5b0b123ab810;2;;
TP_15121392603_TPS_18441622603;TP_15121392603;778503;5d0448a86d9c0f209248aa3de38aacec6e374bcb6474324196d37ef499d100a7;2,03E+28;1;1;TPS_18441622603;T27.01.01;T27;1.0;RMG;2026-03-13 10:04:00;2026-03-13 10:10:00;2026-03-13 10:59:00;2026-03-13 11:06:00;357.0;2941.0;;377.0;3675.0;13.03.2026 12:05;T27;b6ff7836-1ebb-11f1-b6d0-c7c962452dca;1;;
TP_15121592603_TPS_18442692603;TP_15121592603;527491;c171973dbb23348f9b780ed71b659ecb07c8e6befb3f19c97e7c1ee58270f08b;2,03E+28;1;1;TPS_18442692603;T15.02.01;T15;2.0;RMG;2026-03-13 10:37:00;2026-03-13 10:50:00;2026-03-13 11:00:00;2026-03-13 11:04:00;751.0;600.0;;255.0;1606.0;13.03.2026 12:05;T15;532785f6-1ec0-11f1-beb0-037ccec308ea;1;;
TP_15121612603_20260313105053000000023229070;TP_15121612603;816050;186031812291ea5cee634ecbd6c9d2d1d2234da2b52c5cb00e1292a05644a489;2,03E+28;1;1;2,03E+28;LL;LL;;Leerlager;2026-03-13 10:39:00;2026-03-13 10:44:00;2026-03-13 10:50:00;2026-03-13 10:54:00;283.0;371.0;;225.0;879.0;13.03.2026 12:05;LL;49beabf5-1ec1-11f1-bf91-b3147eaeaae8,46cf2d24-1ec1-11f1-bf91-b3147eaeaae8;2;;
TP_15122092603_TPS_18411672603;TP_15122092603;860424;195356aeb3517662adae14e910d689b69841945b929bb8fe17600680a36f7396;2,03E+28;0;1;TPS_18411672603;HO2.24;HO2;24.0;VC;2026-03-13 10:49:00;2026-03-13 11:33:00;2026-03-13 11:52:00;2026-03-13 11:59:00;;1126.0;;412.0;4185.0;13.03.2026 13:06;HO2, T15;0f35bcca-1ec8-11f1-b24a-dbc824cd7a33;1;1959047550;
TP_15122212603_TPS_18443112603;TP_15122212603;315122;eb01585964e3fe8b93aab3c3efcfb5151eb45050eb55b74499cc2cd9f9939317;2,03E+28;1;1;TPS_18443112603;T24.04.01;T24;4.0;RMG;2026-03-13 11:09:00;2026-03-13 11:31:00;2026-03-13 11:39:00;2026-03-13 11:45:00;1303.0;485.0;;366.0;2154.0;13.03.2026 12:35;T24;caf1bd28-1ec4-11f1-a84f-434e42fc3e0f;1;;
TP_15122282603_TPS_18448682603;TP_15122282603;624214;8b6cd4846401f9e466b8b10435f682877142e6673e9d177262c09fd0326d095d;2,03E+28;1;1;TPS_18448682603;T10.01.01;T10;1.0;RMG;2026-03-13 11:25:00;2026-03-13 13:00:00;2026-03-13 13:50:00;2026-03-13 13:55:00;5653.0;3024.0;;310.0;8987.0;13.03.2026 15:06;T10;06c6c580-1ec7-11f1-a953-d3f08c861355;1;;
TP_15122592603_TPS_18449002603;TP_15122592603;273519;73f00b3b923419ad5fe247f84464ebea4eb816e5b810d661820f328a9a7497bd;2,03E+28;1;1;TPS_18449002603;T21.03.01;T21;3.0;RMG;2026-03-13 11:58:00;2026-03-13 12:08:00;2026-03-13 12:20:00;2026-03-13 12:27:00;581.0;711.0;;414.0;1706.0;13.03.2026 13:35;T21;a3663520-1ecb-11f1-b199-77beeb522def;1;;
TP_15123042603_TPS_18449922603;TP_15123042603;253509;b065d349822f155f6cc4e09639c417c723b14c0f05f33d94fde24b5d747ba57b;2,03E+28;0;0;TPS_18449922603;HO2.31;HO2;31.0;VC;2026-03-13 15:15:00;2026-03-13 15:43:00;2026-03-13 15:46:00;2026-03-13 16:07:00;;207.0;274.0;;;13.03.2026 17:06;HO2, T13, T16;0a33d558-1ee7-11f1-a434-e39720726adf;1;1959798055;
TP_15123182603_TPS_18450432603;TP_15123182603;782717;89a942d1ba21ca0ed74697d295cf00f227d3cfd5a28130093da06f36ddf84f84;2,03E+28;1;1;TPS_18450432603;T16.03.01;T16;3.0;RMG;2026-03-13 15:50:00;2026-03-13 15:58:00;2026-03-13 16:05:00;2026-03-13 16:07:00;457.0;397.0;;158.0;1012.0;13.03.2026 17:06;T16;0d292290-1eec-11f1-85ec-932881771dcc;1;;
TP_15123332603_TPS_18411692603;TP_15123332603;457049;3faa9083ead88e68582bc1c693667cfd7cb9102bf6831bae8928fffeaa339baf;2,03E+28;0;1;TPS_18411692603;HO2.28;HO2;28.0;VC;2026-03-13 11:22:00;2026-03-13 12:56:00;2026-03-13 13:04:00;2026-03-13 13:10:00;;473.0;;343.0;6481.0;13.03.2026 14:05;HO2, T14;a7926210-1ed3-11f1-b2fe-07f80de857e8;1;1959141778;
TP_15123942603_TPS_18455202603;TP_15123942603;534118;8d20535e46f953305749247a289606da249ca4cc61d5c2002ade8d1eede5170a;2,03E+28;1;1;TPS_18455202603;T20.02.01;T20;2.0;RMG;2026-03-13 14:01:00;2026-03-13 14:21:00;2026-03-13 15:16:00;2026-03-13 15:20:00;1194.0;3299.0;;240.0;4733.0;13.03.2026 16:05;T20;d2743bd0-1edc-11f1-ae9a-67b8b5622622;1;;
TP_15123982603_TPS_18455242603;TP_15123982603;886096;abcf446cd745dabfad14c7721f42c72fb0eae430fba336df4fe945801472a52a;2,03E+28;1;1;TPS_18455242603;T17.02.01;T17;2.0;RMG;2026-03-13 14:03:00;2026-03-13 14:13:00;2026-03-13 14:20:00;2026-03-13 14:31:00;577.0;443.0;;636.0;1656.0;13.03.2026 15:35;T17;1a7dbb2c-1edd-11f1-aec2-6b44344ab6d7;1;;
TP_15124382603_20260313151757000000023234712;TP_15124382603;658963;452eee70bc63ef9858624ceafa5b4735ff5bcd5c2401eb97bd49b45e6889cf18;2,03E+28;1;1;2,03E+28;LL;LL;;Leerlager;2026-03-13 15:03:00;2026-03-13 15:09:00;2026-03-13 15:17:00;2026-03-13 15:22:00;345.0;493.0;;292.0;1130.0;13.03.2026 16:05;LL;7952d9ac-1ee6-11f1-bf91-b3147eaeaae8,7ae6e72d-1ee6-11f1-bf91-b3147eaeaae8;2;;
TP_15124762603_TPS_18442132603;TP_15124762603;543057;3b13af33c9b0f8c866ad987c5a8487ab92a8261fc5376d6af469f422a4b02e6b;2,03E+28;1;1;TPS_18442132603;T14.04.01;T14;4.0;RMG;2026-03-13 12:10:00;2026-03-13 13:39:00;2026-03-13 13:58:00;2026-03-13 14:02:00;5294.0;1155.0;;241.0;6690.0;13.03.2026 15:06;T14;50e21aec-1ecd-11f1-a48a-3349aded8997;1;;
TP_15125432603_TPS_18450332603;TP_15125432603;231551;f3a38c95471f3c61bbd45c2933c71a851987c96ea6df6c88ab98a5e86bc9a585;2,03E+28;1;1;TPS_18450332603;T26.02.01;T26;2.0;RMG;2026-03-13 13:29:00;2026-03-13 13:37:00;2026-03-13 14:17:00;2026-03-13 14:21:00;450.0;2420.0;;249.0;3119.0;13.03.2026 15:06;T26;5a02db56-1ed8-11f1-be9f-037a6073c1ad;1;;
TP_15125502603_TPS_18453792603;TP_15125502603;344556;d6b01e1fd3a15e0a6d93f86a5751193fea5a5178134b95678873f59567f03b5f;2,03E+28;0;1;TPS_18453792603;HO2.25;HO2;25.0;VC;2026-03-13 13:32:00;2026-03-13 14:05:00;2026-03-13 14:09:00;2026-03-13 14:28:00;;238.0;;1161.0;3364.0;13.03.2026 15:35;HO2, T13, T15;b8742f14-1ed8-11f1-af8f-57dcb9d0b8cc;1;1959546186;
TP_15125762603_TPS_18454202603;TP_15125762603;430377;956a75364e2a912d2c1f86ed42f7180fad6f6f4bb9964d18928a0aec90422c8c;2,03E+28;0;0;TPS_18454202603;HO2.31;HO2;31.0;VC;2026-03-13 13:43:00;2026-03-13 14:55:00;2026-03-13 14:59:00;2026-03-13 15:46:00;;234.0;616.0;;;13.03.2026 16:35;HO2, T10, T23;2c78c4a0-1eda-11f1-b0cc-8f8980a496ee;1;1959564517;
TP_15125952603_TPS_18451492603;TP_15125952603;591215;3ed0abcc255dce777d2c8d556bbc28815578a3d9ce28e805a76079f3d00b9f9c;2,03E+28;1;1;TPS_18451492603;T24.02.01;T24;2.0;RMG;2026-03-13 12:31:00;2026-03-13 12:36:00;2026-03-13 13:26:00;2026-03-13 13:32:00;282.0;3008.0;;333.0;3623.0;13.03.2026 14:35;T24;40439730-1ed0-11f1-9119-f335a4d79cdb;1;;
TP_15126182603_TPS_18411722603;TP_15126182603;665406;24e0eaf65e8270e3d327d35e24b8eac1470afc6a7ff0692b90fc602a5f724fda;2,03E+28;0;1;TPS_18411722603;HO2.26;HO2;26.0;VC;2026-03-13 13:34:00;2026-03-13 17:38:00;2026-03-13 17:43:00;2026-03-13 17:46:00;;251.0;;227.0;15122.0;13.03.2026 18:35;HO2, T15, T16;;0;1959549914;
TP_15126182603_TPS_18444832603;TP_15126182603;665406;24e0eaf65e8270e3d327d35e24b8eac1470afc6a7ff0692b90fc602a5f724fda;2,03E+28;0;0;TPS_18444832603;HO2.24;HO2;24.0;VC;2026-03-13 13:34:00;2026-03-13 14:24:00;2026-03-13 14:27:00;2026-03-13 17:46:00;;186.0;11495.0;;;13.03.2026 18:35;HO2, T15, T16;e2efb766-1edf-11f1-9982-cb0eb060ca4b;1;1959549914;
TP_15126182603_TPS_18453912603;TP_15126182603;665406;24e0eaf65e8270e3d327d35e24b8eac1470afc6a7ff0692b90fc602a5f724fda;2,03E+28;0;0;TPS_18453912603;T16.02.01;T16;2.0;RMG;2026-03-13 13:34:00;2026-03-13 14:03:00;2026-03-13 14:18:00;2026-03-13 17:46:00;;926.0;346.0;;;13.03.2026 18:35;HO2, T15, T16;07d0e732-1ed9-11f1-afd2-6f91d096041c;1;1959549914;
TP_15126652603_TPS_18411702603;TP_15126652603;627904;c8608d70c49bfb9bd41b6999c54955efb11071835959df3c7bf72ed941c4bcf5;2,03E+28;0;1;TPS_18411702603;HO2.28;HO2;28.0;VC;2026-03-13 14:41:00;2026-03-13 16:04:00;2026-03-13 16:13:00;2026-03-13 16:20:00;;496.0;;450.0;5959.0;13.03.2026 17:06;HO2, T20;f3d0f820-1eed-11f1-b6a6-07339ebf0d81;1;1959726950;
TP_15126862603_TPS_18449372603;TP_15126862603;634685;8b38d3a1b4a061ebf87969bed8cc932de0cceb0973acb04fc99dcfcf51576b93;2,03E+28;1;1;TPS_18449372603;T10.04.01;T10;4.0;RMG;2026-03-13 14:47:00;2026-03-13 14:54:00;2026-03-13 15:32:00;2026-03-13 15:35:00;390.0;2282.0;;200.0;2872.0;13.03.2026 16:35;T10;3fb4f486-1ee3-11f1-9fdb-479d9a68ea72;1;;
TP_15126932603_TPS_18453622603;TP_15126932603;405697;e68fc54b099ad9776b15f8984283d047f3ff3e0e2302cea238c4d9d20f08c8bc;2,03E+28;1;1;TPS_18453622603;T27.03.01;T27;3.0;RMG;2026-03-13 15:34:00;2026-03-13 15:42:00;2026-03-13 15:49:00;2026-03-13 15:59:00;478.0;368.0;;610.0;1456.0;13.03.2026 17:06;T27;d093e6d2-1ee9-11f1-a6d6-6b2c246c9fe3;1;;
TP_15126972603_TPS_18411712603;TP_15126972603;969516;1892bc04ea57020124353f03cb0196dfb4f5492088632900dd27cd67442c585e;2,03E+28;0;1;TPS_18411712603;HO2.28;HO2;28.0;VC;2026-03-13 15:49:00;2026-03-13 16:18:00;2026-03-13 16:23:00;2026-03-13 16:28:00;;328.0;;276.0;2317.0;13.03.2026 17:35;HO2, T13;d5925820-1eef-11f1-b6ed-6bd48e45d28a;1;1959877091;
TP_15127292603_TPS_18451772603;TP_15127292603;431839;fc4678429394bea493e81217de1cb20f6dfb3d9da3f6b2b797d81f3fe22ec7bb;2,03E+28;1;1;TPS_18451772603;T17.01.01;T17;1.0;RMG;2026-03-13 12:39:00;2026-03-13 12:47:00;2026-03-13 12:54:00;2026-03-13 13:01:00;455.0;431.0;;400.0;1286.0;13.03.2026 14:05;T17;5e0ba7ca-1ed1-11f1-935e-f33091e6ce0d;1;;
TP_15127382603_TPS_18444842603;TP_15127382603;584293;a5921e6b6fa30e61b9e8bf8278e4ab32a2adf91d9f56d658c23ceff48b2a0c03;2,03E+28;0;1;TPS_18444842603;HO2.21;HO2;21.0;VC;2026-03-13 13:02:00;2026-03-13 14:42:00;2026-03-13 14:57:00;2026-03-13 15:03:00;;862.0;;349.0;7240.0;13.03.2026 16:05;HO2, T14;84f137fe-1ee2-11f1-9992-1396de23b231;1;1959467383;
TP_15127932603_TPS_18444862603;TP_15127932603;449719;7344d8ca5464d8508523017a739057831bca820422a43b1f416935b51ef8f4ba;2,03E+28;0;1;TPS_18444862603;HO2.31;HO2;31.0;VC;2026-03-13 16:13:00;2026-03-13 18:36:00;2026-03-13 18:41:00;2026-03-13 18:48:00;;285.0;;440.0;9283.0;13.03.2026 19:08;HO2, T16;;0;1959926149;
TP_15127932603_TPS_18450652603;TP_15127932603;449719;7344d8ca5464d8508523017a739057831bca820422a43b1f416935b51ef8f4ba;2,03E+28;1;0;TPS_18450652603;T16.02.01;T16;2.0;RMG;2026-03-13 16:13:00;2026-03-13 16:17:00;2026-03-13 16:25:00;2026-03-13 18:48:00;249.0;456.0;7853.0;;;13.03.2026 19:08;HO2, T16;38ecaeee-1eef-11f1-8b9a-8bc2378b12e9;1;1959926149;
TP_15127962603_TPS_18455572603;TP_15127962603;225565;b8f0eb8f90ed90fa7f26630fc509f7d179c41cb9dac1365c0145c8d31311fb25;2,03E+28;0;1;TPS_18455572603;HO2.28;HO2;28.0;VC;2026-03-13 16:35:00;2026-03-13 17:43:00;2026-03-13 17:48:00;2026-03-13 18:18:00;;303.0;;1831.0;6215.0;13.03.2026 19:08;HO2, T09, T15;3e0ee128-1ef2-11f1-955d-6f431027f359,c3c8d2de-1efb-11f1-9b18-9f843625f432;2;1959966832;
TP_15128032603_TPS_18455642603;TP_15128032603;482227;ab0a8301cd06b729be870390968befa83469ff975b30e04fc660c6ef619dcbd1;2,03E+28;1;1;TPS_18455642603;T18.02.01;T18;2.0;RMG;2026-03-13 16:38:00;2026-03-13 16:44:00;2026-03-13 17:04:00;2026-03-13 17:09:00;353.0;1210.0;;297.0;1860.0;13.03.2026 18:05;T18;af73db16-1ef2-11f1-9613-6fc136925cfd;1;;
TP_15130042603_TPS_18459172603;TP_15130042603;406522;c70d90282ec963b5761a23cec8189498a1758ae2622a95bb30d35ce1725f62c1;2,03E+28;0;1;TPS_18459172603;HO2.28;HO2;28.0;VC;2026-03-13 17:45:00;2026-03-13 18:20:00;2026-03-13 18:24:00;2026-03-13 18:30:00;;243.0;;382.0;2699.0;13.03.2026 19:08;HO2, T11, T16;1bb2682a-1efc-11f1-a0a4-674a4266640b;1;1960236071;
TP_15130262603_TPS_18461072603;TP_15130262603;795053;ca05849411a641595303c4320a828f74615218859b3fa05ec4602fc5affe5a6a;2,03E+28;0;1;TPS_18461072603;T06.03.01;T06;3.0;RMG;2026-03-13 20:28:00;2026-03-13 20:38:00;2026-03-13 20:42:00;2026-03-13 20:57:00;;210.0;;894.0;1685.0;13.03.2026 22:05;T06, T17;e2af009e-1f12-11f1-97f3-e3234096926e;1;;
TP_15130262603_TPS_18461062603;TP_15130262603;795053;ca05849411a641595303c4320a828f74615218859b3fa05ec4602fc5affe5a6a;2,03E+28;1;0;TPS_18461062603;T17.02.01;T17;2.0;RMG;2026-03-13 20:28:00;2026-03-13 20:33:00;2026-03-13 20:36:00;2026-03-13 20:57:00;266.0;158.0;157.0;;;13.03.2026 22:05;T06, T17;e296c7cc-1f12-11f1-97f2-73feba8b6ed0;1;;
TP_15130312603_TPS_18461592603;TP_15130312603;419457;07c995c65d3530efd180366f6b5b4a5d8f3489b74f3a0901d77a821a9f2de9ca;2,03E+28;1;1;TPS_18461592603;T24.03.01;T24;3.0;RMG;2026-03-13 22:08:00;2026-03-13 22:15:00;2026-03-13 22:21:00;2026-03-13 22:27:00;411.0;347.0;;372.0;1130.0;13.03.2026 23:06;T24;da98a30c-1f20-11f1-ac24-b3784539f827,dab01d48-1f20-11f1-ac25-b384873bf3c5;2;;
TP_15132312603_TPS_18455852603;TP_15132312603;770363;d3ffb23fdaf9be7ab81f2dca4ec645e3c36156df611b507a888a94f6abccc6d2;2,03E+28;1;1;TPS_18455852603;HO2.25;HO2;25.0;VC;2026-03-13 16:49:00;2026-03-13 16:55:00;2026-03-13 17:27:00;2026-03-13 17:42:00;355.0;1878.0;;920.0;3153.0;13.03.2026 18:35;HO2;4a7ac2b8-1ef4-11f1-96d1-f7e6b885a03f;1;;
TP_15132382603_TPS_18456002603;TP_15132382603;268979;a9cd629bf6f304c7ca97e79bad26e2270aa07fa66da6bddcceeea239ff6a3b7e;2,03E+28;1;1;TPS_18456002603;T09.03.01;T09;3.0;RMG;2026-03-13 16:59:00;2026-03-13 17:06:00;2026-03-13 17:43:00;2026-03-13 17:53:00;419.0;2188.0;;630.0;3237.0;13.03.2026 18:35;T09;b02aadd4-1ef5-11f1-98ed-33eb58f0d5d9;1;;
TP_15132672603_TPS_18444882603;TP_15132672603;814147;e2059fa13ab61c19ce17f25ea1e623d83bd135dff94cf3dfe0ce1ba1f7ac820e;2,03E+28;0;1;TPS_18444882603;HO2.32;HO2;32.0;VC;2026-03-13 19:01:00;2026-03-13 19:34:00;2026-03-13 19:43:00;2026-03-13 19:50:00;;503.0;;422.0;2947.0;13.03.2026 20:35;HO2, T16;4d6030a0-1f0b-11f1-9c09-8bc2ca086c82;1;1960551300;
TP_15133562603_TPS_18444872603;TP_15133562603;804375;92129ebfed5c597a5298a77113bf337f2cf92a344a049865cce8f22ed718b48d;2,03E+28;0;1;TPS_18444872603;HO2.26;HO2;26.0;VC;2026-03-13 18:35:00;2026-03-13 19:33:00;2026-03-13 19:40:00;2026-03-13 20:05:00;;454.0;;1486.0;5386.0;13.03.2026 21:08;HO2, T11;19f41812-1f0b-11f1-9c08-fba43dfe408a;1;1960519002;
TP_15133662603_TPS_18460372603;TP_15133662603;868211;ebc5e89f7fe6cd40d908a2799c293cb244e04eacb36f4ba03a69cb76d77e1a41;2,03E+28;1;1;TPS_18460372603;T13.03.01;T13;3.0;RMG;2026-03-13 18:45:00;2026-03-13 18:51:00;2026-03-13 18:55:00;2026-03-13 18:58:00;306.0;273.0;;186.0;765.0;13.03.2026 20:05;T13;7f476a9a-1f04-11f1-8da0-f353466901e7;1;;
TP_15133782603_TPS_18444892603;TP_15133782603;969516;1892bc04ea57020124353f03cb0196dfb4f5492088632900dd27cd67442c585e;2,03E+28;0;1;TPS_18444892603;HO2.26;HO2;26.0;VC;2026-03-13 19:36:00;2026-03-13 19:46:00;2026-03-13 19:56:00;2026-03-13 20:07:00;;560.0;;646.0;1860.0;13.03.2026 21:08;HO2, T13;fb867e40-1f0c-11f1-9c0a-0b7eea0a66e6;1;1960588745;
TP_15133902603_TPS_18461122603;TP_15133902603;604517;356c773ed2084f388977ac0a1a00656cad0cf3ef097446d13315562ff6083755;2,03E+28;1;1;TPS_18461122603;T21.03.01;T21;3.0;RMG;2026-03-13 20:36:00;2026-03-13 20:40:00;2026-03-13 20:45:00;2026-03-13 20:49:00;214.0;281.0;;278.0;773.0;13.03.2026 21:08;T21;00c62aca-1f14-11f1-9892-23e7b0b83f5a;1;;
TP_15134382603_TPS_18459932603;TP_15134382603;435833;8d079d9b221e8e4c1d5e685e307a7c190a4a78928c2e2709dee0c8bf3a333021;2,03E+28;1;1;TPS_18459932603;T16.03.01;T16;3.0;RMG;2026-03-14 08:01:00;2026-03-14 08:09:00;2026-03-14 08:14:00;2026-03-14 08:25:00;464.0;269.0;;665.0;1398.0;14.03.2026 09:35;T16;b258e084-1f73-11f1-81fc-af048cdd5ad4;1;;
TP_15135112603_TPS_18461402603;TP_15135112603;221371;3a8e26b43dbc0c0d84339c1459d1256159f4d49d305aa21cefbcc59490cdbc3f;2,03E+28;1;1;TPS_18461402603;HO2.28;HO2;28.0;VC;2026-03-13 21:10:00;2026-03-13 21:19:00;2026-03-13 21:21:00;2026-03-13 21:52:00;491.0;155.0;;1833.0;2479.0;13.03.2026 22:35;HO2;c0edb300-1f18-11f1-99f6-a354f8ab3452;1;;
TP_15135252603_TPS_18459572603;TP_15135252603;604517;356c773ed2084f388977ac0a1a00656cad0cf3ef097446d13315562ff6083755;2,03E+28;1;1;TPS_18459572603;T10.03.01;T10;3.0;RMG;2026-03-14 00:14:00;2026-03-14 00:18:00;2026-03-14 00:26:00;2026-03-14 00:29:00;185.0;519.0;;185.0;889.0;14.03.2026 01:35;T10;74d92d90-1f32-11f1-b78f-17481598e7e4;1;;
TP_15156782603_TPS_18486162603;TP_15156782603;554478;9e313f43b65092f8fc6e0a4330f469132c2f3e55dbb7fff1cd4564e5b47ab954;2,03E+28;1;1;TPS_18486162603;T26.03.01;T26;3.0;RMG;2026-03-16 07:09:00;2026-03-16 07:14:00;2026-03-16 07:17:00;2026-03-16 07:25:00;297.0;171.0;;451.0;919.0;16.03.2026 08:35;T26;c3835a56-20fe-11f1-bf6f-0bc4bac32e99;1;;
TP_15156902603_TPS_18486362603;TP_15156902603;294105;35519f65aa4df233c8a4de66f40b35fc0891558697f69f33542622f02a1a2adf;2,03E+28;1;1;TPS_18486362603;T10.03.01;T10;3.0;RMG;2026-03-16 07:13:00;2026-03-16 07:20:00;2026-03-16 07:22:00;2026-03-16 07:26:00;394.0;108.0;;226.0;728.0;16.03.2026 08:35;T10;52dc9140-20ff-11f1-a33b-8bd2ca4d04c6;1;;
TP_15157012603_TPS_18486612603;TP_15157012603;682425;8533caa53dd00e0d635192c7e23ac179fed6bc79fbb906ed416b4cfaa7912d2d;2,03E+28;0;0;TPS_18486612603;HO2.28;HO2;28.0;VC;2026-03-16 07:17:00;2026-03-16 07:55:00;2026-03-16 07:58:00;2026-03-16 08:24:00;;149.0;321.0;;;16.03.2026 09:35;HO2, T09, T11;cb7c942e-20ff-11f1-a3de-bfb8a38e111d;1;1966820081;
TP_15158022603_TPS_18484682603;TP_15158022603;481125;f94b0903f3ea35047746c61518934282906af24a1945a65d6db8b698ee4abdfb;2,03E+28;1;1;TPS_18484682603;HO2.25;HO2;25.0;VC;2026-03-16 06:12:00;2026-03-16 06:23:00;2026-03-16 06:30:00;2026-03-16 06:47:00;629.0;436.0;;985.0;2050.0;16.03.2026 07:35;HO2;cd0d8356-20f6-11f1-9e10-73f795b02f06;1;;
TP_15158542603_TPS_18485562603;TP_15158542603;521503;7b9b1be777fc97b76ee683f458e63113daf9b83735dfe6020329d70c9b4debaa;2,03E+28;0;0;TPS_18485562603;HO2.31;HO2;31.0;VC;2026-03-16 07:50:00;2026-03-16 08:29:00;2026-03-16 08:34:00;2026-03-16 09:10:00;;356.0;1173.0;;;16.03.2026 10:05;HO2, LL, T17, T22;6a05d8fe-2104-11f1-b4bb-5bc826fb363a;1;1967010936;
TP_15158572603_TPS_18485662603;TP_15158572603;712824;ae280de5d90e1f852b4c27b90b61e8f80ba6ca777b11e6c37391fa3d1371a507;2,03E+28;1;1;TPS_18485662603;T17.01.01;T17;1.0;RMG;2026-03-16 07:53:00;2026-03-16 08:00:00;2026-03-16 08:05:00;2026-03-16 08:15:00;470.0;281.0;;593.0;1344.0;16.03.2026 09:06;T17;c8b7dd8e-2104-11f1-b504-1b1230db6ee6;1;;
TP_15158872603_TPS_18498582603;TP_15158872603;758801;fb279178a1bfd48283edfc2dc84fbdd8df2323d45585340b7bf00ed857b8238e;2,03E+28;0;1;TPS_18498582603;HO2.33;HO2;33.0;VC;2026-03-16 09:36:00;2026-03-16 11:43:00;2026-03-16 11:47:00;2026-03-16 11:54:00;;266.0;;416.0;8290.0;16.03.2026 13:06;HO2, T16;e45bd6e2-2124-11f1-b504-4b4d7e6a4eb1;1;1967345286;
TP_15159012603_TPS_18492752603;TP_15159012603;453848;43d72b61b8b77772fe61037d77605db9fc79ec5e083c0f9090373a5c21ab011b;2,03E+28;0;1;TPS_18492752603;T21.01.01;T21;1.0;RMG;2026-03-16 10:14:00;2026-03-16 10:40:00;2026-03-16 10:49:00;2026-03-16 10:58:00;;530.0;;548.0;2593.0;16.03.2026 12:05;LL, T21;9baa2932-2118-11f1-9f21-ef4086ac00c9;1;;
TP_15159012603_20260316103009000000023327250;TP_15159012603;453848;43d72b61b8b77772fe61037d77605db9fc79ec5e083c0f9090373a5c21ab011b;2,03E+28;1;0;2,03E+28;LL;LL;;Leerlager;2026-03-16 10:14:00;2026-03-16 10:22:00;2026-03-16 10:30:00;2026-03-16 10:58:00;447.0;463.0;605.0;;;16.03.2026 12:05;LL, T21;735da881-211a-11f1-bf91-b3147eaeaae8,467c3f6b-211a-11f1-bf91-b3147eaeaae8;2;;
TP_15159162603_TPS_18486052603;TP_15159162603;665406;24e0eaf65e8270e3d327d35e24b8eac1470afc6a7ff0692b90fc602a5f724fda;2,03E+28;0;1;TPS_18486052603;HO2.33;HO2;33.0;VC;2026-03-16 07:07:00;2026-03-16 07:51:00;2026-03-16 07:56:00;2026-03-16 08:04:00;;281.0;;482.0;3426.0;16.03.2026 09:06;HO2, T24;66921bfc-20fe-11f1-bf33-d3b49f15760f;1;1966789539;
TP_15159192603_TPS_18487062603;TP_15159192603;640817;24754780a1bfb339975753f05f08c375755edf754ffa3b9951151d40346984a4;2,03E+28;0;1;TPS_18487062603;HO2.26;HO2;26.0;VC;2026-03-16 07:16:00;2026-03-16 07:49:00;2026-03-16 07:55:00;2026-03-16 08:09:00;;356.0;;804.0;3189.0;16.03.2026 09:06;HO2, T12;5222567c-2104-11f1-a43e-db648703d093;1;1966819310;
TP_15159382603_TPS_18491062603;TP_15159382603;749154;f9db887fa5cad3445d9ca7c745d1db97cd81900f97b2c4a869f6794cab5f13b8;2,03E+28;1;1;TPS_18491062603;T23.03.01;T23;3.0;RMG;2026-03-16 08:06:00;2026-03-16 08:12:00;2026-03-16 08:20:00;2026-03-16 08:28:00;350.0;452.0;;467.0;1269.0;16.03.2026 09:35;T23;b9fcc46a-2106-11f1-ac40-971d6950ae58;1;;
TP_15161282603_TPS_18493812603;TP_15161282603;298650;33cd71d3815dc1452acb19b3b9ce006468147f4467f562b03f7fe7b148fe5d25;2,03E+28;0;1;TPS_18493812603;HO2.22;HO2;22.0;VC;2026-03-16 11:02:00;2026-03-16 12:14:00;2026-03-16 12:23:00;2026-03-16 12:30:00;;524.0;;445.0;5274.0;16.03.2026 13:35;HO2, T10;45fa4920-211f-11f1-b0ff-43830a50d25c;1;1967658918;
TP_15162192603_TPS_18494032603;TP_15162192603;609185;4cb633031d9d617e880c66360bc654d2d22c5606e6b84268ad28b6041000c58c;2,03E+28;0;0;TPS_18494032603;HO2.31;HO2;31.0;VC;2026-03-16 11:41:00;2026-03-16 12:38:00;2026-03-16 12:44:00;2026-03-16 13:49:00;;386.0;335.0;;;16.03.2026 14:35;HO2, T11, T27;a624df72-2124-11f1-b9dc-2725ca080407;1;1967675319;
TP_15162332603_TPS_18495242603;TP_15162332603;366538;52957def0ba789c22b30b5afb4eec707e705ffcc22efd62debe4c56d41be001b;2,03E+28;1;1;TPS_18495242603;HO2.27;HO2;27.0;VC;2026-03-16 11:52:00;2026-03-16 12:30:00;2026-03-16 12:34:00;2026-03-16 12:42:00;2237.0;231.0;;510.0;2978.0;16.03.2026 13:35;HO2;4c4e1e44-2126-11f1-bb5e-3b3df1e7a200;1;;
TP_15162562603_TPS_18501552603;TP_15162562603;276082;46b64ab68cfb48c6b0582d4db385ed9b5bc092ca2655f773a81cd6c9eb0c0846;2,03E+28;1;1;TPS_18501552603;T09.02.01;T09;2.0;RMG;2026-03-16 12:29:00;2026-03-16 12:36:00;2026-03-16 13:23:00;2026-03-16 13:36:00;388.0;2834.0;;782.0;4004.0;16.03.2026 14:35;T09;779ee89e-212b-11f1-bfb3-6fb7e1776cfd;1;;
TP_15163032603_TPS_18498572603;TP_15163032603;466907;870f6a63cd7bf976f73a55190fc56c6633bc531877bd19a1ff5cdb4f7ee5c0f1;2,03E+28;0;1;TPS_18498572603;HO2.24;HO2;24.0;VC;2026-03-16 09:59:00;2026-03-16 11:36:00;2026-03-16 11:41:00;2026-03-16 12:02:00;;340.0;;1260.0;7411.0;16.03.2026 13:06;HO2, T12, T14;f0e761d4-2123-11f1-b4f8-1f775a3c8433;1;1967410649;
TP_15163852603_TPS_18489422603;TP_15163852603;269605;ac03487b2a5af36069b608ab3d2cd3c632ca4a643d1b25bb44ac2467c7892805;2,03E+28;1;1;TPS_18489422603;T22.03.01;T22;3.0;RMG;2026-03-16 11:31:00;2026-03-16 11:39:00;2026-03-16 11:41:00;2026-03-16 11:47:00;433.0;121.0;;397.0;951.0;16.03.2026 12:35;T22;5da6324c-2123-11f1-9e7c-b7e0c432e748;1;;
TP_15164112603_TPS_18497392603;TP_15164112603;797164;18e26575185020fe33f53096a7012d944d6147348343f2f2aa15debb18f9913c;2,03E+28;0;1;TPS_18497392603;T26.04.01;T26;4.0;RMG;2026-03-16 11:54:00;2026-03-16 12:25:00;2026-03-16 12:31:00;2026-03-16 12:57:00;;344.0;;1551.0;3739.0;16.03.2026 14:05;T17, T26;93ed4388-2126-11f1-bb6b-9f84493250c7;1;;
TP_15164112603_TPS_18497382603;TP_15164112603;797164;18e26575185020fe33f53096a7012d944d6147348343f2f2aa15debb18f9913c;2,03E+28;1;0;TPS_18497382603;T17.01.01;T17;1.0;RMG;2026-03-16 11:54:00;2026-03-16 12:10:00;2026-03-16 12:15:00;2026-03-16 12:57:00;960.0;253.0;631.0;;;16.03.2026 14:05;T17, T26;93deb818-2126-11f1-bb6a-572532950393;1;;
TP_15164902603_TPS_18502912603;TP_15164902603;922378;186cdaedb93a025d17a4cf61db73d2eef7df5e1b55e7896d4ab6cc07f89c52d1;2,03E+28;0;1;TPS_18502912603;HO2.31;HO2;31.0;VC;2026-03-16 13:38:00;2026-03-16 14:54:00;2026-03-16 14:58:00;2026-03-16 15:17:00;;232.0;;1122.0;5899.0;16.03.2026 16:05;HO2, T09;19003c20-2135-11f1-9e88-47c78d8a3aaf;1;1968100823;
TP_15164922603_TPS_18502932603;TP_15164922603;531389;e2d68a47eba3bff1778f74810989a59b244d12532e0533fae5379a180248a2ad;2,03E+28;1;1;TPS_18502932603;HO2.27;HO2;27.0;VC;2026-03-16 13:38:00;2026-03-16 13:58:00;2026-03-16 14:02:00;2026-03-16 14:14:00;1141.0;275.0;;705.0;2121.0;16.03.2026 15:06;HO2;1ba6a0cc-2135-11f1-9e8f-ef44eabaedf9;1;;
TP_15165142603_TPS_18487082603;TP_15165142603;229264;28bc356638fbffeda74e5e576e50e0475672318db8d3f955facba413407892fb;2,03E+28;0;1;TPS_18487082603;HO2.26;HO2;26.0;VC;2026-03-16 13:47:00;2026-03-16 14:43:00;2026-03-16 14:50:00;2026-03-16 15:02:00;;444.0;;707.0;4493.0;16.03.2026 16:05;HO2, T13;0a4f2b56-213e-11f1-a7a5-f34a02f5d608;1;1968122904;
TP_15165342603_TPS_18504822603;TP_15165342603;300103;a431be14a218266b4c38bb4939e0da67654896cf94f500bac9d3b9def2886ec6;2,03E+28;1;1;TPS_18504822603;HO2.23;HO2;23.0;VC;2026-03-16 15:13:00;2026-03-16 15:35:00;2026-03-16 15:47:00;2026-03-16 15:52:00;1267.0;734.0;;335.0;2336.0;16.03.2026 16:35;HO2;60eea0f0-2142-11f1-96ee-fb748ba8315a;1;;
TP_15165642603_TPS_18496162603;TP_15165642603;267862;24410aa3704f51f2206e47d69b66a41c3ca8d66c17c7f6533b48b617a29484a1;2,03E+28;1;1;TPS_18496162603;T13.04.01;T13;4.0;RMG;2026-03-16 10:49:00;2026-03-16 11:06:00;2026-03-16 11:38:00;2026-03-16 11:44:00;972.0;1955.0;;354.0;3281.0;16.03.2026 12:35;T13;7eb2e378-211d-11f1-b168-bb6a2a29ce60;1;;
TP_15166252603_TPS_18487092603;TP_15166252603;863981;7743d842f043a72b8e39da5efa828e7c238b1adb7e74e58dd1a753f37ad353bd;2,03E+28;0;1;TPS_18487092603;HO2.34;HO2;34.0;VC;2026-03-16 14:21:00;2026-03-16 15:14:00;2026-03-16 15:21:00;2026-03-16 15:28:00;;381.0;;457.0;4062.0;16.03.2026 16:35;HO2, T21, T26;78a375ea-2142-11f1-a7f8-73bf538a864d;1;1968454954;
TP_15167432603_TPS_18500112603;TP_15167432603;499410;1afc41fce09636a0bccc087d1d3949f563332182b2c493ea5430ab5b6d808cd6;2,03E+28;1;1;TPS_18500112603;T20.03.01;T20;3.0;RMG;2026-03-16 14:32:00;2026-03-16 14:36:00;2026-03-16 14:41:00;2026-03-16 14:46:00;207.0;303.0;;282.0;792.0;16.03.2026 15:35;T20;a6620e3e-213c-11f1-bc3e-1fe4f65893ae;1;;
TP_15168742603_TPS_18498242603;TP_15168742603;330855;e6189a552f242a4280657464c26ea705574f223931134420cbf0e1581728b1ad;2,03E+28;1;1;TPS_18498242603;T12.01.01;T12;1.0;RMG;2026-03-16 13:19:00;2026-03-16 13:35:00;2026-03-16 13:53:00;2026-03-16 14:06:00;946.0;1070.0;;793.0;2809.0;16.03.2026 15:06;T12;738df108-2132-11f1-82e9-b34b5100e42d;1;;
TP_15169342603_20260316130229000000023332812;TP_15169342603;580751;6268a3aeabf81d7dd8f817c0f91f01040cebfafcef25d64772803b2dd519927f;2,03E+28;1;0;2,03E+28;LL;LL;;Leerlager;2026-03-16 12:40:00;2026-03-16 12:52:00;2026-03-16 13:02:00;2026-03-16 14:08:00;702.0;592.0;2157.0;;;16.03.2026 15:06;HO2, LL;a4641294-212e-11f1-bf91-b3147eaeaae8;1;1967940336;
TP_15170492603_TPS_18504542603;TP_15170492603;557889;64b7f1a5503f13587f74662e393e87549a494adad81d657493a5a9352218a0e2;2,03E+28;1;1;TPS_18504542603;T24.02.01;T24;2.0;RMG;2026-03-16 15:04:00;2026-03-16 15:13:00;2026-03-16 15:25:00;2026-03-16 15:33:00;518.0;728.0;;435.0;1681.0;16.03.2026 16:35;T24;1e722d38-2141-11f1-967a-ebb5ef7173b1;1;;
TP_15170762603_TPS_18501102603;TP_15170762603;437201;0db9af859f50ae8ae2fd135087ea390b173550732941633470425e8694e61b3b;2,03E+28;1;1;TPS_18501102603;HO2.28;HO2;28.0;VC;2026-03-16 14:53:00;2026-03-16 15:19:00;2026-03-16 15:23:00;2026-03-16 15:31:00;1518.0;236.0;;479.0;2233.0;16.03.2026 16:35;HO2;95b9b872-213f-11f1-bf3b-2b726f66b8ba;1;;
TP_15171632603_TPS_18507882603;TP_15171632603;448333;4deb4e66bca0c6e92de29ad744e34a893ec2a9b6cfa434539f6a86b8a34296eb;2,03E+28;1;1;TPS_18507882603;T17.02.01;T17;2.0;RMG;2026-03-16 16:28:00;2026-03-16 16:33:00;2026-03-16 16:35:00;2026-03-16 16:40:00;280.0;86.0;;300.0;666.0;16.03.2026 17:35;T17;db285aaa-214c-11f1-bde0-03538deee792;1;;
TP_15173072603_TPS_18511242603;TP_15173072603;728136;5a49540485c329cc62381104159de32be345017d2918c283cc535ff97ed18b8a;2,03E+28;1;1;TPS_18511242603;T16.03.01;T16;3.0;RMG;2026-03-16 17:41:00;2026-03-16 17:47:00;2026-03-16 17:49:00;2026-03-16 17:54:00;301.0;137.0;;304.0;742.0;16.03.2026 19:08;T16;0e123ff8-2157-11f1-ad61-27a7c62686c4;1;;
TP_15175082603_TPS_18511472603;TP_15175082603;861858;5de248f5f0bdfda2f38c424b74edb0ba077a188411322ef0599210c676037de8;2,03E+28;1;1;TPS_18511472603;T12.04.01;T12;4.0;RMG;2026-03-16 18:00:00;2026-03-16 18:06:00;2026-03-16 18:20:00;2026-03-16 18:27:00;324.0;872.0;;400.0;1596.0;16.03.2026 19:08;T12;b4ba2120-2159-11f1-afc7-9ba16b6f6206;1;;
TP_15175412603_TPS_18512122603;TP_15175412603;369823;d428a76d10b743d116eb9545cf84bc39f3ac021900d8bc3b4061c78ef5a22235;2,03E+28;1;1;TPS_18512122603;HO2.25;HO2;25.0;VC;2026-03-16 18:52:00;2026-03-16 18:59:00;2026-03-16 19:41:00;2026-03-16 19:47:00;380.0;2550.0;;337.0;3267.0;16.03.2026 20:35;HO2;f906c070-2160-11f1-b9a5-d77600260897;1;;
TP_15175652603_TPS_18512882603;TP_15175652603;613851;f598f3ff8524a0d5b09aeda2470bdb6d20a5495ee993a7a01cc2a01b94c18cc2;2,03E+28;0;1;TPS_18512882603;HO2.31;HO2;31.0;VC;2026-03-16 20:53:00;2026-03-16 21:29:00;2026-03-16 21:35:00;2026-03-16 21:43:00;;310.0;;496.0;2977.0;16.03.2026 22:35;HO2, LL, T16;d6f62b22-2171-11f1-ba5d-5bbf8e710bae;1;1970045594;
TP_15176142603_TPS_18511562603;TP_15176142603;746525;947ecb0faf3a8076cb90851929bbbb507396c8ad78e1f99011af0ced27bc690e;2,03E+28;1;1;TPS_18511562603;T17.02.01;T17;2.0;RMG;2026-03-16 18:04:00;2026-03-16 18:12:00;2026-03-16 18:36:00;2026-03-16 18:43:00;442.0;1477.0;;365.0;2284.0;16.03.2026 19:08;T17;43cb5fdc-215a-11f1-b12a-cf3b3773de4b;1;;
TP_15176562603_TPS_18514002603;TP_15176562603;967195;bc323c3faec1e5fa1e631d9c4d4789416799008bd3ef48f00da46226783bf32a;2,03E+28;1;1;TPS_18514002603;HO2.28;HO2;28.0;VC;2026-03-17 01:01:00;2026-03-17 01:14:00;2026-03-17 01:15:00;2026-03-17 01:19:00;734.0;85.0;;235.0;1054.0;17.03.2026 02:05;HO2;85accc76-2194-11f1-bfca-e757c3d7cb40;1;;
TP_15179552603_TPS_18505872603;TP_15179552603;398009;25da9c93be402d9037fb6cf6da70459e9ebbe51b0209665eb26228813e6b8d43;2,03E+28;0;0;TPS_18505872603;HO2.28;HO2;28.0;VC;2026-03-16 19:47:00;2026-03-16 20:02:00;2026-03-16 20:05:00;2026-03-16 20:51:00;;185.0;843.0;;;16.03.2026 21:09;HO2, T11, T16;9039b982-2168-11f1-ac31-3f983556a143;1;1969961972;
TP_15179612603_TPS_18508412603;TP_15179612603;812365;2e378c7f71f275ea15e8fca4245978837f15065ffa09de7c8c0eaa136a68d1e5;2,03E+28;1;1;TPS_18508412603;T14.03.01;T14;3.0;RMG;2026-03-16 20:31:00;2026-03-16 20:38:00;2026-03-16 20:55:00;2026-03-16 21:23:00;394.0;1011.0;;1686.0;3091.0;16.03.2026 22:05;T14;cd93f99a-216e-11f1-a40e-47b913d68df7;1;;
TP_15181512603_TPS_18520482603;TP_15181512603;471829;42ee1ace7cd4f5213e02367321247d8eb6cccaf0453b0bca160ab1c71970d036;2,03E+28;0;1;TPS_18520482603;HO2.28;HO2;28.0;VC;2026-03-17 06:39:00;2026-03-17 07:16:00;2026-03-17 07:28:00;2026-03-17 07:36:00;;725.0;;476.0;3412.0;17.03.2026 08:35;HO2, LL, T12;afe1fda2-21c3-11f1-b70c-a70518b09f8c;1;1970728906;
TP_15181642603_20260317070249000000023355169;TP_15181642603;708868;8de4f4bb684955dd42cb176260a732aeac76f2827e602b3734ef4235d3f82a5f;2,03E+28;1;1;2,03E+28;LL;LL;;Leerlager;2026-03-17 06:44:00;2026-03-17 06:51:00;2026-03-17 07:02:00;2026-03-17 07:16:00;392.0;678.0;;817.0;1887.0;17.03.2026 08:05;LL;8dfa707e-21c5-11f1-bf91-b3147eaeaae8,8be747ed-21c5-11f1-bf91-b3147eaeaae8;2;;
TP_15182642603_TPS_18498632603;TP_15182642603;806436;9d2a7d6542f2e623436b89be40d763cbb8a96c2690b34a6ad6de05d274bf371d;2,03E+28;0;1;TPS_18498632603;HO2.33;HO2;33.0;VC;2026-03-17 06:14:00;2026-03-17 06:30:00;2026-03-17 06:32:00;2026-03-17 06:40:00;;172.0;;471.0;1593.0;17.03.2026 07:35;HO2, T14;5308a69a-21c2-11f1-bb3a-f7e250689de9;1;1970694719;
TP_15184002603_TPS_18521162603;TP_15184002603;798816;1a63d53fd20e479180c8d9d6dcd9ae6e7c8fc91a62760e81e5d79642ef877c4d;2,03E+28;1;1;TPS_18521162603;T15.02.01;T15;2.0;RMG;2026-03-17 07:03:00;2026-03-17 07:23:00;2026-03-17 08:07:00;2026-03-17 08:38:00;1257.0;2602.0;;1882.0;5741.0;17.03.2026 09:35;T15;f54c2450-21c6-11f1-b8e0-9f4a4c75c2bc;1;;
TP_15184392603_TPS_18521622603;TP_15184392603;256556;decfa9c41b27878866bead6d5956a15c07565aec958ae25c7cf4a336bc8cb61a;2,03E+28;0;1;TPS_18521622603;HO2.23;HO2;23.0;VC;2026-03-17 07:59:00;2026-03-17 08:46:00;2026-03-17 08:50:00;2026-03-17 08:59:00;;285.0;;543.0;3599.0;17.03.2026 10:05;HO2, T13;;0;1970943627;
TP_15185152603_TPS_18516112603;TP_15185152603;973539;d195563a79ea58a2756c59e0dc6afd933b94ca03b9de75793aaee0475c11b13a;2,03E+28;1;1;TPS_18516112603;T21.01.01;T21;1.0;RMG;2026-03-17 08:41:00;2026-03-17 08:46:00;2026-03-17 08:58:00;2026-03-17 09:03:00;297.0;665.0;;350.0;1312.0;17.03.2026 10:05;T21;c8175708-21d4-11f1-9a00-dbd6d4eba11c;1;;
TP_15185262603_TPS_18524112603;TP_15185262603;398418;68db4937846196903f92699c43bd65f31cf0fb6aa70da8e82be5c6d77d520d89;2,03E+28;1;1;TPS_18524112603;HO2.31;HO2;31.0;VC;2026-03-17 08:54:00;2026-03-17 09:02:00;2026-03-17 09:15:00;2026-03-17 09:22:00;449.0;778.0;;454.0;1681.0;17.03.2026 10:05;HO2;985ec7d8-21d6-11f1-9972-17c07d3bbb96,986cc32e-21d6-11f1-9973-630de074960d;2;;
TP_15185632603_TPS_18521632603;TP_15185632603;869675;afc01de7409009b55db8de1e3af0cb2bc3415a3b63d245ed281d766913449567;2,03E+28;0;1;TPS_18521632603;HO2.22;HO2;22.0;VC;2026-03-17 09:42:00;2026-03-17 10:06:00;2026-03-17 10:07:00;2026-03-17 10:17:00;;16.0;;644.0;2120.0;17.03.2026 11:06;HO2, T17;;0;1971499744;
TP_15187022603_TPS_18525982603;TP_15187022603;366350;e2e558bed7f3b7ae3518897b314c063d9b06e26f4e5c6d250ad72b98e7d0ca3f;2,03E+28;0;1;TPS_18525982603;HO2.26;HO2;26.0;VC;2026-03-17 10:40:00;2026-03-17 11:31:00;2026-03-17 11:39:00;2026-03-17 11:46:00;;488.0;;431.0;3934.0;17.03.2026 12:35;HO2, LL, T21;6692da1e-21e5-11f1-b398-9f44e0c03eb4;1;1971721847;
TP_15187312603_TPS_18523802603;TP_15187312603;798741;dfd70ae32b844e93a0f69d957c96e1c0fa0b3504c2158afa9f6f1eb21ed434f2;2,03E+28;1;1;TPS_18523802603;HO2.25;HO2;25.0;VC;2026-03-17 07:54:00;2026-03-17 08:07:00;2026-03-17 08:35:00;2026-03-17 08:41:00;776.0;1637.0;;359.0;2772.0;17.03.2026 09:35;HO2;3746e262-21ce-11f1-8ca8-27a82a8ff945;1;;
TP_15187472603_TPS_18524442603;TP_15187472603;494395;ce4564eac4d4c9e3054ae520658438da95f891f87a26dde2d07d0544bbb6dfff;2,03E+28;1;1;TPS_18524442603;T06.02.01;T06;2.0;RMG;2026-03-17 08:21:00;2026-03-17 08:25:00;2026-03-17 08:34:00;2026-03-17 08:43:00;185.0;592.0;;488.0;1265.0;17.03.2026 09:35;T06;fcc2d002-21d1-11f1-9521-7b953875c93c;1;;
TP_15189422603_TPS_18526242603;TP_15189422603;422829;6b5eba515611cdb3c4e8272433a68122a25be899a06f4f581611e459b4d477fa;2,03E+28;1;1;TPS_18526242603;T23.02.01;T23;2.0;RMG;2026-03-17 10:45:00;2026-03-17 11:00:00;2026-03-17 11:04:00;2026-03-17 11:11:00;867.0;241.0;;413.0;1521.0;17.03.2026 12:05;T23;1acf6d26-21e6-11f1-b42c-d3adef44b2d3;1;;
TP_15190022603_TPS_18528322603;TP_15190022603;615139;691dd37ac6eeace44e7befd42034916ababc3f8b14be07b542e0c5f4bca497e2;2,03E+28;1;1;TPS_18528322603;T17.01.01;T17;1.0;RMG;2026-03-17 10:11:00;2026-03-17 10:23:00;2026-03-17 10:26:00;2026-03-17 10:31:00;691.0;166.0;;327.0;1184.0;17.03.2026 11:35;T17;5b13272e-21e1-11f1-af95-373f23ebc665;1;;
TP_15190482603_TPS_18534622603;TP_15190482603;531568;3aa614f41f36ce0776b75a48110ffc9fed68e91126cf0f3d0b6b82691116567c;2,03E+28;1;1;TPS_18534622603;T14.02.01;T14;2.0;RMG;2026-03-17 13:28:00;2026-03-17 13:34:00;2026-03-17 13:48:00;2026-03-17 14:01:00;314.0;876.0;;777.0;1967.0;17.03.2026 15:06;T14;e043a75a-21fc-11f1-9f32-e3bfceca944b,e0540578-21fc-11f1-9f33-7be60fdc03ed;2;;
TP_15192752603_TPS_18531332603;TP_15192752603;813262;6a48547f8c17960285e488e00e8dbf86ac2a4298d17fd5f2ec9cf71f9f4f3069;2,03E+28;1;1;TPS_18531332603;T26.01.01;T26;1.0;RMG;2026-03-17 12:05:00;2026-03-17 12:11:00;2026-03-17 12:35:00;2026-03-17 12:46:00;375.0;1388.0;;714.0;2477.0;17.03.2026 13:35;T26;3a98458c-21f1-11f1-bd4b-576c8e74241e;1;;
TP_15193282603_TPS_18527722603;TP_15193282603;228786;272a90999760a2dcb1612a07e60bc67f5b6b6b3d2eecaeae30650c9aadde9cdf;2,03E+28;0;1;TPS_18527722603;HO2.31;HO2;31.0;VC;2026-03-17 13:08:00;2026-03-17 13:25:00;2026-03-17 13:31:00;2026-03-17 13:50:00;;355.0;;1094.0;2512.0;17.03.2026 14:35;HO2, T12;f755c0b6-21f9-11f1-99ad-c7edc03a07d6;1;1972247200;
TP_15193632603_TPS_18527172603;TP_15193632603;443641;69efad7c21b8dddc0dfbb5b718fc67ac228536e6dcdba7a2e26c4e60707cdb25;2,03E+28;1;1;TPS_18527172603;T24.01.01;T24;1.0;RMG;2026-03-17 11:26:00;2026-03-17 11:36:00;2026-03-17 11:47:00;2026-03-17 12:38:00;578.0;677.0;;3048.0;4303.0;17.03.2026 13:35;T24;d4e6c6e6-21eb-11f1-bd4e-1b496319f27e;1;;
TP_15193692603_TPS_18527242603;TP_15193692603;743495;5f343089e302420b4413e7773ff6502e7b105dba095cd2cdb7b9eeff528259ab;2,03E+28;1;1;TPS_18527242603;T11.01.01;T11;1.0;RMG;2026-03-17 11:31:00;2026-03-17 11:35:00;2026-03-17 11:43:00;2026-03-17 11:57:00;218.0;446.0;;842.0;1506.0;17.03.2026 12:35;T11;87b4ca7a-21ec-11f1-bdcc-678b2ddf1455;1;;
TP_15193792603_TPS_18526392603;TP_15193792603;483924;9685634710adcbcfcff8b6ef9922026febe8c2ce60a78c2937b18023095a2a75;2,03E+28;0;1;TPS_18526392603;T15.03.01;T15;3.0;RMG;2026-03-17 11:45:00;2026-03-17 12:19:00;2026-03-17 12:24:00;2026-03-17 12:34:00;;285.0;;595.0;2920.0;17.03.2026 13:35;LL, T15;7c2fa696-21ee-11f1-be3d-272eef4853f6;1;;
TP_15193792603_20260317115904000000023361090;TP_15193792603;483924;9685634710adcbcfcff8b6ef9922026febe8c2ce60a78c2937b18023095a2a75;2,03E+28;1;0;2,03E+28;LL;LL;;Leerlager;2026-03-17 11:45:00;2026-03-17 11:55:00;2026-03-17 11:59:00;2026-03-17 12:34:00;571.0;215.0;1254.0;;;17.03.2026 13:35;LL, T15;d6bd8180-21ef-11f1-bf91-b3147eaeaae8;1;;
TP_15194292603_TPS_18521672603;TP_15194292603;344576;945ee609b708b28efabbb07629fcc1e6d879ae4251fa7c2389e3d2f3f37153ae;2,03E+28;0;1;TPS_18521672603;HO2.33;HO2;33.0;VC;2026-03-17 12:38:00;2026-03-17 13:25:00;2026-03-17 13:29:00;2026-03-17 13:39:00;;230.0;;619.0;3638.0;17.03.2026 14:35;HO2, LL, T14;4982459c-21fc-11f1-9e98-37d93a2df77a;1;1972148907;
TP_15195072603_TPS_18530752603;TP_15195072603;304494;881c1afd643f06ee0b564304c660be00a8fd2f6bb6c06e7dd3c6b4969360e2dd;2,03E+28;0;1;TPS_18530752603;HO2.33;HO2;33.0;VC;2026-03-17 11:40:00;2026-03-17 11:57:00;2026-03-17 12:02:00;2026-03-17 12:16:00;;316.0;;877.0;2208.0;17.03.2026 13:06;HO2, T12;a95f1a1c-21ed-11f1-b9e4-ff70d64b165a;1;1971996329;
TP_15195172603_TPS_18531532603;TP_15195172603;620268;c77ce1b8e1935eacfd915af774df0bbddeb59180a05d0ed34c69142fc7a92dd3;2,03E+28;0;1;TPS_18531532603;HO2.24;HO2;24.0;VC;2026-03-17 12:11:00;2026-03-17 12:49:00;2026-03-17 12:54:00;2026-03-17 13:47:00;;284.0;;3171.0;5765.0;17.03.2026 14:35;HO2, T20, T27;05b5ff8e-21f2-11f1-bddf-d75f01f35e44;1;1972089947;
TP_15195242603_TPS_18521652603;TP_15195242603;559603;3b001485446bbb7674ee20a8e5c295c35eba29d43647ae3749161d1740c9a8fb;2,03E+28;0;1;TPS_18521652603;HO2.34;HO2;34.0;VC;2026-03-17 12:37:00;2026-03-17 12:55:00;2026-03-17 13:00:00;2026-03-17 13:07:00;;289.0;;420.0;1783.0;17.03.2026 14:05;HO2, T13;2de82328-21f8-11f1-9e7b-7b9ed5c25e51;1;1972153226;
TP_15195302603_TPS_18521662603;TP_15195302603;660113;f025806ee08da502add66d0764540949b51b0ccceaadaf5b6e6611ab0c966685;2,03E+28;0;1;TPS_18521662603;HO2.22;HO2;22.0;VC;2026-03-17 12:40:00;2026-03-17 12:56:00;2026-03-17 13:02:00;2026-03-17 13:13:00;;376.0;;627.0;1978.0;17.03.2026 14:05;HO2, T18;511ee8c2-21f8-11f1-9e7c-93e781206dff;1;1972163054;
TP_15197292603_TPS_18540562603;TP_15197292603;431912;40d1ba2e5b44df00d330135fd172bc17945612c506bd0be326cdae0c73db5543;2,03E+28;1;1;TPS_18540562603;T13.04.01;T13;4.0;RMG;2026-03-17 17:32:00;2026-03-17 17:39:00;2026-03-17 17:41:00;2026-03-17 17:46:00;367.0;127.0;;300.0;794.0;17.03.2026 18:35;T13;f6a54144-221e-11f1-9f60-9755ec4d529e;1;;
TP_15197802603_TPS_18538292603;TP_15197802603;615746;f5de39a38c35b718c82e7227009bd4276fe874355c8c48cc24446cceedac3da6;2,03E+28;0;0;TPS_18538292603;HO2.33;HO2;33.0;VC;2026-03-17 15:15:00;2026-03-17 15:45:00;2026-03-17 15:57:00;2026-03-17 16:20:00;;717.0;313.0;;;17.03.2026 17:35;HO2, T13, T23;c26cdc1a-220b-11f1-b0f6-f764e7607d2e;1;1972599238;
TP_15197892603_TPS_18538472603;TP_15197892603;494644;c39cc8ae769f5f94b9be5d4b2a870f6931461a2c45eb6786e75b42a969eb8450;2,03E+28;1;1;TPS_18538472603;T08.02.01;T08;2.0;RMG;2026-03-17 15:22:00;2026-03-17 15:32:00;2026-03-17 15:35:00;2026-03-17 15:45:00;575.0;158.0;;618.0;1351.0;17.03.2026 16:35;T08;cd3394da-220c-11f1-b2ad-f7a367725336;1;;
TP_15198652603_TPS_18540152603;TP_15198652603;877311;6c54af30c720ff018006be51b85e66eb82dcdd3c8f478de576f5c36d84522958;2,03E+28;1;1;TPS_18540152603;T22.02.01;T22;2.0;RMG;2026-03-17 16:54:00;2026-03-17 17:01:00;2026-03-17 17:08:00;2026-03-17 17:34:00;397.0;410.0;;1559.0;2366.0;17.03.2026 18:35;T22;a71cef8c-2219-11f1-bddf-d36ff9d49b1f;1;;
TP_15198942603_20260317151806000000023366768;TP_15198942603;930498;27c1e904420ca77a4fec715b9678c1ca3c7e10bcd0bb02c6edff74af9cfb364c;2,03E+28;1;1;2,03E+28;LL;LL;;Leerlager;2026-03-17 14:44:00;2026-03-17 14:49:00;2026-03-17 15:18:00;2026-03-17 15:39:00;258.0;1731.0;;1312.0;3301.0;17.03.2026 16:35;LL;2d394009-220a-11f1-bf91-b3147eaeaae8;1;;
TP_15199522603_TPS_18498642603;TP_15199522603;744481;b61dcc67d20306719e715fcff58e371c494584b0164c919880c0b8c68701d248;2,03E+28;0;1;TPS_18498642603;HO2.28;HO2;28.0;VC;2026-03-17 15:07:00;2026-03-17 15:32:00;2026-03-17 15:38:00;2026-03-17 15:48:00;;354.0;;577.0;2476.0;17.03.2026 16:35;HO2, T11;2b5dcaac-220e-11f1-bd98-9fc35ab9dc43;1;1972598925;
TP_15201562603_TPS_18544662603;TP_15201562603;887623;dd8e06148349e3684d4519b82e2dbdddc73ba1c6210dfaa11dabb8961c57c0b7;2,03E+28;1;1;TPS_18544662603;T18.03.01;T18;3.0;RMG;2026-03-17 18:31:00;2026-03-17 18:40:00;2026-03-17 18:47:00;2026-03-17 18:54:00;524.0;395.0;;427.0;1346.0;17.03.2026 20:05;T18;347fd6ca-2227-11f1-b61f-ff8ba474f544;1;;
TP_15202072603_TPS_18546182603;TP_15202072603;463608;8ea8305838f64042dd80c60ffe9ca310eed2110026084f910e586bb38a06c81c;2,03E+28;0;1;TPS_18546182603;T06.03.01;T06;3.0;RMG;2026-03-17 23:11:00;2026-03-17 23:43:00;2026-03-17 23:46:00;2026-03-17 23:48:00;;177.0;;168.0;2212.0;18.03.2026 00:35;LL, T06;5191cbac-224e-11f1-b001-2f352812c853;1;;
TP_15202072603_20260317234120000000023377976;TP_15202072603;463608;8ea8305838f64042dd80c60ffe9ca310eed2110026084f910e586bb38a06c81c;2,03E+28;1;0;2,03E+28;LL;LL;;Leerlager;2026-03-17 23:11:00;2026-03-17 23:15:00;2026-03-17 23:41:00;2026-03-17 23:48:00;192.0;1569.0;106.0;;;18.03.2026 00:35;LL, T06;7177fc6f-2251-11f1-bf91-b3147eaeaae8;1;;
TP_15202512603_20260318051055000000023388849;TP_15202512603;433115;6598ae1662bd66b135b807d63b78e81ae40da68bd001383572a82153e5ad3710;2,03E+28;0;0;2,03E+28;LL;LL;;Leerlager;2026-03-18 03:34:00;2026-03-18 05:09:00;2026-03-18 05:10:00;2026-03-18 05:48:00;;82.0;371.0;;;18.03.2026 06:35;LL, T14;47ce32d3-2280-11f1-bf91-b3147eaeaae8;1;1973928375;
TP_15203382603_TPS_18549872603;TP_15203382603;313995;2270f49e0b351a8d856abeadf12abf2944a7fa87a9e1b053a50a5c61967447af;2,03E+28;1;1;TPS_18549872603;HO2.28;HO2;28.0;VC;2026-03-18 04:56:00;2026-03-18 05:04:00;2026-03-18 05:05:00;2026-03-18 05:10:00;447.0;91.0;;300.0;838.0;18.03.2026 06:05;HO2;83e64850-227e-11f1-b7b1-b308e62352bd;1;;
TP_15203462603_TPS_18549062603;TP_15203462603;701978;303ce4f3423eef2b62f57a0ed954f74532db401ed2ee029df031c2c82acf903d;2,03E+28;0;1;TPS_18549062603;HO2.28;HO2;28.0;VC;2026-03-18 05:35:00;2026-03-18 06:14:00;2026-03-18 06:20:00;2026-03-18 06:29:00;;376.0;;542.0;3288.0;18.03.2026 07:35;HO2, LL, T06;d6e66bf2-2283-11f1-9c6c-7b6307d8cfc1;1;1974047684;
TP_15203502603_TPS_18550152603;TP_15203502603;215629;238ceda0991f31e0ccf0e8a5e5df90ba20096749501384b92a78ae7824520b8c;2,03E+28;1;1;TPS_18550152603;T27.03.01;T27;3.0;RMG;2026-03-18 05:38:00;2026-03-18 05:44:00;2026-03-18 05:46:00;2026-03-18 05:56:00;340.0;124.0;;565.0;1029.0;18.03.2026 07:06;T27;622cfb22-2284-11f1-b8a7-7b2f6c791174;1;;
TP_15204422603_20260318051308000000023388852;TP_15204422603;804772;0cb5a66e996c9099f4f951044263468c0210deb43ad286802a58d9d14905bfc0;2,03E+28;1;0;2,03E+28;LL;LL;;Leerlager;2026-03-18 05:01:00;2026-03-18 05:08:00;2026-03-18 05:13:00;2026-03-18 05:34:00;419.0;277.0;362.0;;;18.03.2026 06:35;LL, T27;218b94f1-2280-11f1-bf91-b3147eaeaae8;1;1974006417;
TP_15205222603_TPS_18542572603;TP_15205222603;737475;87f9cfdae15760a753f3acae6ae0762f4400701b16a328c077a6fa3277bbbe4c;2,03E+28;0;1;TPS_18542572603;HO2.31;HO2;31.0;VC;2026-03-17 18:46:00;2026-03-17 19:01:00;2026-03-17 19:46:00;2026-03-17 19:51:00;;2669.0;;310.0;3889.0;17.03.2026 21:08;HO2, T06;3b4ade58-2229-11f1-ae31-971381f02b54;1;1973087051;
TP_15205292603_TPS_18542792603;TP_15205292603;550737;498105d3391af485cae9c930195271b46eb44043a53502725d343b13f3c40aa2;2,03E+28;0;1;TPS_18542792603;HO2.26;HO2;26.0;VC;2026-03-17 19:12:00;2026-03-17 20:04:00;2026-03-17 20:16:00;2026-03-17 20:33:00;;774.0;;997.0;4844.0;17.03.2026 21:08;HO2, LL, T11, T16;e950d7a2-222c-11f1-b5d0-5be47d912945;1;1973110972;
TP_15205492603_TPS_18543432603;TP_15205492603;825797;73b852fe6251cbdc21953a3e5bea56acef4b1d9d0aa718e46c655332a979fb61;2,03E+28;1;1;TPS_18543432603;T21.04.01;T21;4.0;RMG;2026-03-17 21:24:00;2026-03-17 21:32:00;2026-03-17 21:37:00;2026-03-17 21:43:00;468.0;305.0;;345.0;1118.0;17.03.2026 22:35;T21;5f263622-223f-11f1-85b7-3700ef4fb06f;1;;
TP_15206422603_TPS_18498652603;TP_15206422603;D520641;;2,03E+28;1;1;TPS_18498652603;HO2.31;HO2;31.0;VC;2026-03-17 18:04:00;2026-03-17 18:04:00;2026-03-17 18:08:00;2026-03-17 18:08:00;1.0;221.0;;0.0;222.0;17.03.2026 19:08;HO2;5db4c068-2223-11f1-bed6-4316d22057d7;1;;
TP_15207902603_TPS_18547222603;TP_15207902603;762732;4be0b4921ca635ec6ec571f71ebe81e1544b648a141da77888112c4c851e543a;2,03E+28;0;1;TPS_18547222603;HO2.28;HO2;28.0;VC;2026-03-18 03:38:00;2026-03-18 03:53:00;2026-03-18 03:58:00;2026-03-18 04:02:00;;285.0;;241.0;1448.0;18.03.2026 05:06;HO2, T11;;0;1973930927;
TP_15208612603_TPS_18547232603;TP_15208612603;377027;2c3989370001ae46710ccd1037ca2da0aaf224c8fbbdc6548feb2a599d7bc55b;2,03E+28;0;1;TPS_18547232603;HO2.31;HO2;31.0;VC;2026-03-18 07:01:00;2026-03-18 07:33:00;2026-03-18 07:39:00;2026-03-18 07:48:00;;366.0;;498.0;2822.0;18.03.2026 08:35;HO2, T16;5e32458a-2294-11f1-ad6f-7f833826cb23;1;1974188229;
TP_15210802603_TPS_18553642603;TP_15210802603;750114;350950943277ce8b597374343a0e8def076b133c616d78881ca406e14247fbad;2,03E+28;1;1;TPS_18553642603;HO2.32;HO2;32.0;VC;2026-03-18 07:32:00;2026-03-18 07:49:00;2026-03-18 07:51:00;2026-03-18 07:59:00;994.0;131.0;;438.0;1563.0;18.03.2026 09:06;HO2;4f2c6d36-2294-11f1-be99-8b658eb65c0b;1;;
TP_15212002603_TPS_18554142603;TP_15212002603;605442;e4fff29d382c0ef30627b95ee001b0008265de0b06188f59252932711f98d229;2,03E+28;1;1;TPS_18554142603;T08.02.01;T08;2.0;RMG;2026-03-18 11:31:00;2026-03-18 11:42:00;2026-03-18 11:45:00;2026-03-18 11:52:00;660.0;166.0;;396.0;1222.0;18.03.2026 12:35;T08;b2b47184-22b5-11f1-aee7-0787ca60363e;1;;
TP_15212062603_TPS_18547252603;TP_15212062603;859746;4deb02812adfd0e2a40f06a63e233656faab949a478868cb804dd786dde68ff7;2,03E+28;0;1;TPS_18547252603;HO2.26;HO2;26.0;VC;2026-03-18 12:07:00;2026-03-18 12:28:00;2026-03-18 12:34:00;2026-03-18 12:52:00;;339.0;;1122.0;2725.0;18.03.2026 13:35;HO2, T23;8e57b56e-22bd-11f1-af43-3b89c58328fd;1;1975098190;
TP_15212222603_TPS_18554842603;TP_15212222603;490215;3cb227438f07d177693692bf6b0c2c2fce33b8b2fdfaba9282fe7e86747c981d;2,03E+28;0;1;TPS_18554842603;HO2.31;HO2;31.0;VC;2026-03-18 12:34:00;2026-03-18 12:55:00;2026-03-18 13:00:00;2026-03-18 13:06:00;;285.0;;362.0;1906.0;18.03.2026 14:05;HO2, T20;6761c174-22be-11f1-b32e-bbff70334cf5;1;1975223816;
TP_15212972603_TPS_18552852603;TP_15212972603;879787;918ba01fb987e9ae634caa6d25f3838d1d1f8f19b6a1143f84e94273e3d38fe2;2,03E+28;1;1;TPS_18552852603;HO2.25;HO2;25.0;VC;2026-03-18 07:43:00;2026-03-18 07:53:00;2026-03-18 07:58:00;2026-03-18 08:08:00;558.0;332.0;;593.0;1483.0;18.03.2026 09:06;HO2;d86ec8f4-2295-11f1-8c5d-0ba27e6a9d5c;1;;
TP_15213232603_TPS_18551612603;TP_15213232603;729823;69ea70029df80063f65a228ef8899ef740e2cba1a7a1de946305b13887e6e1de;2,03E+28;1;1;TPS_18551612603;T10.03.01;T10;3.0;RMG;2026-03-18 08:13:00;2026-03-18 08:20:00;2026-03-18 08:32:00;2026-03-18 08:41:00;382.0;765.0;;539.0;1686.0;18.03.2026 09:35;T10;ff9f1114-2299-11f1-a0a5-03136baa54e6;1;;
TP_15213432603_TPS_18553952603;TP_15213432603;986013;5c2dde4f871c223f8f8a52281d7405c63715a740f82934910ce32ee7e6e4994f;2,03E+28;1;1;TPS_18553952603;T11.01.01;T11;1.0;RMG;2026-03-18 09:57:00;2026-03-18 10:03:00;2026-03-18 10:17:00;2026-03-18 10:20:00;343.0;815.0;;220.0;1378.0;18.03.2026 11:06;T11;9066b28e-22a8-11f1-a93b-0fdae22f1be9;1;;
TP_15213472603_TPS_18556082603;TP_15213472603;397739;38107d0f13ecf1edf080bc434f25ca441fbcb3ff5d20be7c1c0432af40ecc37b;2,03E+28;1;1;TPS_18556082603;T16.02.01;T16;2.0;RMG;2026-03-18 10:56:00;2026-03-18 11:01:00;2026-03-18 11:11:00;2026-03-18 11:16:00;271.0;603.0;;302.0;1176.0;18.03.2026 12:05;T16;ce7b1ec2-22b0-11f1-a837-9bba3dc76b6d;1;;
TP_15215432603_TPS_18551792603;TP_15215432603;356117;7b2b8900991ca8cc13728ac39b12b1834b51c9265abd5cf596be2b590445dfc4;2,03E+28;1;1;TPS_18551792603;T14.03.01;T14;3.0;RMG;2026-03-18 11:09:00;2026-03-18 11:14:00;2026-03-18 11:18:00;2026-03-18 11:28:00;276.0;238.0;;584.0;1098.0;18.03.2026 12:35;T14;9f11eb3c-22b2-11f1-b82b-f780aa41ea0f;1;;
TP_15216472603_TPS_18558092603;TP_15216472603;480075;9c389e01a3fa0124fce1e91eff220196cf5d8743177b2f6c6819ed8e9c65714b;2,03E+28;1;1;TPS_18558092603;T21.01.01;T21;1.0;RMG;2026-03-18 16:56:00;2026-03-18 17:05:00;2026-03-18 17:17:00;2026-03-18 17:23:00;505.0;746.0;;357.0;1608.0;18.03.2026 18:05;T21;1972801e-22e3-11f1-ae25-7372d4b48167;1;;
TP_15216992603_TPS_18559022603;TP_15216992603;794479;b79e724a5c4437ce58c5d47580a984849b9129f5d521d7401a6cac7c325d5085;2,03E+28;1;1;TPS_18559022603;T20.04.01;T20;4.0;RMG;2026-03-18 14:32:00;2026-03-18 14:38:00;2026-03-18 15:00:00;2026-03-18 15:04:00;349.0;1292.0;;235.0;1876.0;18.03.2026 16:05;T20;fb4e5298-22ce-11f1-be9d-2b60b87c7a74;1;;
TP_15217332603_TPS_18559902603;TP_15217332603;884492;a2cec364bebecf465495b4010c7baf70adb9c5ccc7dac58a4e1f719300f268d8;2,03E+28;0;1;TPS_18559902603;HO2.28;HO2;28.0;VC;2026-03-18 15:41:00;2026-03-18 16:28:00;2026-03-18 16:31:00;2026-03-18 16:47:00;;178.0;;958.0;3991.0;18.03.2026 17:35;HO2, LL, T07;86e5debc-22d8-11f1-b890-5b8ad28ee34c;1;1975753158;
TP_15217542603_TPS_18498702603;TP_15217542603;209080;4ec2cf9070228c5f66508fb390c29859a72b3fa6a2629f8ef390b1426b95529f;2,03E+28;0;1;TPS_18498702603;HO2.28;HO2;28.0;VC;2026-03-18 15:57:00;2026-03-18 18:09:00;2026-03-18 18:12:00;2026-03-18 18:19:00;;141.0;;427.0;8487.0;18.03.2026 19:08;HO2, T12;;0;1975842902;
TP_15219192603_TPS_18565772603;TP_15219192603;814346;0cf833bc4ec456a0aab4c24b526b452441c775e376a48f2748082ed6ecec1ce4;2,03E+28;1;1;TPS_18565772603;T11.01.01;T11;1.0;RMG;2026-03-19 06:19:00;2026-03-19 06:23:00;2026-03-19 06:27:00;2026-03-19 06:30:00;225.0;210.0;;193.0;628.0;19.03.2026 07:35;T11;46d10312-2353-11f1-9162-9783bf3e25fc;1;;
TP_15219342603_TPS_18558942603;TP_15219342603;685042;d6c48bc932446041ea7584de898659e45841499c1541b3b3b615b1d7883fb5c9;2,03E+28;1;1;TPS_18558942603;T20.01.01;T20;1.0;RMG;2026-03-18 14:30:00;2026-03-18 14:37:00;2026-03-18 14:51:00;2026-03-18 14:56:00;401.0;815.0;;286.0;1502.0;18.03.2026 15:35;T20;b42c5144-22ce-11f1-be6a-3369d0c84220;1;;
TP_15219462603_TPS_18559402603;TP_15219462603;374358;c420295dcb64477507ac478dd9bcdf4a21fd0726498c1fa10cac54b560c221c0;2,03E+28;0;1;TPS_18559402603;HO2.25;HO2;25.0;VC;2026-03-18 14:43:00;2026-03-18 15:25:00;2026-03-18 15:30:00;2026-03-18 16:00:00;;263.0;;1841.0;4675.0;18.03.2026 17:06;HO2, T13, T22;61e1315a-22d0-11f1-bfb7-638a0cc9244b;1;1975597776;
TP_15220532603_TPS_18562792603;TP_15220532603;736500;be04cd795ca40c50db53b22fa55496c64db6f5f0cdb6b8898daa3ea38037ff2d;2,03E+28;1;1;TPS_18562792603;HO2.28;HO2;28.0;VC;2026-03-18 16:49:00;2026-03-18 16:58:00;2026-03-18 17:01:00;2026-03-18 17:09:00;517.0;164.0;;478.0;1159.0;18.03.2026 18:05;HO2;1ee86f0a-22e2-11f1-a793-ffbb2c74fd44;1;;
TP_15222782603_TPS_18558682603;TP_15222782603;652757;6933a114c2190c222dd65deab52c9cf77a31897ede866007e818c74a2a26d809;2,03E+28;1;1;TPS_18558682603;T23.04.01;T23;4.0;RMG;2026-03-19 08:33:00;2026-03-19 08:54:00;2026-03-19 09:09:00;2026-03-19 09:18:00;1218.0;921.0;;505.0;2644.0;19.03.2026 10:05;T23;feec133a-2365-11f1-bc91-178721b57739,fef97188-2365-11f1-bc92-f38aa3b6378a;2;;
TP_15222872603_TPS_18498772603;TP_15222872603;378251;2d69271dfdb39f87426d1ecbb91b24153001b6d0b3566982e4bb0e4c5b00a017;2,03E+28;0;1;TPS_18498772603;HO2.23;HO2;23.0;VC;2026-03-19 08:47:00;2026-03-19 09:14:00;2026-03-19 09:18:00;2026-03-19 09:32:00;;223.0;;843.0;2708.0;19.03.2026 10:35;HO2, T17;9e64fd50-236b-11f1-aa16-9f4f0e9fab94;1;1977616572;
TP_15223222603_TPS_18498712603;TP_15223222603;863226;4b54bd3fd42c83dbcdad9c1b611b5fe97aa971201a4b6fbb43efca14ef902a14;2,03E+28;0;1;TPS_18498712603;HO2.27;HO2;27.0;VC;2026-03-19 03:30:00;2026-03-19 03:47:00;2026-03-19 03:52:00;2026-03-19 03:56:00;;309.0;;216.0;1558.0;19.03.2026 04:35;HO2, T09;;0;1976957483;
TP_15223792603_TPS_18567262603;TP_15223792603;398456;1bdc9a77a284d9ecbf6ef7c06f81ae8d4b6cdbd9c4bbbbc893bb733b8069bdd4;2,03E+28;0;0;TPS_18567262603;HO2.27;HO2;27.0;VC;2026-03-19 05:45:00;2026-03-19 06:07:00;2026-03-19 06:12:00;2026-03-19 06:29:00;;262.0;365.0;;;19.03.2026 07:35;HO2, T17, T18;7d03ba4c-234e-11f1-b0fb-a7ba505530f8;1;1977098441;
TP_15226192603_TPS_18566552603;TP_15226192603;954057;eeb6605d32c69f5ab4410a4bc676d2c3dcc01b569976a6782d485b1f713cffbe;2,03E+28;1;1;TPS_18566552603;T22.04.01;T22;4.0;RMG;2026-03-19 01:46:00;2026-03-19 01:51:00;2026-03-19 02:02:00;2026-03-19 02:07:00;247.0;655.0;;299.0;1201.0;19.03.2026 03:06;T22;23637a16-232d-11f1-9508-4b95cb4a7695;1;;
TP_15227532603_TPS_18565082603;TP_15227532603;280690;653273f2836e18d702f133ad6042177a9987a2600d0afa3337a5319105dde4af;2,03E+28;1;1;TPS_18565082603;T16.02.01;T16;2.0;RMG;2026-03-19 07:46:00;2026-03-19 08:00:00;2026-03-19 08:27:00;2026-03-19 08:33:00;807.0;1643.0;;338.0;2788.0;19.03.2026 09:35;T16;6e4d682a-235f-11f1-b62a-1b3af0b4a5f0,6e5b0e8a-235f-11f1-b62b-4b6eec3c3d5a;2;;
TP_15228642603_TPS_18567662603;TP_15228642603;415466;6d27b5cd3d5cc4c76da92186a520b63efb682ef743d2b70026b7c72d3a22d081;2,03E+28;1;1;TPS_18567662603;T11.03.01;T11;3.0;RMG;2026-03-19 07:29:00;2026-03-19 07:47:00;2026-03-19 08:03:00;2026-03-19 08:15:00;1059.0;933.0;;730.0;2722.0;19.03.2026 09:06;T11;0e02ce44-235d-11f1-b98a-177b2294773a;1;;
TP_15228872603_TPS_18571532603;TP_15228872603;717544;c22bd87eed1e5ccc7cf4d2f2eb983290100385551c972eeacaea9bdaaca67d41;2,03E+28;1;1;TPS_18571532603;T11.03.01;T11;3.0;RMG;2026-03-19 07:41:00;2026-03-19 08:07:00;2026-03-19 08:25:00;2026-03-19 08:34:00;1526.0;1114.0;;511.0;3151.0;19.03.2026 09:35;T11;baad8c14-235e-11f1-9bfe-077e540fdac0;1;;
TP_15229642603_TPS_18498782603;TP_15229642603;312091;9f80b5e036712777eef693b5c1e272a6fa4de0a6a53be7865371e8b51610b955;2,03E+28;0;1;TPS_18498782603;HO2.23;HO2;23.0;VC;2026-03-19 09:13:00;2026-03-19 09:47:00;2026-03-19 09:51:00;2026-03-19 09:57:00;;273.0;;374.0;2642.0;19.03.2026 11:06;HO2, T15;6f41a0f6-236f-11f1-aa37-47f5b23a3636;1;1977727090;
TP_15230162603_TPS_18572162603;TP_15230162603;354005;add026b822d728b8d5d08df2bf26f586c3881129368c03687ebe1af608c61d97;2,03E+28;1;1;TPS_18572162603;T14.04.01;T14;4.0;RMG;2026-03-19 09:55:00;2026-03-19 10:06:00;2026-03-19 10:20:00;2026-03-19 10:24:00;660.0;788.0;;265.0;1713.0;19.03.2026 11:35;T14;73704d9c-2371-11f1-b08c-b34d3d3e5f59;1;;
TP_15230662603_TPS_18576332603;TP_15230662603;431912;40d1ba2e5b44df00d330135fd172bc17945612c506bd0be326cdae0c73db5543;2,03E+28;1;1;TPS_18576332603;T16.01.01;T16;1.0;RMG;2026-03-19 10:35:00;2026-03-19 10:56:00;2026-03-19 11:04:00;2026-03-19 11:09:00;1243.0;481.0;;285.0;2009.0;19.03.2026 12:05;T16;0aac1100-2377-11f1-98d9-63b6d66d4167;1;;
TP_15231032603_TPS_18570762603;TP_15231032603;270638;230e9775b8da1c14bedb15e944525cd1aab52908b7d2d3cb19de763af38258ce;2,03E+28;0;1;TPS_18570762603;HO2.27;HO2;27.0;VC;2026-03-19 08:55:00;2026-03-19 09:25:00;2026-03-19 09:29:00;2026-03-19 09:36:00;;253.0;;425.0;2460.0;19.03.2026 10:35;HO2, T22;01429296-2369-11f1-8a73-77ef2c01f5c2;1;1977640550;
TP_15231072603_TPS_18570842603;TP_15231072603;911027;eb3377d7107aaee56a78a12e7284ce350da660a5ddbbf6a375b7210643457838;2,03E+28;1;1;TPS_18570842603;T10.03.01;T10;3.0;RMG;2026-03-19 08:57:00;2026-03-19 09:04:00;2026-03-19 09:17:00;2026-03-19 09:23:00;397.0;786.0;;374.0;1557.0;19.03.2026 10:35;T10;58f390e4-2369-11f1-8a96-5324dc0043ef;1;;
TP_15231162603_TPS_18573192603;TP_15231162603;601831;d19a400863e642790e5fa78fc5179d3b1a5b692b630a8d9c97a05cc6c62af309;2,03E+28;1;1;TPS_18573192603;T21.01.01;T21;1.0;RMG;2026-03-19 09:03:00;2026-03-19 09:08:00;2026-03-19 09:25:00;2026-03-19 09:30:00;254.0;1061.0;;278.0;1593.0;19.03.2026 10:35;T21;2fe2d0e2-236a-11f1-aa3a-2717efeddfd4;1;;
TP_15231382603_TPS_18572422603;TP_15231382603;878435;bddfc24490709a02e57b2c27ce3a01ba190fb1883135d623d62581f1aba6131c;2,03E+28;1;1;TPS_18572422603;T20.01.01;T20;1.0;RMG;2026-03-19 10:01:00;2026-03-19 10:16:00;2026-03-19 10:24:00;2026-03-19 10:30:00;899.0;436.0;;398.0;1733.0;19.03.2026 11:35;T20;49ff9516-2372-11f1-b12f-a7b222a5ff20;1;;
TP_15231402603_TPS_18574152603;TP_15231402603;765559;861268b3d673615744d07542ae86781b9e8dffdd09fe859724376034ccda7ea7;2,03E+28;0;1;TPS_18574152603;HO2.26;HO2;26.0;VC;2026-03-19 10:02:00;2026-03-19 11:44:00;2026-03-19 11:56:00;2026-03-19 15:26:00;;727.0;;12622.0;19424.0;19.03.2026 16:35;HO2, T14;807c0bd4-2380-11f1-9786-a3e1f03c9f98;1;1977855199;
TP_15231402603_TPS_18575982603;TP_15231402603;765559;861268b3d673615744d07542ae86781b9e8dffdd09fe859724376034ccda7ea7;2,03E+28;1;0;TPS_18575982603;T14.02.01;T14;2.0;RMG;2026-03-19 10:02:00;2026-03-19 10:08:00;2026-03-19 10:15:00;2026-03-19 15:26:00;338.0;410.0;5327.0;;;19.03.2026 16:35;HO2, T14;6d9a1320-2372-11f1-94e3-27ea516a0a5c;1;1977855199;
TP_15232862603_TPS_18585922603;TP_15232862603;720519;2552eece9f713857f0d8be04b954cef96b5334a7a399a3a40b8e2a58983b2a0f;2,03E+28;0;0;TPS_18585922603;HO2.25;HO2;25.0;VC;2026-03-19 12:39:00;2026-03-19 13:43:00;2026-03-19 13:52:00;2026-03-19 14:28:00;;502.0;930.0;;;19.03.2026 15:35;HO2, T06, T20;54379dd8-2388-11f1-b55b-23d15a460a61;1;1978650687;
TP_15233492603_TPS_18572072603;TP_15233492603;717385;7e4760b2e375c6eecb013bf0b588204f03c1305dc16b85c3e16b42867a4f65cb;2,03E+28;1;1;TPS_18572072603;HO2.24;HO2;24.0;VC;2026-03-19 09:53:00;2026-03-19 10:02:00;2026-03-19 10:10:00;2026-03-19 10:23:00;529.0;491.0;;735.0;1755.0;19.03.2026 11:35;HO2;2c483b8c-2371-11f1-b06d-a7be888826c8;1;;
TP_15233892603_TPS_18584482603;TP_15233892603;400037;afc65bbe8503854c468456c5cf387a1fde59a4fbfe69bb1e06fc95cac2337455;2,03E+28;1;1;TPS_18584482603;T16.02.01;T16;2.0;RMG;2026-03-19 12:22:00;2026-03-19 12:42:00;2026-03-19 13:12:00;2026-03-19 13:19:00;1200.0;1777.0;;422.0;3399.0;19.03.2026 14:05;T16;fc80e902-2385-11f1-b6f5-975040fe8713,fc8e0506-2385-11f1-b6f6-1b877895ac44;2;;
TP_15234672603_TPS_18576182603;TP_15234672603;897809;cb1f388f8c49f3388054eb8e0afd89e9e9bab39a460915feff1e8cc8581865fb;2,03E+28;1;1;TPS_18576182603;T26.02.01;T26;2.0;RMG;2026-03-19 10:31:00;2026-03-19 10:35:00;2026-03-19 10:56:00;2026-03-19 11:02:00;237.0;1262.0;;327.0;1826.0;19.03.2026 12:05;T26;7a924b8e-2376-11f1-988d-5ffcbe313caf;1;;
TP_15234842603_TPS_18579902603;TP_15234842603;995928;642ae0c7ef7eaeb8bc82fc7d598fcf7ffc83778bb1a076eb88e47e58ff0823e2;2,03E+28;1;1;TPS_18579902603;T20.03.01;T20;3.0;RMG;2026-03-19 11:32:00;2026-03-19 11:41:00;2026-03-19 11:45:00;2026-03-19 12:03:00;485.0;291.0;;1034.0;1810.0;19.03.2026 13:06;T20;00b72088-237f-11f1-9857-ff007e71e10b;1;;
TP_15236572603_TPS_18581092603;TP_15236572603;788827;dd82fca56df9b7de06f44edabd1294c994da5fb120cbb87a05e3c671889765fd;2,03E+28;1;1;TPS_18581092603;T18.04.01;T18;4.0;RMG;2026-03-19 10:57:00;2026-03-19 11:12:00;2026-03-19 11:32:00;2026-03-19 11:46:00;877.0;1216.0;;838.0;2931.0;19.03.2026 12:35;T18;1b257604-237a-11f1-b9a6-0f0148a6914c;1;;
TP_15236702603_TPS_18574132603;TP_15236702603;909774;1b78e2aa2a35d6633dbf11a39516d41f6e207dc585e6f4a7ccf311d49e343407;2,03E+28;0;1;TPS_18574132603;HO2.28;HO2;28.0;VC;2026-03-19 11:01:00;2026-03-19 11:27:00;2026-03-19 11:29:00;2026-03-19 11:36:00;;144.0;;423.0;2083.0;19.03.2026 12:35;HO2, T27;25055ab4-237e-11f1-977a-5f4bac66ee3b;1;1978262902;
TP_15236732603_TPS_18581322603;TP_15236732603;484636;6c0e6812103464c57fdbeb38392fd499aa243006230c7da8311f4657cc496e19;2,03E+28;1;1;TPS_18581322603;T24.03.01;T24;3.0;RMG;2026-03-19 11:05:00;2026-03-19 11:12:00;2026-03-19 11:25:00;2026-03-19 11:32:00;407.0;759.0;;444.0;1610.0;19.03.2026 12:35;T24;3b2584a2-237b-11f1-bab5-9b2fac0a9e35,3b34d16e-237b-11f1-bab6-fbbffb11f538;2;;
TP_15237852603_TPS_18578532603;TP_15237852603;814346;0cf833bc4ec456a0aab4c24b526b452441c775e376a48f2748082ed6ecec1ce4;2,03E+28;1;1;TPS_18578532603;T13.04.01;T13;4.0;RMG;2026-03-19 13:37:00;2026-03-19 13:45:00;2026-03-19 13:53:00;2026-03-19 13:58:00;442.0;477.0;;286.0;1205.0;19.03.2026 15:06;T13;76dba80e-2390-11f1-b9c7-a77bcd8356b3;1;;
TP_15238532603_TPS_18586882603;TP_15238532603;629415;1214cabbc96f1a20298bad52574f90fda9d3cc2b7c6cd8628332c788e6b14c80;2,03E+28;1;1;TPS_18586882603;T18.02.01;T18;2.0;RMG;2026-03-19 13:08:00;2026-03-19 13:21:00;2026-03-19 13:34:00;2026-03-19 13:52:00;737.0;767.0;;1086.0;2590.0;19.03.2026 15:06;T18;69b7cd14-238c-11f1-b9b6-fb912045dec4;1;;
TP_15239452603_TPS_18498812603;TP_15239452603;333637;7f76450ed156cdf5e8aadc65d36e34c1f2946ee235b998ee9b5a7a04521b1d94;2,03E+28;0;1;TPS_18498812603;HO2.28;HO2;28.0;VC;2026-03-19 16:01:00;2026-03-19 18:04:00;2026-03-19 18:07:00;2026-03-19 18:57:00;;201.0;;2974.0;10556.0;19.03.2026 20:05;HO2, T11;ac9b9024-23b5-11f1-adf8-8775f181e699;1;1979274508;
TP_15239452603_TPS_18498802603;TP_15239452603;333637;7f76450ed156cdf5e8aadc65d36e34c1f2946ee235b998ee9b5a7a04521b1d94;2,03E+28;0;0;TPS_18498802603;HO2.28;HO2;28.0;VC;2026-03-19 16:01:00;2026-03-19 18:03:00;2026-03-19 18:03:00;2026-03-19 18:57:00;;8.0;63.0;;;19.03.2026 20:05;HO2, T11;845e21b2-23b5-11f1-adf5-6b08aabe7a86;1;1979274508;
TP_15239452603_TPS_18574202603;TP_15239452603;333637;7f76450ed156cdf5e8aadc65d36e34c1f2946ee235b998ee9b5a7a04521b1d94;2,03E+28;0;0;TPS_18574202603;HO2.28;HO2;28.0;VC;2026-03-19 16:01:00;2026-03-19 18:02:00;2026-03-19 18:02:00;2026-03-19 18:57:00;;20.0;40.0;;;19.03.2026 20:05;HO2, T11;;0;1979274508;
TP_15241112603_TPS_18583652603;TP_15241112603;369823;d428a76d10b743d116eb9545cf84bc39f3ac021900d8bc3b4061c78ef5a22235;2,03E+28;1;1;TPS_18583652603;T12.01.01;T12;1.0;RMG;2026-03-19 14:11:00;2026-03-19 14:16:00;2026-03-19 14:23:00;2026-03-19 14:26:00;255.0;464.0;;169.0;888.0;19.03.2026 15:35;T12;36f53d04-2395-11f1-b6db-ff4a3271df03;1;;
TP_15241252603_TPS_18588172603;TP_15241252603;450458;7c44a4e8a4df311a7867b5419dd6d787d3d7839d0c54ccb8fba6a78a7539c55c;2,03E+28;0;1;TPS_18588172603;HO2.33;HO2;33.0;VC;2026-03-19 14:43:00;2026-03-19 15:25:00;2026-03-19 15:33:00;2026-03-19 15:39:00;;446.0;;388.0;3366.0;19.03.2026 16:35;HO2, T13;a4d28cce-2399-11f1-bab4-b7d5b70359f7;1;1979015253;
TP_15241422603_TPS_18588462603;TP_15241422603;434447;119f60151c02cd9abdac42e1adbd7971d4b299c0bfe66c37a5ec53f70491b1ab;2,03E+28;1;1;TPS_18588462603;T24.03.01;T24;3.0;RMG;2026-03-19 14:49:00;2026-03-19 14:57:00;2026-03-19 15:04:00;2026-03-19 15:15:00;439.0;432.0;;634.0;1505.0;19.03.2026 16:05;T24;85a0d698-239a-11f1-bb26-6fa29240ce8e;1;;
TP_15242622603_TPS_18589722603;TP_15242622603;747787;11e20d07b0168555e87f7826fdc96759809acea38d25a131b7a7aee5222bde86;2,03E+28;1;1;TPS_18589722603;HO2.26;HO2;26.0;VC;2026-03-19 15:36:00;2026-03-19 15:44:00;2026-03-19 15:50:00;2026-03-19 15:56:00;457.0;380.0;;350.0;1187.0;19.03.2026 17:06;HO2;16b6e0ea-23a1-11f1-b80c-cf36a600a0b7;1;;
TP_15243292603_TPS_18591112603;TP_15243292603;877939;0a00892aad7c3de61552c8913753697c3390f1e96083f5bbae8bafedbc4e9b36;2,03E+28;1;1;TPS_18591112603;HO2.31;HO2;31.0;VC;2026-03-19 16:29:00;2026-03-19 16:41:00;2026-03-19 16:48:00;2026-03-19 16:58:00;687.0;422.0;;621.0;1730.0;19.03.2026 18:05;HO2;7e910c84-23a8-11f1-8b88-538bb5594692;1;;
TP_15244652603_TPS_18594102603;TP_15244652603;984754;11b4598400b8562a1dcbfb1e528fe8f3051ae9fcff1305b2db9cb5c183a9c6d4;2,03E+28;1;1;TPS_18594102603;T07.01.01;T07;1.0;RMG;2026-03-19 17:09:00;2026-03-19 17:29:00;2026-03-19 17:33:00;2026-03-19 17:36:00;1199.0;203.0;;171.0;1573.0;19.03.2026 18:35;T07;14a89ffc-23ae-11f1-82d5-c3636dbb9922;1;;
TP_15244682603_TPS_18591212603;TP_15244682603;304431;f91dc5f3adc82946cff6dedee6099e92f6832e5671f8a4678ee1904350a7632b;2,03E+28;1;1;TPS_18591212603;T06.02.01;T06;2.0;RMG;2026-03-19 17:18:00;2026-03-19 17:44:00;2026-03-19 18:01:00;2026-03-19 18:06:00;1538.0;1027.0;;274.0;2839.0;19.03.2026 19:08;T06;56b7d8bc-23af-11f1-93c7-b30e287b2805;1;;
TP_15244962603_TPS_18593992603;TP_15244962603;262385;d1eeba7c8b6892e3b7691fe24d1ab979f46df7ff8328eb7cd72bafb96255593e;2,03E+28;1;1;TPS_18593992603;T11.01.01;T11;1.0;RMG;2026-03-19 17:04:00;2026-03-19 17:45:00;2026-03-19 17:56:00;2026-03-19 18:04:00;2460.0;644.0;;492.0;3596.0;19.03.2026 19:08;T11;61909514-23ad-11f1-82a6-232b2f02d488;1;;
TP_15244982603_TPS_18594012603;TP_15244982603;358905;b90027778099353f6a4e35e357cecb451cee063a6dae9c06e2b363037488755f;2,03E+28;1;1;TPS_18594012603;T09.01.01;T09;1.0;RMG;2026-03-19 17:05:00;2026-03-19 17:08:00;2026-03-19 17:23:00;2026-03-19 17:27:00;177.0;884.0;;242.0;1303.0;19.03.2026 18:35;T09;85616c70-23ad-11f1-82ae-6b97fa78d5ba;1;;
TP_15245182603_TPS_18591972603;TP_15245182603;704701;edbe851716f65067e69bf5210f6dbbb9e8724cc8b438c053b1d63619fb18fb88;2,03E+28;1;1;TPS_18591972603;T23.02.01;T23;2.0;RMG;2026-03-19 18:27:00;2026-03-19 18:34:00;2026-03-19 18:38:00;2026-03-19 18:47:00;417.0;213.0;;567.0;1197.0;19.03.2026 19:08;T23;f9c52fe2-23b8-11f1-9bc3-f780347b07eb;1;;
TP_15245312603_TPS_18594992603;TP_15245312603;457521;a7657bb64d013452f0fb452478102f16f9da39e3c6ff856ec1af2524d86b8e95;2,03E+28;1;1;TPS_18594992603;T15.02.01;T15;2.0;RMG;2026-03-19 20:49:00;2026-03-19 20:54:00;2026-03-19 21:00:00;2026-03-19 21:14:00;300.0;350.0;;797.0;1447.0;19.03.2026 22:05;T15;cff13da0-23cc-11f1-ad5f-5b789015724f;1;;
TP_15247552603_TPS_18591902603;TP_15247552603;878118;bc4e5187825de7d4b9e8dc707ab71998cf876b167d261e8039c4ba1617599db3;2,03E+28;0;1;TPS_18591902603;HO2.28;HO2;28.0;VC;2026-03-19 17:58:00;2026-03-19 18:38:00;2026-03-19 18:42:00;2026-03-19 18:56:00;;260.0;;840.0;3476.0;19.03.2026 20:05;HO2, T13;dedd02d0-23b4-11f1-9825-6b13f8f614db;1;1979564948;
TP_15247692603_TPS_18592512603;TP_15247692603;256663;fadce1facfe8e1769f311ec942a6dca7f92e6b5f00269097aa30f3f4b43e5c37;2,03E+28;1;1;TPS_18592512603;T16.02.01;T16;2.0;RMG;2026-03-19 18:12:00;2026-03-19 18:18:00;2026-03-19 18:23:00;2026-03-19 18:26:00;312.0;291.0;;187.0;790.0;19.03.2026 19:08;T16;e1818bc6-23b6-11f1-9271-0382d8582ba6;1;;
TP_15248392603_TPS_18603812603;TP_15248392603;269605;ac03487b2a5af36069b608ab3d2cd3c632ca4a643d1b25bb44ac2467c7892805;2,03E+28;0;1;TPS_18603812603;T20.03.01;T20;3.0;RMG;2026-03-20 06:55:00;2026-03-20 07:24:00;2026-03-20 07:28:00;2026-03-20 07:35:00;;226.0;;438.0;2364.0;20.03.2026 08:35;T06, T20;79402200-2421-11f1-b66d-5bc6f8f07d0b;1;;
TP_15248392603_TPS_18603802603;TP_15248392603;269605;ac03487b2a5af36069b608ab3d2cd3c632ca4a643d1b25bb44ac2467c7892805;2,03E+28;1;0;TPS_18603802603;T06.01.01;T06;1.0;RMG;2026-03-20 06:55:00;2026-03-20 07:07:00;2026-03-20 07:19:00;2026-03-20 07:35:00;697.0;742.0;261.0;;;20.03.2026 08:35;T06, T20;79325c24-2421-11f1-b66c-c77ec9a70b9e;1;;
TP_15248662603_TPS_18574192603;TP_15248662603;D524865;;2,03E+28;1;1;TPS_18574192603;T11.03.01;T11;3.0;RMG;2026-03-19 17:42:00;2026-03-19 17:42:00;2026-03-19 17:52:00;2026-03-19 17:52:00;0.0;621.0;;0.0;621.0;19.03.2026 18:35;T11;8f05d4e6-23b2-11f1-9a77-abb0617e3ca7;1;;
TP_15250262603_TPS_18593082603;TP_15250262603;954057;eeb6605d32c69f5ab4410a4bc676d2c3dcc01b569976a6782d485b1f713cffbe;2,03E+28;1;1;TPS_18593082603;T14.03.01;T14;3.0;RMG;2026-03-19 21:34:00;2026-03-19 21:45:00;2026-03-19 21:48:00;2026-03-19 21:51:00;659.0;169.0;;186.0;1014.0;19.03.2026 22:35;T14;19869cca-23d3-11f1-af20-6bede0ea3964;1;;
TP_15251442603_TPS_18593012603;TP_15251442603;677106;883870cbe9f4ef75d1e16d154c06c1fa7da3f9237542872fba90151c210073db;2,03E+28;0;1;TPS_18593012603;HO2.28;HO2;28.0;VC;2026-03-19 19:48:00;2026-03-19 20:32:00;2026-03-19 20:36:00;2026-03-19 20:57:00;;235.0;;1312.0;4151.0;19.03.2026 22:05;HO2, T09;428ced7c-23c4-11f1-a082-0f766d365f8c;1;1979756311;
TP_15251582603_TPS_18579042603;TP_15251582603;783108;e6434788b11a6e6394d88215f98ae5f09496c9d52d423577ebc1b6a3ef7ff9d7;2,03E+28;0;1;TPS_18579042603;HO2.28;HO2;28.0;VC;2026-03-19 20:11:00;2026-03-19 20:52:00;2026-03-19 20:57:00;2026-03-19 21:08:00;;343.0;;645.0;3436.0;19.03.2026 22:05;HO2, T13, T21;657fec82-23c7-11f1-9934-734b02f7b996;1;1979781390;
TP_15252442603_TPS_18498842603;TP_15252442603;987056;67f2ee45743b0f0ede4257e9a3c71c549639f8a83910409985ecadb2627205c0;2,03E+28;0;0;TPS_18498842603;HO2.27;HO2;27.0;VC;2026-03-20 06:51:00;2026-03-20 07:21:00;2026-03-20 07:26:00;2026-03-20 08:59:00;;295.0;900.0;;;20.03.2026 10:05;HO2, T08, T13;dd819020-2424-11f1-b1b4-bfb42c9008c9;1;1980516891;
TP_15252542603_20260320015916000000023449827;TP_15252542603;713967;04baecf29fab6895d7a839a0ade87aea3e12ae623d0054d98e24f1537bebfdda;2,03E+28;1;1;2,03E+28;LL;LL;;Leerlager;2026-03-20 01:35:00;2026-03-20 01:46:00;2026-03-20 01:59:00;2026-03-20 02:03:00;620.0;777.0;;276.0;1673.0;20.03.2026 03:06;LL;a547b446-23f7-11f1-bf91-b3147eaeaae8,a4ab2625-23f7-11f1-bf91-b3147eaeaae8;2;;
TP_15252892603_TPS_18601132603;TP_15252892603;600163;4c54a2d94c35a646dda2b6679b15366c29180320f97e64febe64d72994832935;2,03E+28;0;1;TPS_18601132603;T08.02.01;T08;2.0;RMG;2026-03-20 03:33:00;2026-03-20 04:29:00;2026-03-20 05:28:00;2026-03-20 05:31:00;;3558.0;;179.0;7056.0;20.03.2026 06:35;LL, T08;40330f34-2405-11f1-95cf-ff94130ab882;1;;
TP_15252892603_20260320042617000000023455175;TP_15252892603;600163;4c54a2d94c35a646dda2b6679b15366c29180320f97e64febe64d72994832935;2,03E+28;1;0;2,03E+28;LL;LL;;Leerlager;2026-03-20 03:33:00;2026-03-20 03:38:00;2026-03-20 04:26:00;2026-03-20 05:31:00;298.0;2840.0;181.0;;;20.03.2026 06:35;LL, T08;45481ced-240b-11f1-bf91-b3147eaeaae8;1;;
TP_15254802603_TPS_18498872603;TP_15254802603;989220;f3165c91c1f0b176d6eb380c4f5b41d8919999ff714d9fbe0d49f54c6c87f97d;2,03E+28;0;1;TPS_18498872603;HO2.26;HO2;26.0;VC;2026-03-20 08:23:00;2026-03-20 09:04:00;2026-03-20 09:41:00;2026-03-20 09:49:00;;2213.0;;466.0;5153.0;20.03.2026 10:35;HO2, T13;dbc06e62-2430-11f1-b256-3bcc78059fbb;1;1980760573;
TP_15254982603_TPS_18498902603;TP_15254982603;749836;139f34d87e2ae54f9a7ae7901921df355cad34c26ebd322bf52ec5c8a7fa910d;2,03E+28;0;0;TPS_18498902603;HO2.26;HO2;26.0;VC;2026-03-20 08:53:00;2026-03-20 09:58:00;2026-03-20 10:20:00;2026-03-20 10:45:00;;1327.0;514.0;;;20.03.2026 11:35;HO2, T06, T11;4a399f06-2438-11f1-b2d8-fb29455989ab;1;1980835334;
TP_15255452603_TPS_18498852603;TP_15255452603;541962;9319a5bd086b40ecf5eb94b67b23f82c14cf5ce7e302433a1b80000c07eb112d;2,03E+28;0;1;TPS_18498852603;HO2.31;HO2;31.0;VC;2026-03-20 08:08:00;2026-03-20 08:26:00;2026-03-20 08:37:00;2026-03-20 08:49:00;;678.0;;697.0;2487.0;20.03.2026 09:35;HO2, T16;33842d7c-242d-11f1-b1f3-9fc9fbe8c878;1;1980717197;
TP_15255522603_TPS_18498862603;TP_15255522603;479130;472bce547a0801d6ec314dcfe155a1f17cbb27f1de88f1bdbac211346e5ff5bc;2,03E+28;0;1;TPS_18498862603;HO2.25;HO2;25.0;VC;2026-03-20 08:14:00;2026-03-20 08:37:00;2026-03-20 08:46:00;2026-03-20 08:55:00;;530.0;;550.0;2441.0;20.03.2026 09:35;HO2, T07;81f543c8-242e-11f1-b202-3f6c0764a0f4;1;1980741366;
TP_15255672603_TPS_18498912603;TP_15255672603;670653;df978fcfd43bbb1a91975596ff07da3c119c26aeebc89d82c5611723218f9edd;2,03E+28;0;1;TPS_18498912603;HO2.25;HO2;25.0;VC;2026-03-20 09:02:00;2026-03-20 10:22:00;2026-03-20 10:27:00;2026-03-20 10:46:00;;326.0;;1086.0;6242.0;20.03.2026 11:35;HO2, LL, T09;4ded6bb8-243e-11f1-b381-972b8127b971;1;1980848107;
TP_15256002603_TPS_18612502603;TP_15256002603;559603;3b001485446bbb7674ee20a8e5c295c35eba29d43647ae3749161d1740c9a8fb;2,03E+28;1;1;TPS_18612502603;T22.01.01;T22;1.0;RMG;2026-03-20 10:19:00;2026-03-20 10:30:00;2026-03-20 10:34:00;2026-03-20 10:40:00;626.0;271.0;;340.0;1237.0;20.03.2026 11:35;T22;f8bc81c4-243d-11f1-b21c-3793be46cd43;1;;
TP_15256622603_TPS_18599342603;TP_15256622603;354864;07b4a1735769c897b1ae6cc6cc30a971053dcffa636e743a78d5599306a6f518;2,03E+28;1;1;TPS_18599342603;T09.03.01;T09;3.0;RMG;2026-03-20 08:17:00;2026-03-20 08:21:00;2026-03-20 08:37:00;2026-03-20 08:41:00;201.0;966.0;;269.0;1436.0;20.03.2026 09:35;T09;eca93640-242c-11f1-ba6f-03fd522169cd;1;;
TP_15256742603_TPS_18602292603;TP_15256742603;368390;d846dfdb6272b50bc4eb23f928996f67a73d7ad20fe1c3d5137d39b20edc650b;2,03E+28;0;1;TPS_18602292603;HO2.28;HO2;28.0;VC;2026-03-20 08:34:00;2026-03-20 09:59:00;2026-03-20 10:06:00;2026-03-20 10:20:00;;403.0;;838.0;6358.0;20.03.2026 11:06;HO2, T09, T14;18ed1b32-243b-11f1-9fc8-13852f06186d;1;1980794217;
TP_15256812603_TPS_18605292603;TP_15256812603;432882;aca09e47909a66cf2bea713c882c01644e8c353d928ae9fc8e42d647732a5411;2,03E+28;1;1;TPS_18605292603;T08.01.01;T08;1.0;RMG;2026-03-20 08:41:00;2026-03-20 09:32:00;2026-03-20 10:30:00;2026-03-20 10:35:00;3004.0;3532.0;;257.0;6793.0;20.03.2026 11:35;T08;47607924-2430-11f1-b7b5-5bf172a5689e;1;;
TP_15257062603_TPS_18608822603;TP_15257062603;857962;9e4ced1cc45c3f8a99f57e1f4680081af23e8cb2b4fac3a4d42e9eba47b17740;2,03E+28;1;1;TPS_18608822603;T06.03.01;T06;3.0;RMG;2026-03-20 09:36:00;2026-03-20 09:44:00;2026-03-20 10:10:00;2026-03-20 10:14:00;433.0;1606.0;;215.0;2254.0;20.03.2026 11:06;T06;f63ed484-2437-11f1-9212-1bbb5cdc267d;1;;
TP_15257412603_TPS_18609652603;TP_15257412603;798816;1a63d53fd20e479180c8d9d6dcd9ae6e7c8fc91a62760e81e5d79642ef877c4d;2,03E+28;1;1;TPS_18609652603;T17.01.01;T17;1.0;RMG;2026-03-20 09:59:00;2026-03-20 10:04:00;2026-03-20 10:44:00;2026-03-20 10:52:00;285.0;2414.0;;458.0;3157.0;20.03.2026 11:35;T17;2a25c0c0-243b-11f1-95a8-83d7dbeba4c7;1;;
TP_15257442603_TPS_18611242603;TP_15257442603;535310;40d09d031cdbeeeada173dea5f53ca86349167a553e7e2434c189bdfd27d95b2;2,03E+28;0;1;TPS_18611242603;HO2.32;HO2;32.0;VC;2026-03-20 10:05:00;2026-03-20 10:54:00;2026-03-20 11:02:00;2026-03-20 11:11:00;;482.0;;563.0;3970.0;20.03.2026 12:05;HO2, T14, T22;f07c23cc-243b-11f1-97c0-27a28520b7cb;1;1981052350;
TP_15258052603_TPS_18610182603;TP_15258052603;613177;20c7b4ac6873475d3b2829f0212e458616e073012e47b25f7d7a37dd96693ea0;2,03E+28;1;1;TPS_18610182603;T22.04.01;T22;4.0;RMG;2026-03-20 11:46:00;2026-03-20 11:52:00;2026-03-20 12:00:00;2026-03-20 12:07:00;343.0;487.0;;375.0;1205.0;20.03.2026 13:06;T22;1f41e616-244a-11f1-8f25-033b8b64da98;1;;
TP_15258062603_TPS_18612262603;TP_15258062603;239319;56681d2b9e70eaeb79e1eaa8155155c73ce1815477c03329f2f37c8639f9459c;2,03E+28;1;1;TPS_18612262603;T16.04.01;T16;4.0;RMG;2026-03-20 11:48:00;2026-03-20 11:56:00;2026-03-20 12:13:00;2026-03-20 12:29:00;434.0;1010.0;;1002.0;2446.0;20.03.2026 13:35;T16;676d0984-244a-11f1-a977-f7f1406e47b4;1;;
TP_15258252603_TPS_18610252603;TP_15258252603;485432;d5f4ab708721a1bfc0a785ba77d79953b45b8e18e2221092caf3f510d2620927;2,03E+28;1;1;TPS_18610252603;T17.03.01;T17;3.0;RMG;2026-03-20 11:55:00;2026-03-20 12:04:00;2026-03-20 12:08:00;2026-03-20 12:15:00;520.0;252.0;;388.0;1160.0;20.03.2026 13:06;T17;617ac5e2-244b-11f1-900d-03acec1bb593;1;;
TP_15259192603_TPS_18609462603;TP_15259192603;597006;7ad4509f4d4d59b2fcbe38e0fe6f35a16f1126131d88a668af2e3fa07b6639f9;2,03E+28;0;1;TPS_18609462603;HO2.33;HO2;33.0;VC;2026-03-20 09:52:00;2026-03-20 10:55:00;2026-03-20 11:04:00;2026-03-20 11:13:00;;555.0;;536.0;4852.0;20.03.2026 12:05;HO2, T10;27001dc4-243a-11f1-951a-6bfdc46deab3;1;1981024271;
TP_15260742603_TPS_18613872603;TP_15260742603;936649;4a45ee6c3810063eb3dfdf6280fd6306e3176e59f85ee02eae4dde06abdf966f;2,03E+28;0;1;TPS_18613872603;T24.04.01;T24;4.0;RMG;2026-03-20 10:39:00;2026-03-20 11:00:00;2026-03-20 11:19:00;2026-03-20 11:41:00;;1127.0;;1311.0;3716.0;20.03.2026 12:35;LL, T24;b2f977a2-2440-11f1-9cfb-7793d331e095;1;;
TP_15260742603_20260320104746000000023460966;TP_15260742603;936649;4a45ee6c3810063eb3dfdf6280fd6306e3176e59f85ee02eae4dde06abdf966f;2,03E+28;1;0;2,03E+28;LL;LL;;Leerlager;2026-03-20 10:39:00;2026-03-20 10:45:00;2026-03-20 10:47:00;2026-03-20 11:41:00;383.0;112.0;783.0;;;20.03.2026 12:35;LL, T24;9bd41e88-2441-11f1-bf91-b3147eaeaae8;1;;
TP_15261002603_TPS_18612012603;TP_15261002603;501135;9ed77d2a04a357eaaef050689fd65f583dee504e56965d5d4c0e99f85f2ca70c;2,03E+28;1;1;TPS_18612012603;T13.04.01;T13;4.0;RMG;2026-03-20 11:37:00;2026-03-20 11:41:00;2026-03-20 11:49:00;2026-03-20 11:59:00;212.0;477.0;;586.0;1275.0;20.03.2026 13:06;T13;dd9e52d6-2448-11f1-a747-4bf02a07325f;1;;
TP_15261292603_TPS_18608642603;TP_15261292603;986270;6fed3e794c50d3ae99066563ca403a1f05c2cacd7c1bcd6e03a06f5f48998699;2,03E+28;1;1;TPS_18608642603;T21.02.01;T21;2.0;RMG;2026-03-20 13:16:00;2026-03-20 13:31:00;2026-03-20 13:46:00;2026-03-20 13:51:00;871.0;911.0;;314.0;2096.0;20.03.2026 14:35;T21;b25f5602-2456-11f1-90ed-eb682eeeed6c;1;;
TP_15261732603_TPS_18612712603;TP_15261732603;349085;181b4847b59592501d950a856b62f06493535bb73a87d0b3a6b80b5bc7d467ac;2,03E+28;1;1;TPS_18612712603;T11.02.01;T11;2.0;RMG;2026-03-20 11:10:00;2026-03-20 11:17:00;2026-03-20 11:22:00;2026-03-20 11:29:00;376.0;297.0;;439.0;1112.0;20.03.2026 12:35;T11;16bfc030-2445-11f1-bb1c-37c722556671;1;;
TP_15262122603_TPS_18607912603;TP_15262122603;778098;347611e3d540d9e8a38c243d590317a9a7db9e77e05b62fa26641d21cd578c24;2,03E+28;1;1;TPS_18607912603;T21.02.01;T21;2.0;RMG;2026-03-20 12:49:00;2026-03-20 12:57:00;2026-03-20 13:02:00;2026-03-20 13:07:00;439.0;300.0;;334.0;1073.0;20.03.2026 14:05;T21;ec867f8a-2452-11f1-8b43-138b187164eb;1;;
TP_15262912603_TPS_18498922603;TP_15262912603;744755;baa7e034b906551c7185a0136576daaf1bed45d1a01648a76041e12a16de16bb;2,03E+28;1;1;TPS_18498922603;T18.03.01;T18;3.0;RMG;2026-03-20 12:09:00;2026-03-20 12:48:00;2026-03-20 13:00:00;2026-03-20 13:56:00;2363.0;700.0;;3350.0;6413.0;20.03.2026 14:35;T18;ed61b4f6-244d-11f1-b423-cbb993cabc2b;1;1981649295;
TP_15263132603_TPS_18610942603;TP_15263132603;417743;bd42a9457bf1578576e042c9d301b1f33cce2569e2e925aa6007f11b822e5fb6;2,03E+28;0;1;TPS_18610942603;HO2.27;HO2;27.0;VC;2026-03-20 12:19:00;2026-03-20 12:36:00;2026-03-20 12:43:00;2026-03-20 12:55:00;;435.0;;708.0;2171.0;20.03.2026 13:35;HO2, T21;98b03238-244e-11f1-9188-8b33ee823fd7;1;1981709929;
TP_15263292603_TPS_18612302603;TP_15263292603;688442;c4f7978e70a0ba977ecf5aa5241faf1d1c58c3866e684251331414a31065081d;2,03E+28;0;1;TPS_18612302603;HO2.27;HO2;27.0;VC;2026-03-20 12:33:00;2026-03-20 12:55:00;2026-03-20 13:01:00;2026-03-20 13:13:00;;380.0;;714.0;2403.0;20.03.2026 14:05;HO2, T17;a9f09702-2450-11f1-b0d9-bfc445e9cf7e;1;1981735696;
TP_15263382603_TPS_18614412603;TP_15263382603;506013;30c9965cc4a69ed7edd2a6523fd2afbb67d15d9b17f76539f269128613dd1666;2,03E+28;0;1;TPS_18614412603;HO2.25;HO2;25.0;VC;2026-03-20 12:35:00;2026-03-20 13:04:00;2026-03-20 13:09:00;2026-03-20 13:17:00;;287.0;;445.0;2512.0;20.03.2026 14:05;HO2, T10;dd821a32-2450-11f1-b180-773e5617c6e7;1;1981759459;
TP_15263502603_TPS_18614622603;TP_15263502603;944968;bfc7e2019da5c481c21e44fb99302823b0fc96e82620a84a4a8a26379f8a6231;2,03E+28;0;1;TPS_18614622603;HO2.25;HO2;25.0;VC;2026-03-20 12:40:00;2026-03-20 14:48:00;2026-03-20 14:57:00;2026-03-20 15:15:00;;593.0;;1075.0;9296.0;20.03.2026 16:05;HO2, T09, T26;a9289a9e-2451-11f1-b1e0-ab1c95048461;1;1981760797;
TP_15263912603_TPS_18617842603;TP_15263912603;883222;65ed88d95446e547ac228f763185d1872d4425f0ea175faa7ce42206e249ab43;2,03E+28;1;1;TPS_18617842603;T06.01.01;T06;1.0;RMG;2026-03-20 13:36:00;2026-03-20 14:10:00;2026-03-20 14:16:00;2026-03-20 14:25:00;2033.0;323.0;;552.0;2908.0;20.03.2026 15:06;T06;7d5465ee-2459-11f1-bdd9-979384fb968c;1;;
TP_15265302603_TPS_18616942603;TP_15265302603;730227;2dcee6f10204f1df2862ff8e129a9c55ab0be0369f67b6b85f987e4cef33ab1b;2,03E+28;0;1;TPS_18616942603;HO2.22;HO2;22.0;VC;2026-03-20 13:50:00;2026-03-20 15:01:00;2026-03-20 15:06:00;2026-03-20 15:32:00;;300.0;;1579.0;6120.0;20.03.2026 16:35;HO2, T13, T18;648ff5d0-245b-11f1-9383-8717dfa2931e;1;1982040662;
TP_15265382603_TPS_18602412603;TP_15265382603;744755;baa7e034b906551c7185a0136576daaf1bed45d1a01648a76041e12a16de16bb;2,03E+28;0;1;TPS_18602412603;T24.01.01;T24;1.0;RMG;2026-03-20 13:57:00;2026-03-20 15:49:00;2026-03-20 16:06:00;2026-03-20 16:25:00;;1029.0;;1115.0;8883.0;20.03.2026 17:06;T24;e1df249c-246b-11f1-a1e5-3bdff76bda96;1;1982063016;
TP_15265382603_TPS_18498932603;TP_15265382603;744755;baa7e034b906551c7185a0136576daaf1bed45d1a01648a76041e12a16de16bb;2,03E+28;1;0;TPS_18498932603;T24.01.01;T24;1.0;RMG;2026-03-20 13:57:00;2026-03-20 14:53:00;2026-03-20 15:09:00;2026-03-20 16:25:00;3365.0;977.0;2397.0;;;20.03.2026 17:06;T24;7be036ea-245c-11f1-b510-d32ceaaddf12;1;1982063016;
TP_15265742603_TPS_18602462603;TP_15265742603;816742;ac2d1fb60ff6140fc9db9afbe606f85bb4ae9d6828a0917553a2e4bc778d0605;2,03E+28;0;1;TPS_18602462603;T24.02.01;T24;2.0;RMG;2026-03-20 14:14:00;2026-03-20 17:05:00;2026-03-20 17:13:00;2026-03-20 17:18:00;;498.0;;291.0;11072.0;20.03.2026 18:05;T06, T21, T24;94f9c65e-2476-11f1-a22a-176326f6329d;1;1981998839;
TP_15265742603_TPS_18602332603;TP_15265742603;816742;ac2d1fb60ff6140fc9db9afbe606f85bb4ae9d6828a0917553a2e4bc778d0605;2,03E+28;0;0;TPS_18602332603;T21.03.01;T21;3.0;RMG;2026-03-20 14:14:00;2026-03-20 15:41:00;2026-03-20 15:49:00;2026-03-20 17:18:00;;485.0;4560.0;;;20.03.2026 18:05;T06, T21, T24;6b145b22-245f-11f1-a14b-e31739b58303;1;1981998839;
TP_15266282603_TPS_18621722603;TP_15266282603;468981;f5fe3fc4446b4b48f14c481b64f953568c71ea8bd10b97216cc690ed323d8481;2,03E+28;1;1;TPS_18621722603;T07.02.01;T07;2.0;RMG;2026-03-20 15:12:00;2026-03-20 15:49:00;2026-03-20 15:52:00;2026-03-20 15:55:00;2197.0;145.0;;215.0;2557.0;20.03.2026 16:35;T07;e6daf624-2466-11f1-bb60-bf6bb6d73cde;1;;
TP_15266512603_TPS_18602452603;TP_15266512603;684065;419666fa358fd24f5062f4df765c8eca89a282fdc06b595e6b0bcc04a2d02d7c;2,03E+28;0;1;TPS_18602452603;HO2.31;HO2;31.0;VC;2026-03-20 16:01:00;2026-03-20 16:33:00;2026-03-20 16:39:00;2026-03-20 17:08:00;;369.0;;1736.0;4048.0;20.03.2026 18:05;HO2, T15;1ed90eb6-2472-11f1-a215-4704f5ec24a1;1;1982591731;
TP_15267162603_TPS_18498952603;TP_15267162603;295691;a88b9f8389f91c200b4bc354adb5636e1df4771ea0edc0bb10d07ea5d98ff619;2,03E+28;0;1;TPS_18498952603;HO2.25;HO2;25.0;VC;2026-03-20 18:55:00;2026-03-20 19:46:00;2026-03-20 19:53:00;2026-03-20 20:12:00;;441.0;;1132.0;4641.0;20.03.2026 21:08;HO2, T09;16960a18-248d-11f1-b61e-63d11f409480;1;1983326177;
TP_15267172603_TPS_18624492603;TP_15267172603;273115;5598acb550bb5466a352edf91d399f53a7659ed8c1c9ab3f48b828d5eaee43c5;2,03E+28;0;0;TPS_18624492603;HO2.28;HO2;28.0;VC;2026-03-20 18:55:00;2026-03-20 19:35:00;2026-03-20 19:44:00;2026-03-20 20:09:00;;561.0;504.0;;;20.03.2026 21:08;HO2, T09, T13;f9ed19e4-2485-11f1-b789-276a10418f61;1;1983322724;
TP_15267472603_TPS_18625022603;TP_15267472603;724044;49451bfca327b6a47bfaac45a0f5b3a77a8c122f49e6d4b9ed84a5029ea45bf4;2,03E+28;0;1;TPS_18625022603;HO2.28;HO2;28.0;VC;2026-03-20 21:17:00;2026-03-20 21:56:00;2026-03-20 22:01:00;2026-03-20 22:18:00;;295.0;;1022.0;3641.0;20.03.2026 23:06;HO2, T08, T13;dbc0df1e-2499-11f1-97af-d78c849bbaf6;1;1983464037;
TP_15267782603_TPS_18621002603;TP_15267782603;868698;62ddb807a3c0d99ca6f111ea6878cddd0f5ae6e72f318437df012e45780326a4;2,03E+28;1;1;TPS_18621002603;HO2.27;HO2;27.0;VC;2026-03-21 10:03:00;2026-03-21 10:10:00;2026-03-21 10:15:00;2026-03-21 10:19:00;406.0;256.0;;268.0;930.0;21.03.2026 11:06;HO2;e68a7ffc-2504-11f1-8645-5ff912822eef;1;;
TP_15268082603_TPS_18602352603;TP_15268082603;595828;2b3cb120040bcc21e36bbefd73b0b6702a12ce81547cfdd86da1445499b8ee13;2,03E+28;0;1;TPS_18602352603;T18.02.01;T18;2.0;RMG;2026-03-20 14:56:00;2026-03-20 15:42:00;2026-03-20 15:55:00;2026-03-20 17:47:00;;801.0;;6728.0;10249.0;20.03.2026 18:35;T18, T27;301237c8-2465-11f1-a19f-e71aa82cd74a;1;1982362162;
TP_15268212603_TPS_18602372603;TP_15268212603;968683;721c0d3130bf2a4e4e52a19bc914b253d27999b98e683d866caa3a07f4c6779b;2,03E+28;1;1;TPS_18602372603;HO2.32;HO2;32.0;VC;2026-03-20 15:14:00;2026-03-20 15:30:00;2026-03-20 15:38:00;2026-03-20 17:51:00;983.0;492.0;;7939.0;9414.0;20.03.2026 18:35;HO2;3d18570a-2469-11f1-a1bb-c79759f41044;1;1982435567;
TP_15268262603_TPS_18602362603;TP_15268262603;398456;1bdc9a77a284d9ecbf6ef7c06f81ae8d4b6cdbd9c4bbbbc893bb733b8069bdd4;2,03E+28;1;1;TPS_18602362603;T24.03.01;T24;3.0;RMG;2026-03-20 15:16:00;2026-03-20 15:36:00;2026-03-20 15:48:00;2026-03-20 17:24:00;1196.0;724.0;;5756.0;7676.0;20.03.2026 18:05;T24;831b2c6a-2468-11f1-a1b7-4b6a177538d3;1;1982447177;
TP_15268362603_TPS_18602442603;TP_15268362603;864802;eba641802f33fbbf20050af26c18be5c591791d9d27b4510751fbf616f3a857d;2,03E+28;0;1;TPS_18602442603;HO2.32;HO2;32.0;VC;2026-03-20 15:21:00;2026-03-20 16:19:00;2026-03-20 16:27:00;2026-03-20 16:55:00;;478.0;;1689.0;5630.0;20.03.2026 17:35;HO2, T15;2224ab36-2470-11f1-a1f4-431198d2a7d4;1;1982463929;
TP_15268552603_TPS_18498942603;TP_15268552603;235774;17ede0719eec8082a3e691c0f5a30a20c46a7ba21904c3cdad25c7371c7660b2;2,03E+28;0;1;TPS_18498942603;HO2.31;HO2;31.0;VC;2026-03-20 15:32:00;2026-03-20 16:50:00;2026-03-20 16:54:00;2026-03-20 17:00:00;;217.0;;366.0;5245.0;20.03.2026 18:05;HO2, T18;;0;1982524441;
TP_15268552603_TPS_18602392603;TP_15268552603;235774;17ede0719eec8082a3e691c0f5a30a20c46a7ba21904c3cdad25c7371c7660b2;2,03E+28;1;0;TPS_18602392603;T18.03.01;T18;3.0;RMG;2026-03-20 15:32:00;2026-03-20 15:48:00;2026-03-20 16:13:00;2026-03-20 17:00:00;944.0;1521.0;2197.0;;;20.03.2026 18:05;HO2, T18;94b22ec2-246a-11f1-a1c3-f7d174f29d69;1;1982524441;
TP_15268702603_TPS_18602432603;TP_15268702603;290888;8f844e5caa714dfffac8f5e7a7c5d2102e153afbd57bf055a144bc7298265b16;2,03E+28;0;1;TPS_18602432603;HO2.33;HO2;33.0;VC;2026-03-20 15:35:00;2026-03-20 16:03:00;2026-03-20 16:07:00;2026-03-20 16:21:00;;229.0;;835.0;2765.0;20.03.2026 17:06;HO2, T22;e6379a22-246d-11f1-a1e9-1717061da74e;1;1982527545;
TP_15268792603_TPS_18602492603;TP_15268792603;346237;6502697ba45eca187b1550a3ed885f960644420aaaf1a4a0d2a8330b5ef49ee9;2,03E+28;0;1;TPS_18602492603;T24.03.01;T24;3.0;RMG;2026-03-20 15:36:00;2026-03-20 17:40:00;2026-03-20 17:47:00;2026-03-20 17:51:00;;429.0;;257.0;8105.0;20.03.2026 18:35;T21, T24;6cd132f2-247b-11f1-a259-df7f8302b52e;1;1982526554;
TP_15268792603_TPS_18602402603;TP_15268792603;346237;6502697ba45eca187b1550a3ed885f960644420aaaf1a4a0d2a8330b5ef49ee9;2,03E+28;1;0;TPS_18602402603;T21.04.01;T21;4.0;RMG;2026-03-20 15:36:00;2026-03-20 15:51:00;2026-03-20 16:00:00;2026-03-20 17:51:00;912.0;495.0;6012.0;;;20.03.2026 18:35;T21, T24;c8f8eafe-246a-11f1-a1ca-4beac7d3cdd5;1;1982526554;
TP_15269172603_TPS_18621462603;TP_15269172603;370926;fba09e57ee872dd66ffdcb5344624aa2529353484d3f4835986b3c17c9910442;2,03E+28;0;1;TPS_18621462603;HO2.23;HO2;23.0;VC;2026-03-20 15:01:00;2026-03-20 16:17:00;2026-03-20 16:23:00;2026-03-20 16:29:00;;337.0;;351.0;5246.0;20.03.2026 17:35;HO2, T06;59f0fa8e-2465-11f1-baf7-cb2b2bb58f2a;1;1982369200;
TP_15269212603_TPS_18621502603;TP_15269212603;397361;d01baac222fd335cd388367ce855e1a159fd449960d541e73d60f4f710e8ed73;2,03E+28;1;1;TPS_18621502603;T15.01.01;T15;1.0;RMG;2026-03-20 15:02:00;2026-03-20 15:17:00;2026-03-20 15:24:00;2026-03-20 15:33:00;847.0;458.0;;551.0;1856.0;20.03.2026 16:35;T15;80e46568-2465-11f1-bb03-1718ad79573f;1;;
TP_15269362603_TPS_18613552603;TP_15269362603;494395;ce4564eac4d4c9e3054ae520658438da95f891f87a26dde2d07d0544bbb6dfff;2,03E+28;1;1;TPS_18613552603;T22.01.01;T22;1.0;RMG;2026-03-20 15:54:00;2026-03-20 15:59:00;2026-03-20 16:28:00;2026-03-20 16:33:00;254.0;1770.0;;280.0;2304.0;20.03.2026 17:35;T22;c490a432-246c-11f1-be48-279f616944ac;1;;
TP_15269552603_TPS_18623002603;TP_15269552603;771449;52a83d1028cb2b73cd77f2d485324735c82846ece08c2a7bca3fca7cb09e2344;2,03E+28;0;1;TPS_18623002603;HO2.28;HO2;28.0;VC;2026-03-20 16:34:00;2026-03-20 17:05:00;2026-03-20 17:09:00;2026-03-20 17:18:00;;253.0;;543.0;2657.0;20.03.2026 18:05;HO2, T10;4d4545e4-2472-11f1-a2ae-eb0d4804c359;1;1982768251;
TP_15269812603_TPS_18622242603;TP_15269812603;977978;c1dac71a58c7b434d6dbbaad25e7cb0522c82375e249c295ac7b1d654ec66ec6;2,03E+28;1;1;TPS_18622242603;T14.02.01;T14;2.0;RMG;2026-03-20 18:32:00;2026-03-20 18:38:00;2026-03-20 18:42:00;2026-03-20 18:47:00;302.0;293.0;;257.0;852.0;20.03.2026 19:08;T14;d7af4e86-2482-11f1-afcb-935e0874a77a;1;;
TP_15270182603_TPS_18625202603;TP_15270182603;316880;b6e4ff469ac0ea0f5dcdb59570e72180ab0f2278594c277d06e21ce8ae7e44df;2,03E+28;0;1;TPS_18625202603;T24.03.01;T24;3.0;RMG;2026-03-20 23:49:00;2026-03-21 00:20:00;2026-03-21 00:24:00;2026-03-21 00:40:00;;200.0;;998.0;3044.0;21.03.2026 01:35;LL, T24;1ff7703e-24af-11f1-a13e-33d3ac2da509;1;;
TP_15270182603_20260321001209000000023486750;TP_15270182603;316880;b6e4ff469ac0ea0f5dcdb59570e72180ab0f2278594c277d06e21ce8ae7e44df;2,03E+28;1;0;2,03E+28;LL;LL;;Leerlager;2026-03-20 23:49:00;2026-03-20 23:58:00;2026-03-21 00:12:00;2026-03-21 00:40:00;515.0;815.0;516.0;;;21.03.2026 01:35;LL, T24;86da9865-24b1-11f1-bf91-b3147eaeaae8;1;;
TP_15270322603_TPS_18629732603;TP_15270322603;839674;eb76fc024e4c611c9b75382ca1bf52c7e634db153aae6a074332136122fbad58;2,03E+28;1;1;TPS_18629732603;T14.04.01;T14;4.0;RMG;2026-03-21 08:08:00;2026-03-21 08:12:00;2026-03-21 08:24:00;2026-03-21 08:39:00;238.0;686.0;;911.0;1835.0;21.03.2026 09:35;T14;d571b358-24f4-11f1-9901-77cc74983358;1;;
TP_15270812603_TPS_18602512603;TP_15270812603;670653;df978fcfd43bbb1a91975596ff07da3c119c26aeebc89d82c5611723218f9edd;2,03E+28;0;1;TPS_18602512603;HO2.31;HO2;31.0;VC;2026-03-20 17:34:00;2026-03-20 18:03:00;2026-03-20 18:06:00;2026-03-20 18:16:00;;170.0;;596.0;2518.0;20.03.2026 19:08;HO2, T09;bcb4a2ba-247e-11f1-a281-e3959f8dcaf9;1;1982917953;
TP_15271732603_TPS_18623262603;TP_15271732603;474983;f02a318667cb8826f714297c1ae55b831e1b6405eb605c3ea54cb23cd19b6f77;2,03E+28;0;1;TPS_18623262603;HO2.31;HO2;31.0;VC;2026-03-20 16:40:00;2026-03-20 16:58:00;2026-03-20 17:01:00;2026-03-20 17:14:00;;190.0;;780.0;2065.0;20.03.2026 18:05;HO2, T21;11f28726-2473-11f1-a3bb-2bba2b8d04d0;1;1982777286;
TP_15271792603_TPS_18602502603;TP_15271792603;763414;aed1780ed51a8c579e04499c0ecdce89874518f63d2da0e2f81ae5acff3717c7;2,03E+28;0;1;TPS_18602502603;HO2.31;HO2;31.0;VC;2026-03-20 16:50:00;2026-03-20 17:52:00;2026-03-20 17:56:00;2026-03-20 18:42:00;;265.0;;2728.0;6741.0;20.03.2026 19:08;HO2, T16;bd5e7ad6-247b-11f1-a25c-432c5c03ddf0;1;1982795862;
TP_15272462603_TPS_18624762603;TP_15272462603;713777;041a3e5a4608037cd4bcbb304dbded66506ca6135a9c9efcfc0ab101379918f8;2,03E+28;0;1;TPS_18624762603;HO2.28;HO2;28.0;VC;2026-03-20 20:32:00;2026-03-20 21:11:00;2026-03-20 21:16:00;2026-03-20 21:23:00;;345.0;;395.0;3042.0;20.03.2026 22:05;HO2, T14;de2bb392-2498-11f1-b635-5ba54dce4789;1;1983429457;
TP_15272572603_20260320210201000000023480400;TP_15272572603;239288;4b224ff2159a7bbb2ef98016a40c2415587aa7022405b5d2c7d13c0a6993a7e6;2,03E+28;1;1;2,03E+28;LL;LL;;Leerlager;2026-03-20 20:53:00;2026-03-20 20:58:00;2026-03-20 21:02:00;2026-03-20 21:04:00;296.0;186.0;;164.0;646.0;20.03.2026 22:05;LL;48b79b81-2497-11f1-bf91-b3147eaeaae8;1;;
TP_15272982603_TPS_18602472603;TP_15272982603;D527297;;2,03E+28;1;1;TPS_18602472603;T24.04.01;T24;4.0;RMG;2026-03-20 17:08:00;2026-03-20 17:08:00;2026-03-20 17:20:00;2026-03-20 17:20:00;1.0;705.0;;0.0;706.0;20.03.2026 18:05;T24;09309ef8-2477-11f1-a22e-c79875d72450;1;;
TP_15273002603_TPS_18602482603;TP_15273002603;D527299;;2,03E+28;1;1;TPS_18602482603;T24.01.01;T24;1.0;RMG;2026-03-20 17:39:00;2026-03-20 17:39:00;2026-03-20 17:43:00;2026-03-20 17:43:00;0.0;199.0;;0.0;199.0;20.03.2026 18:35;T24;67e2f74e-247b-11f1-a254-2b6fb9fcb865;1;;
TP_15274292603_TPS_18622582603;TP_15274292603;632857;7e5dda5755ec1214b8504dbc45ef07c2f1d41bf5b2eae5f384b8ef37fb7596f0;2,03E+28;0;1;TPS_18622582603;HO2.27;HO2;27.0;VC;2026-03-20 19:53:00;2026-03-20 20:23:00;2026-03-20 20:28:00;2026-03-20 20:40:00;;242.0;;723.0;2813.0;20.03.2026 21:08;HO2, T08, T17;0ada1b1e-248e-11f1-b70e-e77fc6f27eef;1;1983387102;
TP_15278252603_TPS_18629652603;TP_15278252603;841132;7c2393e2aa241187546ecd0cb82068d2a694f390a3e604c78b8b9587e8454371;2,03E+28;0;1;TPS_18629652603;T06.01.01;T06;1.0;RMG;2026-03-21 07:35:00;2026-03-21 07:58:00;2026-03-21 08:03:00;2026-03-21 08:18:00;;310.0;;858.0;2523.0;21.03.2026 09:06;LL, T06;397ec6ec-24f0-11f1-93af-c782d03eeb5a;1;;
TP_15278252603_20260321075223000000023493307;TP_15278252603;841132;7c2393e2aa241187546ecd0cb82068d2a694f390a3e604c78b8b9587e8454371;2,03E+28;1;0;2,03E+28;LL;LL;;Leerlager;2026-03-21 07:35:00;2026-03-21 07:44:00;2026-03-21 07:52:00;2026-03-21 08:18:00;491.0;493.0;371.0;;;21.03.2026 09:06;LL, T06;6e95dfd9-24f1-11f1-bf91-b3147eaeaae8;1;;
TP_15279802603_TPS_18632192603;TP_15279802603;985030;0bae982dadb29983bac22cf2a06e261cbad1a30587a74ab0e2a9d7e03c1ee998;2,03E+28;1;1;TPS_18632192603;T24.04.01;T24;4.0;RMG;2026-03-21 06:25:00;2026-03-21 06:33:00;2026-03-21 06:42:00;2026-03-21 06:49:00;470.0;510.0;;460.0;1440.0;21.03.2026 07:35;T24;724bf198-24e6-11f1-97b9-7f0e087703bc,7259a842-24e6-11f1-97ba-abba20da18c0;2;;
TP_15280922603_TPS_18630242603;TP_15280922603;726498;12d26685a5992efb262f61ea539e76efd83d6d5b2e6050c1a9bc8d83c7f9f527;2,03E+28;0;1;TPS_18630242603;T13.03.01;T13;3.0;RMG;2026-03-23 06:24:00;2026-03-23 06:43:00;2026-03-23 06:50:00;2026-03-23 06:57:00;;379.0;;402.0;1921.0;23.03.2026 08:05;LL, T13;a3312f92-2678-11f1-8e44-735188c80898;1;;
TP_15280922603_20260323063804000000023573360;TP_15280922603;726498;12d26685a5992efb262f61ea539e76efd83d6d5b2e6050c1a9bc8d83c7f9f527;2,03E+28;1;0;2,03E+28;LL;LL;;Leerlager;2026-03-23 06:24:00;2026-03-23 06:30:00;2026-03-23 06:38:00;2026-03-23 06:57:00;345.0;440.0;355.0;;;23.03.2026 08:05;LL, T13;d5dfad41-2679-11f1-bf91-b3147eaeaae8;1;;
TP_15281132603_TPS_18639382603;TP_15281132603;664334;c9e886feb163b4cf35e51fd3e0f9302da3b2772c7fa948231557a950bc88df41;2,03E+28;0;1;TPS_18639382603;HO2.31;HO2;31.0;VC;2026-03-23 06:34:00;2026-03-23 06:52:00;2026-03-23 06:57:00;2026-03-23 07:04:00;;307.0;;385.0;1800.0;23.03.2026 08:05;HO2, T27;829016b4-267c-11f1-92fc-eb75743935b5;1;1987490123;
TP_15281742603_TPS_18641682603;TP_15281742603;559890;854a46de0ff32525c31217ef193f1426414ff9b981b39fe1d6a170daedf323cc;2,03E+28;1;1;TPS_18641682603;T09.02.01;T09;2.0;RMG;2026-03-23 07:47:00;2026-03-23 07:53:00;2026-03-23 08:01:00;2026-03-23 08:21:00;323.0;517.0;;1179.0;2019.0;23.03.2026 09:06;T09;3b3021c6-2684-11f1-a257-9f8220440768;1;;
TP_15283442603_TPS_18636932603;TP_15283442603;962845;dccddbb28ff06dfc6cf0178ca8a5d27ddca8ddf8f9e15099d0371476e9a9007c;2,03E+28;1;1;TPS_18636932603;T27.02.01;T27;2.0;RMG;2026-03-23 05:52:00;2026-03-23 05:58:00;2026-03-23 06:00:00;2026-03-23 06:07:00;321.0;130.0;;401.0;852.0;23.03.2026 07:06;T27;2aa52f32-2674-11f1-bdd6-af1efd07ba43;1;;
TP_15283732603_TPS_18638212603;TP_15283732603;810360;359811decec69c0c3448fd5700769f86c081c64ae4be4efe27da10bd64dba4a6;2,03E+28;1;1;TPS_18638212603;T08.03.01;T08;3.0;RMG;2026-03-23 06:34:00;2026-03-23 06:38:00;2026-03-23 06:42:00;2026-03-23 06:47:00;211.0;255.0;;261.0;727.0;23.03.2026 07:35;T08;08c13856-267a-11f1-8f6b-7f59381c1ed9;1;;
TP_15283782603_TPS_18638282603;TP_15283782603;720838;52c1003f445a48f09e5e9e5e598674b75e8f6f76552c3f7f5b0de531d77dff24;2,03E+28;0;1;TPS_18638282603;T15.03.01;T15;3.0;RMG;2026-03-23 06:35:00;2026-03-23 06:51:00;2026-03-23 06:58:00;2026-03-23 07:04:00;;388.0;;350.0;1681.0;23.03.2026 08:05;LL, T15;2cbe2ad4-267a-11f1-8f91-7b2f142952a8;1;;
TP_15283782603_20260323064503000000023573372;TP_15283782603;720838;52c1003f445a48f09e5e9e5e598674b75e8f6f76552c3f7f5b0de531d77dff24;2,03E+28;1;0;2,03E+28;LL;LL;;Leerlager;2026-03-23 06:35:00;2026-03-23 06:40:00;2026-03-23 06:45:00;2026-03-23 07:04:00;294.0;250.0;399.0;;;23.03.2026 08:05;LL, T15;e779a2b0-267a-11f1-bf91-b3147eaeaae8;1;;
TP_15284022603_TPS_18637372603;TP_15284022603;645725;99af8151273625695a77d674ceb8378d1502c5d6dcb84934ce75853f80db18df;2,03E+28;0;1;TPS_18637372603;HO2.32;HO2;32.0;VC;2026-03-23 06:48:00;2026-03-23 07:29:00;2026-03-23 08:05:00;2026-03-23 08:12:00;;2172.0;;453.0;5032.0;23.03.2026 09:06;HO2, LL;fd557c28-267b-11f1-b96c-575e3b4cdc2f,fd608c4e-267b-11f1-b96d-6f53ad5c26b6;2;;
TP_15284022603_20260323071600000000023573417;TP_15284022603;645725;99af8151273625695a77d674ceb8378d1502c5d6dcb84934ce75853f80db18df;2,03E+28;1;0;2,03E+28;LL;LL;;Leerlager;2026-03-23 06:48:00;2026-03-23 06:54:00;2026-03-23 07:16:00;2026-03-23 08:12:00;306.0;1315.0;786.0;;;23.03.2026 09:06;HO2, LL;7eec0e46-267e-11f1-bf91-b3147eaeaae8;1;;
TP_15284372603_TPS_18641402603;TP_15284372603;391566;48f3371a6a2a64855b8ab79f60e9ed942c7e99bafa767beae23880223390bd06;2,03E+28;0;1;TPS_18641402603;HO2.27;HO2;27.0;VC;2026-03-23 07:40:00;2026-03-23 08:28:00;2026-03-23 08:45:00;2026-03-23 09:07:00;;1067.0;;1281.0;5216.0;23.03.2026 10:05;HO2, LL, T07;2b7309de-2683-11f1-a1c0-57140b5216b6;1;1987814404;
TP_15284522603_TPS_18639392603;TP_15284522603;296425;11de731f9c66abb83ba2e050ffeac4aeb7c4fe4ac6ec70f1a5fad8c083295702;2,03E+28;0;1;TPS_18639392603;HO2.32;HO2;32.0;VC;2026-03-23 06:36:00;2026-03-23 06:53:00;2026-03-23 06:59:00;2026-03-23 07:09:00;;367.0;;555.0;1948.0;23.03.2026 08:05;HO2, T24;a14f8440-267c-11f1-92fd-b351d22e811c;1;1987494772;
TP_15284642603_TPS_18640972603;TP_15284642603;259355;9761fb84513dc9e055f97387b1228810e56d2399676bfe2c804b97240ce5047b;2,03E+28;1;1;TPS_18640972603;T15.03.01;T15;3.0;RMG;2026-03-23 07:29:00;2026-03-23 07:42:00;2026-03-23 07:53:00;2026-03-23 07:58:00;769.0;617.0;;331.0;1717.0;23.03.2026 09:06;T15;b78b8858-2681-11f1-a09a-4772fa2c46b7;1;;
TP_15284932603_TPS_18646512603;TP_15284932603;988310;3e475a632f4fed2568feb52c7f086fe4a37187b5286cc5f2d349235f5bc9f1b4;2,03E+28;1;1;TPS_18646512603;T09.01.01;T09;1.0;RMG;2026-03-23 08:57:00;2026-03-23 09:03:00;2026-03-23 09:11:00;2026-03-23 09:18:00;350.0;454.0;;448.0;1252.0;23.03.2026 10:05;T09;02abe970-268e-11f1-a2a8-abab4bb5d863;1;;
TP_15285002603_TPS_18646652603;TP_15285002603;823386;fb180e9af14e844ed8ff5b81fcdc3a80f213d11e68db8d1df4dd84a39fbd4e46;2,03E+28;0;0;TPS_18646652603;HO2.26;HO2;26.0;VC;2026-03-23 09:04:00;2026-03-23 10:21:00;2026-03-23 10:31:00;2026-03-23 12:28:00;;587.0;2942.0;;;23.03.2026 13:35;HO2, LL, T11, T27;e3a1b40a-268e-11f1-a3ec-9fcab9a987c8;1;1988493461;
TP_15285802603_TPS_18639372603;TP_15285802603;902257;3f6f802573d68df0d7bc6d3893060f5889ccf1216457cd3fc3102da872b13b51;2,03E+28;0;1;TPS_18639372603;HO2.24;HO2;24.0;VC;2026-03-23 06:39:00;2026-03-23 06:52:00;2026-03-23 06:56:00;2026-03-23 07:03:00;;235.0;;423.0;1435.0;23.03.2026 08:05;HO2, T12;690041f6-267c-11f1-92fb-0b2669bf227d;1;1987495088;
TP_15285822603_TPS_18641932603;TP_15285822603;241477;06a2f9f97784ce70a7d9c27919f3518d04a6527ab888138c3406b008e4726523;2,03E+28;0;1;TPS_18641932603;HO2.26;HO2;26.0;VC;2026-03-23 06:40:00;2026-03-23 07:04:00;2026-03-23 07:35:00;2026-03-23 07:39:00;;1857.0;;205.0;3556.0;23.03.2026 08:35;HO2, T19;c6eaf792-267d-11f1-89c8-238f94b850b3;1;1987498939;
TP_15286622603_TPS_18647612603;TP_15286622603;366481;e9a6b0d17ed78f150ae2cfec1e1022ac8c0d1277c5909002cf9193e00c4e7c34;2,03E+28;0;1;TPS_18647612603;T09.03.01;T09;3.0;RMG;2026-03-23 09:52:00;2026-03-23 10:16:00;2026-03-23 10:27:00;2026-03-23 12:02:00;;657.0;;5680.0;7751.0;23.03.2026 13:06;LL, T09;b1d1524e-2695-11f1-ad93-ff857d6183f0;1;;
TP_15286622603_20260323100919000000023580347;TP_15286622603;366481;e9a6b0d17ed78f150ae2cfec1e1022ac8c0d1277c5909002cf9193e00c4e7c34;2,03E+28;1;0;2,03E+28;LL;LL;;Leerlager;2026-03-23 09:52:00;2026-03-23 10:00:00;2026-03-23 10:09:00;2026-03-23 12:02:00;442.0;538.0;434.0;;;23.03.2026 13:06;LL, T09;156eb56d-2697-11f1-bf91-b3147eaeaae8;1;;
TP_15288192603_TPS_18643862603;TP_15288192603;921596;4a8441e6b38eda40145d3071b2153c7fee3fb7c5ca3a9f117d9e8b91af63519d;2,03E+28;0;1;TPS_18643862603;T06.02.01;T06;2.0;RMG;2026-03-23 13:35:00;2026-03-23 14:57:00;2026-03-23 15:02:00;2026-03-23 15:11:00;;250.0;;547.0;5716.0;23.03.2026 16:05;T06, T20;d8b1bc4a-26b4-11f1-a654-77c1428e55d3;1;;
TP_15288192603_TPS_18643852603;TP_15288192603;921596;4a8441e6b38eda40145d3071b2153c7fee3fb7c5ca3a9f117d9e8b91af63519d;2,03E+28;1;0;TPS_18643852603;T20.01.01;T20;1.0;RMG;2026-03-23 13:35:00;2026-03-23 14:19:00;2026-03-23 14:33:00;2026-03-23 15:11:00;2584.0;858.0;1477.0;;;23.03.2026 16:05;T06, T20;d8b16254-26b4-11f1-a653-5b7b35504b55;1;;
TP_15288222603_TPS_18643902603;TP_15288222603;961453;f475d505dd68ef5e85fc6e6f1876343de947590363cafb1359ba9102a0f84b38;2,03E+28;1;1;TPS_18643902603;T20.04.01;T20;4.0;RMG;2026-03-23 13:36:00;2026-03-23 15:41:00;2026-03-23 15:51:00;2026-03-23 16:41:00;7492.0;603.0;;2969.0;11064.0;23.03.2026 17:35;T20;fc4895ac-26b4-11f1-a669-bbf6d43dc151;1;;
TP_15288472603_TPS_18647212603;TP_15288472603;740069;4848dd2edc811c41ed9caf93160135db0b89bcf9104c285830f647d90f937cea;2,03E+28;1;1;TPS_18647212603;T09.03.01;T09;3.0;RMG;2026-03-23 09:36:00;2026-03-23 09:40:00;2026-03-23 09:57:00;2026-03-23 10:02:00;228.0;1009.0;;282.0;1519.0;23.03.2026 11:06;T09;7513a426-2693-11f1-ab95-c3e36bddaa2d;1;;
TP_15288792603_TPS_18639032603;TP_15288792603;792984;829520a84e24a1b6b1e07b947f891289165c23c22a79da4a81e9ea94feca6da1;2,03E+28;1;1;TPS_18639032603;T17.02.01;T17;2.0;RMG;2026-03-23 10:48:00;2026-03-23 10:54:00;2026-03-23 11:05:00;2026-03-23 12:24:00;345.0;626.0;;4765.0;5736.0;23.03.2026 13:35;T17;8400e7dc-269d-11f1-ad7a-9b1afd78a2de;1;;
TP_15288872603_TPS_18644702603;TP_15288872603;234868;4311bd40bf75fede436b457f65f6dcbc861b8345d1e8f92a67381ade82868524;2,03E+28;0;1;TPS_18644702603;HO2.26;HO2;26.0;VC;2026-03-23 10:58:00;2026-03-23 11:26:00;2026-03-23 11:41:00;2026-03-23 14:29:00;;908.0;;10045.0;12608.0;23.03.2026 15:35;HO2, T06;e83a9f76-269e-11f1-90ad-7b1cc453deca;1;1988864387;
TP_15290092603_TPS_18647922603;TP_15290092603;816799;a4ba17c7300ba9fd9191843b29994e1571a7edfbf8bfbc4769c18372d63ba123;2,03E+28;1;1;TPS_18647922603;T20.01.01;T20;1.0;RMG;2026-03-23 10:07:00;2026-03-23 10:14:00;2026-03-23 10:27:00;2026-03-23 12:27:00;383.0;784.0;;7182.0;8349.0;23.03.2026 13:35;T20;ca2986a2-2697-11f1-ae51-d7ba054aceec;1;;
TP_15290282603_TPS_18639222603;TP_15290282603;441656;d1fedb772bfa5a1c0a3ec502f9608e930673959f65857c835164c00e49502af0;2,03E+28;1;1;TPS_18639222603;HO2.23;HO2;23.0;VC;2026-03-23 11:24:00;2026-03-23 11:33:00;2026-03-23 11:50:00;2026-03-23 15:39:00;508.0;993.0;;13774.0;15275.0;23.03.2026 16:35;HO2;8c58cd96-26a2-11f1-b45d-637c1c310387;1;;
TP_15290522603_TPS_18651102603;TP_15290522603;448398;296d71de6310e8085238580ec594491e6506ab7dee352d1e08e60508081f8b29;2,03E+28;1;1;TPS_18651102603;T12.01.01;T12;1.0;RMG;2026-03-23 12:13:00;2026-03-23 12:21:00;2026-03-23 12:39:00;2026-03-23 13:09:00;426.0;1127.0;;1750.0;3303.0;23.03.2026 14:05;T12;6415dffc-26a9-11f1-8377-f3700b27a2a9;1;;
TP_15291032603_TPS_18643562603;TP_15291032603;646627;0e102b16ebc4ea42e88e5657806bef4ec979abc6067443b8ff6118386e8fc256;2,03E+28;0;1;TPS_18643562603;HO2.25;HO2;25.0;VC;2026-03-23 11:56:00;2026-03-23 12:20:00;2026-03-23 12:24:00;2026-03-23 16:27:00;;283.0;;14584.0;16271.0;23.03.2026 17:35;HO2, T06;f956ca2a-26a6-11f1-8f13-df1a6092228a;1;1988976878;
TP_15291952603_TPS_18641952603;TP_15291952603;210334;4cc64cc1ae81d9eedb986a844d63a8756ed0aa715edbb6e02fe959c7f2902d5a;2,03E+28;0;1;TPS_18641952603;HO2.26;HO2;26.0;VC;2026-03-23 16:35:00;2026-03-23 17:57:00;2026-03-23 17:59:00;2026-03-23 18:07:00;;171.0;;444.0;5486.0;23.03.2026 19:08;HO2, T08, T14;289ee1f0-26d9-11f1-9032-db6041f42400;1;1990083354;
TP_15291972603_TPS_18657572603;TP_15291972603;979677;0bf3b5c5f9ef321d865f3e351c76c3e4a3f28ec55336464871c3e6fa006f56dc;2,03E+28;0;1;TPS_18657572603;HO2.33;HO2;33.0;VC;2026-03-23 16:40:00;2026-03-23 17:49:00;2026-03-23 17:57:00;2026-03-23 18:09:00;;490.0;;732.0;5337.0;23.03.2026 19:08;HO2, T09, T27;ada17a26-26ce-11f1-b224-0b7c70bca996;1;1990089327;
TP_15292342603_TPS_18653132603;TP_15292342603;443586;4e85d373c7fe0d67279756130e0689a52372617db712ffba53d40d51c1634fb0;2,03E+28;0;0;TPS_18653132603;HO2.25;HO2;25.0;VC;2026-03-23 13:05:00;2026-03-23 13:51:00;2026-03-23 13:57:00;2026-03-23 17:01:00;;398.0;9085.0;;;23.03.2026 18:05;HO2, T09, T18;a3c40956-26b0-11f1-9168-e33c403b5480;1;1989243052;
TP_15293142603_TPS_18657732603;TP_15293142603;646508;0320b31096ff365491e18e07b3c85f554df9b1b17b9567d9507c07f0a0040f44;2,03E+28;1;1;TPS_18657732603;T23.04.01;T23;4.0;RMG;2026-03-23 16:46:00;2026-03-23 16:53:00;2026-03-23 17:10:00;2026-03-23 17:25:00;409.0;1006.0;;887.0;2302.0;23.03.2026 18:35;T23;877287fe-26cf-11f1-b26c-dbc019ef52d9,8780ec4a-26cf-11f1-b26d-5742bd1acad6;2;;
TP_15293202603_TPS_18641962603;TP_15293202603;342901;5773460fbebc3b1d9411d2831bbb442d85fab070773f8531f18a0d5c453f58ae;2,03E+28;0;1;TPS_18641962603;HO2.27;HO2;27.0;VC;2026-03-23 16:49:00;2026-03-23 18:32:00;2026-03-23 18:36:00;2026-03-23 18:40:00;;258.0;;236.0;6702.0;23.03.2026 19:08;HO2, T26;4287c550-26de-11f1-9066-7b43a9c148f2;1;1990038716;
TP_15293362603_TPS_18657972603;TP_15293362603;981246;ad0394ea7857913ea1c693a03211a6904cc69e52e78861cc97993ebf8d98c2e6;2,03E+28;1;1;TPS_18657972603;T26.01.01;T26;1.0;RMG;2026-03-23 16:52:00;2026-03-23 18:00:00;2026-03-23 18:20:00;2026-03-23 18:27:00;4052.0;1227.0;;394.0;5673.0;23.03.2026 19:08;T26;5dca6362-26d0-11f1-b2dd-9fcf11d9af0d;1;;
TP_15293422603_TPS_18649632603;TP_15293422603;702947;746ef1349c0c2575c934984edd8bb6714b5e8977fbb9a3d179eff0fa8989abe8;2,03E+28;0;1;TPS_18649632603;HO2.31;HO2;31.0;VC;2026-03-23 16:55:00;2026-03-23 17:42:00;2026-03-23 17:48:00;2026-03-23 18:11:00;;350.0;;1348.0;4517.0;23.03.2026 19:08;HO2, T14, T20;375fe9fc-26d7-11f1-b3eb-f30659f7e44c;1;1990231993;
TP_15293442603_TPS_18658112603;TP_15293442603;762618;2c14f04f3da53172f7ba52c2fa910ff72d32ed548b674a75cafc2dea545d902d;2,03E+28;1;1;TPS_18658112603;T11.01.01;T11;1.0;RMG;2026-03-23 16:56:00;2026-03-23 17:02:00;2026-03-23 17:23:00;2026-03-23 17:30:00;331.0;1255.0;;431.0;2017.0;23.03.2026 18:35;T11;ecef198e-26d0-11f1-b3c2-dbca7d863975;1;;
TP_15293602603_TPS_18649552603;TP_15293602603;796670;5e1d448be7e2c37cc9bb034f294ef57492095934d65b80dfbec3f1e811fd65ab;2,03E+28;1;1;TPS_18649552603;T13.03.01;T13;3.0;RMG;2026-03-23 14:39:00;2026-03-23 14:54:00;2026-03-23 15:01:00;2026-03-23 15:30:00;858.0;408.0;;1789.0;3055.0;23.03.2026 16:35;T13;c96b4fd6-26bd-11f1-b44a-d311cc0356b3;1;;
TP_15293632603_TPS_18651242603;TP_15293632603;400492;f01c779390aa9d3125282e8af1599b25ac5e06b055d1fe4243f7285bbd5559bf;2,03E+28;1;1;TPS_18651242603;T14.02.01;T14;2.0;RMG;2026-03-23 14:40:00;2026-03-23 15:09:00;2026-03-23 15:16:00;2026-03-23 15:38:00;1772.0;381.0;;1327.0;3480.0;23.03.2026 16:35;T14;d2819f44-26bd-11f1-953c-cb67f14bf529,d2903d60-26bd-11f1-953d-5f48edb8da4f;2;;
TP_15293872603_TPS_18651692603;TP_15293872603;441547;71c235bf84c6f5dae55607ec61cebab557bceda8ea87f31a440436fae353818c;2,03E+28;1;1;TPS_18651692603;T19.01.01;T19;1.0;RMG;2026-03-23 14:57:00;2026-03-23 15:08:00;2026-03-23 15:12:00;2026-03-23 15:42:00;643.0;245.0;;1807.0;2695.0;23.03.2026 16:35;T19;4d4d9866-26c0-11f1-9613-0fab9d4470e2;1;;
TP_15294762603_TPS_18644082603;TP_15294762603;599722;b727fcd7d1cfef9ab339c4354ab12322994fc706a4f1db47a6c1c13f792aeb1a;2,03E+28;1;1;TPS_18644082603;T21.02.01;T21;2.0;RMG;2026-03-23 13:41:00;2026-03-23 13:54:00;2026-03-23 13:59:00;2026-03-23 15:54:00;772.0;299.0;;6885.0;7956.0;23.03.2026 16:35;T21;af5abca6-26b5-11f1-a6ba-f3af2c107921;1;;
TP_15295202603_TPS_18654282603;TP_15295202603;810239;48505f10a08e8bcf6bf779fc6ff5bbcc3f50e707645f188e27b4eb4b5e1be9b7;2,03E+28;1;1;TPS_18654282603;T14.04.01;T14;4.0;RMG;2026-03-23 14:26:00;2026-03-23 14:45:00;2026-03-23 14:48:00;2026-03-23 15:25:00;1094.0;218.0;;2227.0;3539.0;23.03.2026 16:35;T14;f8c43420-26bb-11f1-b7ba-0fb6b0f863fd;1;;
TP_15295252603_TPS_18654812603;TP_15295252603;544405;76c9ca683ee969c6cecaca282405cf79f35ed74e96467fcd5819d3a821a5da97;2,03E+28;1;1;TPS_18654812603;T27.02.01;T27;2.0;RMG;2026-03-23 14:30:00;2026-03-23 15:48:00;2026-03-23 15:56:00;2026-03-23 16:38:00;4677.0;465.0;;2538.0;7680.0;23.03.2026 17:35;T27;87d44f10-26bc-11f1-a131-c7b5bd1a2a7b,87e237e2-26bc-11f1-a132-17469edd7abb;2;;
TP_15295322603_TPS_18654892603;TP_15295322603;572491;8b51ad626cff35ee0b526e280ce798ce40fffb6dec0f87d1774a0054d136b7a4;2,03E+28;1;1;TPS_18654892603;T27.01.01;T27;1.0;RMG;2026-03-23 14:34:00;2026-03-23 16:17:00;2026-03-23 16:21:00;2026-03-23 16:49:00;6128.0;272.0;;1666.0;8066.0;23.03.2026 17:35;T27;16be5176-26bd-11f1-a193-83984e3633d5;1;;
TP_15296402603_TPS_18644312603;TP_15296402603;928231;c47db5833399b99f885283b71784f7adf62336c8f4778be5e632398d65984fde;2,03E+28;1;1;TPS_18644312603;T26.03.01;T26;3.0;RMG;2026-03-23 17:30:00;2026-03-23 18:22:00;2026-03-23 18:51:00;2026-03-23 18:59:00;3078.0;1748.0;;505.0;5331.0;23.03.2026 20:05;T26;ad101714-26d5-11f1-9b45-9ba13a2678ac;1;;
TP_15296572603_TPS_18658622603;TP_15296572603;242467;53d513e62b58f301fba052819f7ef566cd892641ab1fd43effc5b59aa0078490;2,03E+28;0;1;TPS_18658622603;HO2.31;HO2;31.0;VC;2026-03-23 17:39:00;2026-03-23 18:04:00;2026-03-23 18:08:00;2026-03-23 18:21:00;;232.0;;775.0;2493.0;23.03.2026 19:08;HO2, T17;e322672a-26d6-11f1-9c48-0f54d67df588;1;1990353088;
TP_15296772603_TPS_18641982603;TP_15296772603;914776;cc2447ef6d3e185e987b884048baa60fce9e445ca3d696941c92d23974ac7697;2,03E+28;0;1;TPS_18641982603;HO2.31;HO2;31.0;VC;2026-03-23 20:20:00;2026-03-23 20:37:00;2026-03-23 20:47:00;2026-03-23 20:56:00;;592.0;;569.0;2134.0;23.03.2026 22:05;HO2, T09;83ff08de-26ef-11f1-9112-1b1894bead3e;1;1990738297;
TP_15297052603_TPS_18656962603;TP_15297052603;635544;c73a9748aa9c917bd39fe0b0857ab134e03ab51f55b54f8a8aef8d00fead3e87;2,03E+28;1;1;TPS_18656962603;T22.03.01;T22;3.0;RMG;2026-03-23 22:02:00;2026-03-23 22:11:00;2026-03-23 22:15:00;2026-03-23 22:42:00;511.0;235.0;;1643.0;2389.0;23.03.2026 23:35;T22;ac4974f8-26fb-11f1-97c3-f3dd2e374c25;1;;
TP_15297792603_TPS_18641972603;TP_15297792603;509171;9c50571d3a9fba70acd2a960a3bdf6539577426c8b8b5a9fc8dc74a52c0019be;2,03E+28;0;1;TPS_18641972603;T07.01.01;T07;1.0;RMG;2026-03-23 18:38:00;2026-03-23 19:55:00;2026-03-23 20:02:00;2026-03-23 20:11:00;;456.0;;541.0;5578.0;23.03.2026 21:09;T07;3843c64e-26e2-11f1-908f-876c12ca4c00;1;;
TP_15297792603_TPS_18661952603;TP_15297792603;509171;9c50571d3a9fba70acd2a960a3bdf6539577426c8b8b5a9fc8dc74a52c0019be;2,03E+28;1;0;TPS_18661952603;T07.01.01;T07;1.0;RMG;2026-03-23 18:38:00;2026-03-23 18:49:00;2026-03-23 19:00:00;2026-03-23 20:11:00;651.0;618.0;3312.0;;;23.03.2026 21:09;T07;2cf7ab78-26df-11f1-a998-134f9a32480c;1;;
TP_15297872603_TPS_18662042603;TP_15297872603;313102;b282714b06df7f90ed9d3bf6b3b54975595addb81468ecf1ca90b25412cbbb69;2,03E+28;1;1;TPS_18662042603;T18.04.01;T18;4.0;RMG;2026-03-23 18:40:00;2026-03-23 19:10:00;2026-03-23 19:53:00;2026-03-23 20:19:00;1785.0;2541.0;;1589.0;5915.0;23.03.2026 21:09;T18;744b8594-26df-11f1-a9cd-0ba0673682e3;1;;
TP_15297982603_TPS_18662182603;TP_15297982603;527035;2056fbd94948c0f18518f00426b80dd4aa19c692f9e0b881574ab795d0b69711;2,03E+28;0;1;TPS_18662182603;HO2.28;HO2;28.0;VC;2026-03-23 18:45:00;2026-03-23 19:09:00;2026-03-23 19:45:00;2026-03-23 20:03:00;;2176.0;;1111.0;4712.0;23.03.2026 21:09;HO2, T09;0e3b977a-26e0-11f1-aa1a-0f3aeb737b7f;1;1990633794;
TP_15298112603_TPS_18662342603;TP_15298112603;415163;5af488ee3cf69c25c558d1b053f9d2a74887168b1b3015d1306dd720f4c5dc05;2,03E+28;0;1;TPS_18662342603;HO2.26;HO2;26.0;VC;2026-03-23 18:51:00;2026-03-23 19:33:00;2026-03-23 19:45:00;2026-03-23 20:13:00;;714.0;;1656.0;4864.0;23.03.2026 21:09;HO2, T14, T17;fb9a7d7e-26e0-11f1-aa7c-176ec665c10d;1;1990606746;
TP_15298142603_TPS_18662372603;TP_15298142603;724292;bfd9d4482e1081ae75d97096bcada6d66225e8e2cf17eee361a6e95485b60696;2,03E+28;1;1;TPS_18662372603;T27.02.01;T27;2.0;RMG;2026-03-23 18:52:00;2026-03-23 19:01:00;2026-03-23 19:11:00;2026-03-23 19:41:00;511.0;618.0;;1796.0;2925.0;23.03.2026 20:35;T27;215d0158-26e1-11f1-aa8f-1be6d644c29e;1;;
TP_15299962603_TPS_18660312603;TP_15299962603;421457;a137953ca23576fb22d037fb50d74edf7f408ff53ce8a0678a5c068e9635908f;2,03E+28;0;1;TPS_18660312603;HO2.32;HO2;32.0;VC;2026-03-23 18:59:00;2026-03-23 19:34:00;2026-03-23 19:48:00;2026-03-23 20:08:00;;842.0;;1183.0;4132.0;23.03.2026 21:09;HO2, T19;fd71f43c-26e1-11f1-a1d3-9f58cd12a046;1;1990648746;
TP_15300132603_TPS_18662472603;TP_15300132603;597845;569a6b3d5f2d842942ee3666f2ea16c59dc7fdd371f7deaade79223f6e55e6cb;2,03E+28;1;1;TPS_18662472603;T20.01.01;T20;1.0;RMG;2026-03-23 19:34:00;2026-03-23 20:02:00;2026-03-23 20:41:00;2026-03-23 20:53:00;1679.0;2336.0;;688.0;4703.0;23.03.2026 21:09;T20;ffa63e0c-26e6-11f1-8b0c-377c92b6ae32;1;;
TP_15300152603_TPS_18641992603;TP_15300152603;706477;58b821b7734d4fd0d7cbe047b29b0e7081998139a25ad15e358f2d791bec982a;2,03E+28;0;1;TPS_18641992603;HO2.32;HO2;32.0;VC;2026-03-23 19:35:00;2026-03-23 21:07:00;2026-03-23 21:10:00;2026-03-23 21:35:00;;147.0;;1532.0;7226.0;23.03.2026 22:35;HO2, T18;f1238fe4-26f3-11f1-9126-532dc1c53cfc;1;1990690878;
TP_15300372603_TPS_18663952603;TP_15300372603;355948;e26f4cb388eeaf2a544f5dbd884a836444d8951f8bd87cd536e0f7c71ec42002;2,03E+28;0;1;TPS_18663952603;HO2.28;HO2;28.0;VC;2026-03-23 20:43:00;2026-03-23 20:58:00;2026-03-23 21:04:00;2026-03-23 21:11:00;;385.0;;413.0;1720.0;23.03.2026 22:05;HO2, T14;873d81be-26f0-11f1-af45-a3141391bfb3;1;1990765511;
TP_15300602603_TPS_18660972603;TP_15300602603;838137;744fe2b468bf5d428dff4b7c4ed53202ec49448929b8cb7f58955c8af1d0ec85;2,03E+28;0;1;TPS_18660972603;HO2.28;HO2;28.0;VC;2026-03-24 00:45:00;2026-03-24 01:04:00;2026-03-24 01:13:00;2026-03-24 01:23:00;;494.0;;612.0;2270.0;24.03.2026 02:05;HO2, T13;60a844ae-2712-11f1-bda5-1b3241877f8f;1;1991093782;
TP_15301742603_TPS_18666702603;TP_15301742603;737410;d22d57d79d2d5814e37f5ed4e0776b9b928bf7eda90825cd09e9d8a4e42db0f3;2,03E+28;0;1;TPS_18666702603;HO2.27;HO2;27.0;VC;2026-03-24 03:22:00;2026-03-24 03:49:00;2026-03-24 03:53:00;2026-03-24 04:02:00;;276.0;;526.0;2385.0;24.03.2026 05:06;HO2, T20;5eef642e-2728-11f1-85c0-53713a2d9f5a;1;1991331137;
TP_15302892603_TPS_18684192603;TP_15302892603;956749;feda5eab1916b2f8ee9b5c36cc4acb27660694d1fbc87d6c68275bfc12a4f989;2,03E+28;0;1;TPS_18684192603;HO2.28;HO2;28.0;VC;2026-03-24 03:03:00;2026-03-24 11:18:00;2026-03-24 11:20:00;2026-03-24 14:24:00;;69.0;;11091.0;40883.0;24.03.2026 15:35;HO2, T17;da18c5c2-276a-11f1-b64b-fb788e7e4b11;1;1991294622;
TP_15302932603_TPS_18665642603;TP_15302932603;699068;1d9aa310ef6a01024e5ad96aaf51941248e2d67a031f44e913c27156fcf49259;2,03E+28;1;1;TPS_18665642603;T20.03.01;T20;3.0;RMG;2026-03-24 03:05:00;2026-03-24 03:12:00;2026-03-24 03:30:00;2026-03-24 03:35:00;401.0;1052.0;;322.0;1775.0;24.03.2026 04:35;T20;01416694-2726-11f1-a6ee-bf7c31a732a7,014fc932-2726-11f1-a6ef-dfdbe5473f3f;2;;
TP_15309092603_TPS_18684172603;TP_15309092603;735019;5e2dc8f2ba60e3238c59deaf7de62e107d4a1f22229db938f61fd0fcfb5ed9b4;2,03E+28;0;1;TPS_18684172603;HO2.27;HO2;27.0;VC;2026-03-24 06:42:00;2026-03-24 11:03:00;2026-03-24 11:05:00;2026-03-24 11:18:00;;137.0;;744.0;16532.0;24.03.2026 12:05;HO2, T19;;0;1991536833;
TP_15309342603_TPS_18684182603;TP_15309342603;453301;d6580bfa1c98a0bbaa11b397756964d84fcc454e2c71df7e144d6fdfbe7b4101;2,03E+28;0;1;TPS_18684182603;HO2.26;HO2;26.0;VC;2026-03-24 06:46:00;2026-03-24 11:15:00;2026-03-24 11:16:00;2026-03-24 14:25:00;;70.0;;11363.0;27537.0;24.03.2026 15:35;HO2, T12;57805404-276a-11f1-b643-8f5a3f8e5e1d;1;1991542597;
TP_15309732603_TPS_18674792603;TP_15309732603;636401;f9fed3ab3880539d9f34c706d5717fed734a9eb24fb71d84ec3f88d81b7fc44b;2,03E+28;0;1;TPS_18674792603;T21.03.01;T21;3.0;RMG;2026-03-24 07:45:00;2026-03-24 08:14:00;2026-03-24 08:17:00;2026-03-24 08:24:00;;203.0;;400.0;2295.0;24.03.2026 09:35;T19, T21;1ea403fa-274d-11f1-b3a0-3f4b606e1c73;1;;
TP_15309732603_TPS_18674782603;TP_15309732603;636401;f9fed3ab3880539d9f34c706d5717fed734a9eb24fb71d84ec3f88d81b7fc44b;2,03E+28;1;0;TPS_18674782603;T19.02.01;T19;2.0;RMG;2026-03-24 07:45:00;2026-03-24 08:03:00;2026-03-24 08:11:00;2026-03-24 08:24:00;1045.0;471.0;176.0;;;24.03.2026 09:35;T19, T21;1e9e343e-274d-11f1-b39f-2f3e45d1bc38;1;;
TP_15309952603_TPS_18675622603;TP_15309952603;652985;bb1833132660dff96f6c1595f2166fc01cde0b0dc029e8bb427072017f0b8031;2,03E+28;0;1;TPS_18675622603;HO2.31;HO2;31.0;VC;2026-03-24 08:22:00;2026-03-24 09:46:00;2026-03-24 10:06:00;2026-03-24 13:18:00;;1190.0;;11527.0;17758.0;24.03.2026 14:05;HO2, T13;3d50f65a-2752-11f1-bdf4-33544eed7c6f;1;1991893523;
TP_15310112603_TPS_18670862603;TP_15310112603;762707;2b56cb93b399bf1ef363366c8d0ce07362c9a797f0fb7706694733968e67c3f2;2,03E+28;1;1;TPS_18670862603;HO2.35;HO2;35.0;VC;2026-03-24 06:51:00;2026-03-24 07:00:00;2026-03-24 07:32:00;2026-03-24 07:38:00;539.0;1881.0;;370.0;2790.0;24.03.2026 08:35;HO2;9358cc38-2745-11f1-981b-f3ae0a7ffa49;1;;
TP_15310232603_TPS_18674142603;TP_15310232603;370661;29c212e386467b54d59a32aea1a2d136d7f30d939bbaf9ba98784f3647e9d8a6;2,03E+28;0;1;TPS_18674142603;T06.03.01;T06;3.0;RMG;2026-03-24 07:31:00;2026-03-24 08:07:00;2026-03-24 08:10:00;2026-03-24 08:15:00;;208.0;;297.0;2611.0;24.03.2026 09:06;HO2, T06;2a2011c6-274b-11f1-b0c2-77b558d0b2f1;1;;
TP_15310232603_TPS_18674132603;TP_15310232603;370661;29c212e386467b54d59a32aea1a2d136d7f30d939bbaf9ba98784f3647e9d8a6;2,03E+28;1;0;TPS_18674132603;HO2.35;HO2;35.0;VC;2026-03-24 07:31:00;2026-03-24 07:48:00;2026-03-24 08:02:00;2026-03-24 08:15:00;1010.0;827.0;269.0;;;24.03.2026 09:06;HO2, T06;2a1afd4e-274b-11f1-b0c1-3f636cb05139;1;;
TP_15310292603_TPS_18674872603;TP_15310292603;219883;733e9b334200ff7275f542d863f51a17402f4ff7dca987a2407c1576afef12b5;2,03E+28;1;1;TPS_18674872603;T27.01.01;T27;1.0;RMG;2026-03-24 07:46:00;2026-03-24 07:53:00;2026-03-24 08:14:00;2026-03-24 08:21:00;370.0;1299.0;;403.0;2072.0;24.03.2026 09:35;T27;421548d0-274d-11f1-b3e0-97db93fc0115;1;;
TP_15310382603_TPS_18678202603;TP_15310382603;692717;dbb7c6d23794b2d632eafd1237c9aad3dd93ce98ecbaa86a6a90e22814039cbc;2,03E+28;1;1;TPS_18678202603;HO2.23;HO2;23.0;VC;2026-03-24 08:01:00;2026-03-24 08:31:00;2026-03-24 08:41:00;2026-03-24 08:53:00;1761.0;592.0;;732.0;3085.0;24.03.2026 10:05;HO2;5a997172-274f-11f1-a3d8-a34821f27c01;1;;
TP_15310722603_TPS_18680802603;TP_15310722603;309619;50144739200a5e6ca8bf34ea60ebbbf36f07a13dc65a309d806c989df2277040;2,03E+28;1;1;TPS_18680802603;T17.03.01;T17;3.0;RMG;2026-03-24 09:40:00;2026-03-24 09:47:00;2026-03-24 09:51:00;2026-03-24 09:57:00;419.0;243.0;;385.0;1047.0;24.03.2026 11:06;T17;1cb682ba-275d-11f1-b519-7f81fab00fb5;1;;
TP_15310802603_TPS_18680912603;TP_15310802603;486512;b8f058399a28d3e0ef9dd3b1f2ee4a681084ee2c2507008bde059a7dbeff97b1;2,03E+28;0;0;TPS_18680912603;HO2.32;HO2;32.0;VC;2026-03-24 09:42:00;2026-03-24 10:18:00;2026-03-24 10:28:00;2026-03-24 10:44:00;;542.0;208.0;;;24.03.2026 11:35;HO2, T22, T26;624e1e3c-275d-11f1-b55c-3bae5e46ed3c;1;1992391805;
TP_15310912603_TPS_18684202603;TP_15310912603;879069;b150c4881889e83e3c45402b6eed7d78c03d4a602b68f03566fe47c4916f5d8b;2,03E+28;0;1;TPS_18684202603;HO2.22;HO2;22.0;VC;2026-03-24 09:54:00;2026-03-24 12:22:00;2026-03-24 12:40:00;2026-03-24 14:26:00;;1035.0;;6389.0;16351.0;24.03.2026 15:35;HO2, T18;c31d28e6-2773-11f1-ba95-139f8e7ac8e6;1;1992417252;
TP_15310942603_TPS_18681472603;TP_15310942603;878112;665295b88d734ecd942a8c2f168311d44919e00e8a512d5db90ed0fff9ae8c80;2,03E+28;1;1;TPS_18681472603;HO2.23;HO2;23.0;VC;2026-03-24 10:00:00;2026-03-24 10:09:00;2026-03-24 10:14:00;2026-03-24 10:27:00;538.0;325.0;;761.0;1624.0;24.03.2026 11:35;HO2;ebec8b18-275f-11f1-ba49-6fb0ccd188bd;1;;
TP_15311062603_TPS_18676162603;TP_15311062603;920032;1a63d53fd20e479180c8d9d6dcd9ae6e7c8fc91a62760e81e5d79642ef877c4d;2,03E+28;1;1;TPS_18676162603;T21.01.01;T21;1.0;RMG;2026-03-24 10:11:00;2026-03-24 10:45:00;2026-03-24 10:49:00;2026-03-24 10:55:00;2047.0;241.0;;327.0;2615.0;24.03.2026 12:05;T21;7ca77d2e-2761-11f1-9672-7b3dbca0c7e4;1;;
TP_15311332603_TPS_18685482603;TP_15311332603;951915;2e5362062bd61596fba118b172e963037227a57ddd02edad90d3fa69224e1df5;2,03E+28;0;1;TPS_18685482603;HO2.25;HO2;25.0;VC;2026-03-24 10:59:00;2026-03-24 12:23:00;2026-03-24 12:33:00;2026-03-24 12:55:00;;578.0;;1323.0;6946.0;24.03.2026 14:05;HO2, T18;e4b76bc4-2773-11f1-91b9-3be08f5196b3;1;1992671379;
TP_15311342603_TPS_18683042603;TP_15311342603;256575;08ba5567c85a05c865ad6f01e12c6964deef71fb71ed532d8911e6c2678af82e;2,03E+28;0;0;TPS_18683042603;HO2.31;HO2;31.0;VC;2026-03-24 10:59:00;2026-03-24 12:26:00;2026-03-24 12:32:00;2026-03-24 13:52:00;;350.0;586.0;;;24.03.2026 15:06;HO2, T13, T19;35cd72c6-2768-11f1-a9c4-c3eb9992b76c;1;1992689038;
TP_15311452603_TPS_18672652603;TP_15311452603;877798;dbb5797e61cdcf7dde8a20d2fd6555b45962c145fc4f67950f483e74441099e2;2,03E+28;0;1;TPS_18672652603;HO2.24;HO2;24.0;VC;2026-03-24 06:37:00;2026-03-24 07:05:00;2026-03-24 07:12:00;2026-03-24 07:18:00;;419.0;;361.0;2488.0;24.03.2026 08:05;HO2, T26;7a990756-2747-11f1-902a-6f7db07f0039;1;1991533774;
TP_15311762603_TPS_18675302603;TP_15311762603;332724;a4f38c332201ae7923e459a3152f94addab123ae3ae24dc3f2e8b2efd46a5f5a;2,03E+28;1;1;TPS_18675302603;HO2.33;HO2;33.0;VC;2026-03-24 07:28:00;2026-03-24 07:47:00;2026-03-24 08:17:00;2026-03-24 08:37:00;1109.0;1788.0;;1234.0;4131.0;24.03.2026 09:35;HO2;be34f3d2-274a-11f1-b5a1-13838995ef25,be3a811c-274a-11f1-b5a2-ef1e8b968af7;2;;
TP_15311782603_TPS_18674082603;TP_15311782603;341813;ea9850d22b8d17e0d43d20f92e0565e8aa7e71a123d7f2d01fb03a882432dc8e;2,03E+28;1;1;TPS_18674082603;T23.03.01;T23;3.0;RMG;2026-03-24 07:29:00;2026-03-24 07:35:00;2026-03-24 07:42:00;2026-03-24 07:49:00;325.0;408.0;;457.0;1190.0;24.03.2026 08:35;T23;e241ca16-274a-11f1-b04c-1b7b21c623a6,e2478000-274a-11f1-b04d-ab805a15df93;2;;
TP_15312462603_TPS_18675052603;TP_15312462603;205769;4fa078bfa0661d1069bdd3a3f5a038ff84366167ce4bd423aae18d5a43f78149;2,03E+28;0;1;TPS_18675052603;T26.02.01;T26;2.0;RMG;2026-03-24 08:58:00;2026-03-24 09:26:00;2026-03-24 09:50:00;2026-03-24 10:35:00;;1387.0;;2720.0;5788.0;24.03.2026 11:35;T19, T26;510a76d0-2757-11f1-bf36-db612dba2aec;1;;
TP_15312462603_TPS_18675042603;TP_15312462603;205769;4fa078bfa0661d1069bdd3a3f5a038ff84366167ce4bd423aae18d5a43f78149;2,03E+28;1;0;TPS_18675042603;T19.02.01;T19;2.0;RMG;2026-03-24 08:58:00;2026-03-24 09:05:00;2026-03-24 09:22:00;2026-03-24 10:35:00;388.0;1030.0;263.0;;;24.03.2026 11:35;T19, T26;510441b6-2757-11f1-bf35-4f3bde31d21f;1;;
TP_15313062603_TPS_18679102603;TP_15313062603;993207;746aea6f9774b2187aa0b53456c5b4de5a16a8c7c5deebfd08360eca6f0a6fa2;2,03E+28;1;1;TPS_18679102603;T21.03.01;T21;3.0;RMG;2026-03-24 09:06:00;2026-03-24 09:13:00;2026-03-24 09:29:00;2026-03-24 09:34:00;393.0;979.0;;304.0;1676.0;24.03.2026 10:35;T21;6f4b5528-2758-11f1-bfb8-1b64ff98e984,6f517bf6-2758-11f1-bfb9-3bd53a076c9a;2;;
TP_15313832603_20260324135106000000023627988;TP_15313832603;294105;35519f65aa4df233c8a4de66f40b35fc0891558697f69f33542622f02a1a2adf;2,03E+28;0;1;2,03E+28;LL;LL;;Leerlager;2026-03-24 12:04:00;2026-03-24 12:50:00;2026-03-24 13:51:00;2026-03-24 13:51:00;;3652.0;;-1.0;6421.0;24.03.2026 14:35;HO2, LL;bf4334fb-2777-11f1-abd3-2709b7d875a2;1;1992928700;
TP_15315982603_TPS_18683222603;TP_15315982603;814679;62560a4f9415e58d37c03d74825e221a276ff832b4765ca03f0bd242b82f0a46;2,03E+28;1;1;TPS_18683222603;T14.04.01;T14;4.0;RMG;2026-03-24 11:32:00;2026-03-24 11:36:00;2026-03-24 11:54:00;2026-03-24 11:59:00;205.0;1110.0;;297.0;1612.0;24.03.2026 13:06;T14;d4482956-276c-11f1-b047-ff217c13dd6b;1;;
TP_15316602603_TPS_18680652603;TP_15316602603;391489;a7be530086c26e1d0d910f61aaa1d245b4d2856b737cfd96a8e960b29c54307f;2,03E+28;1;1;TPS_18680652603;T23.03.01;T23;3.0;RMG;2026-03-24 09:35:00;2026-03-24 09:44:00;2026-03-24 09:47:00;2026-03-24 09:56:00;546.0;184.0;;549.0;1279.0;24.03.2026 11:06;T23;60afc37e-275c-11f1-b3db-ff939d742f37;1;;
TP_15317032603_TPS_18681642603;TP_15317032603;772604;fc02dccf894b36bc05b31d41616bb490e6add177f9eb85739c74353cc16acc5c;2,03E+28;0;1;TPS_18681642603;HO2.31;HO2;31.0;VC;2026-03-24 10:32:00;2026-03-24 11:10:00;2026-03-24 11:14:00;2026-03-24 13:41:00;;203.0;;8816.0;11315.0;24.03.2026 14:35;HO2, T26;683b129e-2764-11f1-9bc0-635011e4f0a5;1;1992595087;
TP_15319552603_TPS_18689862603;TP_15319552603;215213;21eb620fab4add37f9b5b888910b38c75fd254958936ffcd0c01910ce6b4c8db;2,03E+28;1;1;TPS_18689862603;T15.01.01;T15;1.0;RMG;2026-03-24 13:45:00;2026-03-24 14:04:00;2026-03-24 14:15:00;2026-03-24 14:27:00;1133.0;688.0;;699.0;2520.0;24.03.2026 15:35;T15;5451dc16-277f-11f1-98ec-0bb96458f927;1;;
TP_15319842603_TPS_18690812603;TP_15319842603;762633;012b58b4eaf8f2c034515417a150a3838bacd4c8b5aa1504d0dc2f8d85696e48;2,03E+28;1;1;TPS_18690812603;HO2.22;HO2;22.0;VC;2026-03-24 14:31:00;2026-03-24 15:29:00;2026-03-24 15:39:00;2026-03-24 15:44:00;3448.0;591.0;;323.0;4362.0;24.03.2026 16:35;HO2;d65c1464-2785-11f1-b15f-4fd86eed8fd4;1;;
TP_15320012603_TPS_18691012603;TP_15320012603;459410;8eb4a89565484f578938b8ba9321203719ffae40a593540054a3001a73fda01a;2,03E+28;1;1;TPS_18691012603;T12.02.01;T12;2.0;RMG;2026-03-24 14:34:00;2026-03-24 14:40:00;2026-03-24 15:12:00;2026-03-24 15:21:00;306.0;1967.0;;490.0;2763.0;24.03.2026 16:05;T12;412b1bb4-2786-11f1-b1a7-4f5cc3029a5a;1;;
TP_15320742603_TPS_18685512603;TP_15320742603;942038;0d8afeffb750282b64afefb997f058252145cc037f25524ed46dc6c71a655541;2,03E+28;0;0;TPS_18685512603;HO2.34;HO2;34.0;VC;2026-03-24 13:19:00;2026-03-24 14:00:00;2026-03-24 14:08:00;2026-03-24 14:34:00;;473.0;357.0;;;24.03.2026 15:35;HO2, LL, T27;;0;1993443605;
TP_15321002603_TPS_18689722603;TP_15321002603;645455;bdbe8e7a2c5cda6efb54063dd078137f0b341dd60965cf7983a7ccec3d77a77a;2,03E+28;1;1;TPS_18689722603;HO2.25;HO2;25.0;VC;2026-03-24 13:42:00;2026-03-24 14:12:00;2026-03-24 14:17:00;2026-03-24 14:28:00;1772.0;270.0;;671.0;2713.0;24.03.2026 15:35;HO2;fd9cfdce-277e-11f1-98b3-bf08d0642b86,fda4c360-277e-11f1-98b4-53ba51764d3c;2;;
TP_15321192603_TPS_18687962603;TP_15321192603;407003;f6a9f18460a5888514732c15065c40d4d8585c8d791c4d9804ad4b00122af00c;2,03E+28;0;1;TPS_18687962603;HO2.32;HO2;32.0;VC;2026-03-24 14:19:00;2026-03-24 15:49:00;2026-03-24 15:53:00;2026-03-24 16:21:00;;215.0;;1680.0;7312.0;24.03.2026 17:06;HO2, T06, T24;151b1792-2784-11f1-af8b-63e3d6edc80b;1;1993653652;
TP_15322692603_TPS_18690422603;TP_15322692603;460248;bce2f05461e1ab2d9f0ab9d153e4961cae24d6b76d66f32202f5e757a1517c0f;2,03E+28;1;1;TPS_18690422603;T27.03.01;T27;3.0;RMG;2026-03-24 16:17:00;2026-03-24 16:28:00;2026-03-24 16:44:00;2026-03-24 16:55:00;657.0;950.0;;649.0;2256.0;24.03.2026 18:05;T27;a4aa1b82-2794-11f1-b841-77c03fe96f25;1;;
TP_15322722603_TPS_18694472603;TP_15322722603;801971;b44f19a462ae116047db3d5a4c8dbfcc72e5c32a4f410124aad78a4a010328aa;2,03E+28;0;1;TPS_18694472603;HO2.26;HO2;26.0;VC;2026-03-24 16:26:00;2026-03-24 17:37:00;2026-03-24 17:50:00;2026-03-24 18:03:00;;739.0;;780.0;5804.0;24.03.2026 19:09;HO2, T19;d54412e2-2795-11f1-ba40-a7cc5c6d0f13;1;1993994896;
TP_15322862603_TPS_18695952603;TP_15322862603;244492;5717dd05aa08fcad6e7e21702625b33cc94868d96bfbf5f8d8f33fd2f1fdf3b4;2,03E+28;1;1;TPS_18695952603;T06.02.01;T06;2.0;RMG;2026-03-24 16:38:00;2026-03-24 17:04:00;2026-03-24 17:16:00;2026-03-24 17:41:00;1505.0;751.0;;1491.0;3747.0;24.03.2026 18:35;T06;93c0fed2-2797-11f1-aaba-2b1d6cf8741c;1;;
TP_15324372603_TPS_18690112603;TP_15324372603;990171;81b19e18d6f1bc3e0d544e058d449402a376fe4d38c4558c3c0ada63c3bd90e3;2,03E+28;1;1;TPS_18690112603;T22.01.01;T22;1.0;RMG;2026-03-24 15:00:00;2026-03-24 15:07:00;2026-03-24 15:19:00;2026-03-24 15:27:00;462.0;705.0;;461.0;1628.0;24.03.2026 16:35;T22;c3392490-2789-11f1-a5a8-e7573868d441;1;;
TP_15324402603_TPS_18691932603;TP_15324402603;326851;a4505303b7ed8f0e947980dbd107411359e371cbead31621a45364e797c2b5f0;2,03E+28;1;1;TPS_18691932603;T25.03.01;T25;3.0;RMG;2026-03-24 15:05:00;2026-03-24 15:36:00;2026-03-24 15:45:00;2026-03-24 15:53:00;1857.0;529.0;;473.0;2859.0;24.03.2026 17:06;T25;960000d8-278a-11f1-b537-b3f8a932e7b4;1;;
TP_15325462603_TPS_18690092603;TP_15325462603;432567;f86281408e75317892a615408699bcce69a9b448ad6ff6e5e53a1e2f2a278a85;2,03E+28;0;1;TPS_18690092603;HO2.21;HO2;21.0;VC;2026-03-24 14:58:00;2026-03-24 16:15:00;2026-03-24 16:21:00;2026-03-24 16:30:00;;352.0;;538.0;5497.0;24.03.2026 17:35;HO2, T12;8e644844-2789-11f1-a56c-5fc4650a88f1;1;1993754855;
TP_15326002603_TPS_18690232603;TP_15326002603;647619;d116d1a5ce1a827a22e7371cad96bde8ad2a6087776ec73015cac870f9eb0763;2,03E+28;1;1;TPS_18690232603;T25.02.01;T25;2.0;RMG;2026-03-24 16:11:00;2026-03-24 16:52:00;2026-03-24 17:01:00;2026-03-24 17:06:00;2458.0;494.0;;299.0;3251.0;24.03.2026 18:05;T25;ce8a61c4-2793-11f1-b6f2-e7d6089609b2;1;;
TP_15326382603_TPS_18684312603;TP_15326382603;497557;5944c829f0ad39e7c6f79bfc87769f4e3202f372e7d3ea0a66f23a8e92c0b62e;2,03E+28;0;1;TPS_18684312603;HO2.21;HO2;21.0;VC;2026-03-24 17:33:00;2026-03-24 18:01:00;2026-03-24 18:10:00;2026-03-24 18:17:00;;587.0;;374.0;2612.0;24.03.2026 19:09;HO2, T09;08a6c078-27a3-11f1-bd15-a39b8130d0a4;1;1994151669;
TP_15326722603_TPS_18694262603;TP_15326722603;869379;c12bd15dcd517c0debde6f5e08581e543b25da02526589ab84f13fb9fb51deaa;2,03E+28;1;1;TPS_18694262603;T14.03.01;T14;3.0;RMG;2026-03-24 18:16:00;2026-03-24 18:22:00;2026-03-24 18:36:00;2026-03-24 18:43:00;360.0;814.0;;428.0;1602.0;24.03.2026 19:09;T14;44a88046-27a5-11f1-af9d-eb4a5920adaa;1;;
TP_15327362603_TPS_18696282603;TP_15327362603;228276;31a4d0d03db9dae65e575c3002f2b742589617e38e02f8cb99b61a09aad5e346;2,03E+28;1;1;TPS_18696282603;T25.03.01;T25;3.0;RMG;2026-03-24 16:46:00;2026-03-24 17:32:00;2026-03-24 17:38:00;2026-03-24 17:44:00;2707.0;406.0;;341.0;3454.0;24.03.2026 18:35;T25;b20e7cf6-2798-11f1-ac72-b74b3ad9b89f;1;;
TP_15327552603_20260324173704000000023634794;TP_15327552603;390832;5202d757a233d9214d0d174f490f7f6f67f697035555aa9abe554ae85df42ed1;2,03E+28;1;0;2,03E+28;LL;LL;;Leerlager;2026-03-24 17:14:00;2026-03-24 17:23:00;2026-03-24 17:37:00;2026-03-24 18:21:00;508.0;838.0;975.0;;;24.03.2026 19:09;LL, T12;c01ef98e-279d-11f1-abd3-2709b7d875a2;1;1994101868;
TP_15327852603_TPS_18694142603;TP_15327852603;641720;d4cd09f1b646755b7843cde41f30b8532b43adb396b05ed275f4ca8eaf6d5bf0;2,03E+28;1;1;TPS_18694142603;T07.02.01;T07;2.0;RMG;2026-03-24 18:08:00;2026-03-24 18:12:00;2026-03-24 18:18:00;2026-03-24 18:23:00;214.0;356.0;;312.0;882.0;24.03.2026 19:09;T07;26716a9e-27a4-11f1-aeb1-4fb7208cdd89;1;;
TP_15328322603_TPS_18692742603;TP_15328322603;996162;1c5de1c070825b4eb48620e67e2f4c8b4494fbf52144c25233e1d624de32b6be;2,03E+28;0;1;TPS_18692742603;HO2.32;HO2;32.0;VC;2026-03-24 17:29:00;2026-03-24 17:59:00;2026-03-24 18:07:00;2026-03-24 18:14:00;;456.0;;442.0;2703.0;24.03.2026 19:09;HO2, T16;aa5519b0-279e-11f1-a23d-4b27739ef3f7;1;1994144947;
TP_15328392603_TPS_18694092603;TP_15328392603;910613;06fa664b117fec8f5167a16397f2678b6ad0d4cca3f6031d9eb67e664113c231;2,03E+28;0;1;TPS_18694092603;HO2.29;HO2;29.0;VC;2026-03-24 17:47:00;2026-03-24 18:26:00;2026-03-24 18:31:00;2026-03-24 18:42:00;;303.0;;654.0;3307.0;24.03.2026 19:09;HO2, T19;1b0aa7d6-27a1-11f1-ab11-bb9210fa2fab;1;1994166542;
TP_15328582603_TPS_18698522603;TP_15328582603;299212;0d1448fd49fafdd914b913582dc19a4f5f0eee608634a9601e449161ba3ff61f;2,03E+28;0;0;TPS_18698522603;HO2.29;HO2;29.0;VC;2026-03-24 19:53:00;2026-03-24 20:42:00;2026-03-24 20:49:00;2026-03-24 21:01:00;;400.0;255.0;;;24.03.2026 22:05;HO2, T13, T22;c598d234-27b2-11f1-bc2f-3fb10e73bda8;1;1994395443;
TP_15328932603_TPS_18684332603;TP_15328932603;494731;3b95722adf638471106658c6a819d7b8cef2cb16de68ca9e771ccbacac23ac7f;2,03E+28;0;1;TPS_18684332603;HO2.25;HO2;25.0;VC;2026-03-24 23:47:00;2026-03-25 00:20:00;2026-03-25 00:30:00;2026-03-25 00:44:00;;576.0;;850.0;3413.0;25.03.2026 01:07;HO2, T13;b9bef7a2-27d7-11f1-bf48-4ff844f17121;1;1994678905;
TP_15329932603_TPS_18699882603;TP_15329932603;627990;68fb03aefcd0001642d23381ebc515c802f749a4ce8c3a4b506c405158fe6bd2;2,03E+28;1;1;TPS_18699882603;HO2.28;HO2;28.0;VC;2026-03-24 22:09:00;2026-03-24 22:17:00;2026-03-24 23:21:00;2026-03-24 23:26:00;456.0;3825.0;;331.0;4612.0;25.03.2026 00:35;HO2;d1851d10-27c5-11f1-b840-ef9150b77d05,d18e637a-27c5-11f1-b841-f332be2057c7;2;;
TP_15330412603_TPS_18700552603;TP_15330412603;793741;1ac85867bec31b7bd32d0441fa64ca71a933f8cdc33ca5b3d6d02466a7ad738f;2,03E+28;1;1;TPS_18700552603;T09.01.01;T09;1.0;RMG;2026-03-25 04:47:00;2026-03-25 04:54:00;2026-03-25 04:58:00;2026-03-25 05:02:00;417.0;218.0;;228.0;863.0;25.03.2026 06:05;T09;6b3ee15c-27fd-11f1-bc58-3f276ddf8c2e;1;;
TP_15330432603_TPS_18704912603;TP_15330432603;337326;05890573f418ed7d5c698d49c2acec2068fce062aa456e1e5ce70c1ff5f4571b;2,03E+28;0;1;TPS_18704912603;HO2.26;HO2;26.0;VC;2026-03-25 05:34:00;2026-03-25 05:58:00;2026-03-25 06:01:00;2026-03-25 06:10:00;;195.0;;509.0;2179.0;25.03.2026 07:06;HO2, T19;db6b1c24-2803-11f1-b07d-3f8e576cd6cb;1;1995172269;
TP_15330812603_TPS_18697112603;TP_15330812603;246015;e77325673ca1919f29f9009d12ec33b446e40b1e09544e423733132ee5cd4f2e;2,03E+28;1;1;TPS_18697112603;T16.03.01;T16;3.0;RMG;2026-03-24 19:14:00;2026-03-24 19:33:00;2026-03-24 19:35:00;2026-03-24 19:38:00;1117.0;128.0;;184.0;1429.0;24.03.2026 20:35;T16;5ec6b0c6-27ad-11f1-b612-bf4d9f622099;1;;
TP_15331022603_TPS_18700822603;TP_15331022603;736096;8ebc1326bf7cf77c1054fca72079fa092ef560b9824f751e5525412265a3018f;2,03E+28;1;1;TPS_18700822603;HO2.27;HO2;27.0;VC;2026-03-24 20:41:00;2026-03-24 20:54:00;2026-03-24 20:59:00;2026-03-24 21:06:00;759.0;262.0;;458.0;1479.0;24.03.2026 22:05;HO2;867a1836-27b9-11f1-99a0-abe1370ef687;1;;
TP_15332782603_TPS_18701682603;TP_15332782603;352111;dab4d32ba7b69114b5b7c0203540bb628bb9287177fe3869103932750b967976;2,03E+28;1;1;TPS_18701682603;T13.04.01;T13;4.0;RMG;2026-03-25 03:41:00;2026-03-25 03:46:00;2026-03-25 04:47:00;2026-03-25 04:55:00;282.0;3637.0;;473.0;4392.0;25.03.2026 05:35;T13;32456e60-27f4-11f1-9b26-4f6132bf3a9e;1;;
TP_15333422603_TPS_18707212603;TP_15333422603;622803;cfadfa282f4dbdee7d715e81dada76a35ece7155dbe14f6e99f743248030e4cf;2,03E+28;0;1;TPS_18707212603;HO2.28;HO2;28.0;VC;2026-03-25 06:31:00;2026-03-25 06:47:00;2026-03-25 06:49:00;2026-03-25 06:57:00;;141.0;;467.0;1538.0;25.03.2026 08:05;HO2, T23;1769f9ac-280e-11f1-8aa8-4fdc3c414f32;1;;
TP_15333422603_TPS_18703012603;TP_15333422603;622803;cfadfa282f4dbdee7d715e81dada76a35ece7155dbe14f6e99f743248030e4cf;2,03E+28;1;0;TPS_18703012603;T23.04.01;T23;4.0;RMG;2026-03-25 06:31:00;2026-03-25 06:36:00;2026-03-25 06:43:00;2026-03-25 06:57:00;268.0;405.0;257.0;;;25.03.2026 08:05;HO2, T23;f21df218-280b-11f1-b2e5-6b55f5593272;1;;
TP_15334252603_TPS_18709152603;TP_15334252603;751790;947ecb0faf3a8076cb90851929bbbb507396c8ad78e1f99011af0ced27bc690e;2,03E+28;1;1;TPS_18709152603;HO2.35;HO2;35.0;VC;2026-03-25 07:53:00;2026-03-25 08:17:00;2026-03-25 08:44:00;2026-03-25 08:49:00;1382.0;1658.0;;270.0;3310.0;25.03.2026 09:35;HO2;66ef1bc0-2817-11f1-bf21-ebfe61d8e40f;1;;
TP_15335702603_TPS_18701822603;TP_15335702603;259355;9761fb84513dc9e055f97387b1228810e56d2399676bfe2c804b97240ce5047b;2,03E+28;0;1;TPS_18701822603;T24.03.01;T24;3.0;RMG;2026-03-25 04:09:00;2026-03-25 04:41:00;2026-03-25 04:50:00;2026-03-25 05:16:00;;533.0;;1546.0;3980.0;25.03.2026 06:05;LL, T24;1bfeb3c4-27f8-11f1-9c65-93387154ca16;1;;
TP_15335702603_20260325043530000000023655093;TP_15335702603;259355;9761fb84513dc9e055f97387b1228810e56d2399676bfe2c804b97240ce5047b;2,03E+28;1;0;2,03E+28;LL;LL;;Leerlager;2026-03-25 04:09:00;2026-03-25 04:13:00;2026-03-25 04:35:00;2026-03-25 05:16:00;223.0;1308.0;370.0;;;25.03.2026 06:05;LL, T24;6fa88c1f-27fa-11f1-abd3-2709b7d875a2;1;;
TP_15336832603_TPS_18706532603;TP_15336832603;718581;5b95330b828488caaa1124035710b04ef0cbcab7f13306140a8915aa62db25c6;2,03E+28;0;1;TPS_18706532603;HO2.27;HO2;27.0;VC;2026-03-25 07:34:00;2026-03-25 08:31:00;2026-03-25 08:44:00;2026-03-25 08:50:00;;770.0;;387.0;4543.0;25.03.2026 09:35;HO2, T23;b611f87e-2814-11f1-b0ae-c7e6899b3845;1;1995362745;
TP_15337872603_TPS_18713662603;TP_15337872603;490215;3cb227438f07d177693692bf6b0c2c2fce33b8b2fdfaba9282fe7e86747c981d;2,03E+28;1;1;TPS_18713662603;HO2.35;HO2;35.0;VC;2026-03-25 09:59:00;2026-03-25 10:09:00;2026-03-25 10:34:00;2026-03-25 10:38:00;560.0;1489.0;;285.0;2334.0;25.03.2026 11:35;HO2;01418242-2829-11f1-9626-2339bf0a4a88;1;;
TP_15338542603_TPS_18705482603;TP_15338542603;867118;1384e15e64b904701041e071e3a01bdf95a580695b6a40c0e1412fa242727dfd;2,03E+28;0;1;TPS_18705482603;T09.01.01;T09;1.0;RMG;2026-03-25 06:47:00;2026-03-25 07:28:00;2026-03-25 07:34:00;2026-03-25 07:42:00;;313.0;;500.0;3268.0;25.03.2026 08:35;HO2, T09;2e5eefdc-280e-11f1-bac0-07c85ce5ef99;1;;
TP_15338542603_TPS_18705472603;TP_15338542603;867118;1384e15e64b904701041e071e3a01bdf95a580695b6a40c0e1412fa242727dfd;2,03E+28;1;0;TPS_18705472603;HO2.34;HO2;34.0;VC;2026-03-25 06:47:00;2026-03-25 06:58:00;2026-03-25 07:10:00;2026-03-25 07:42:00;628.0;712.0;1115.0;;;25.03.2026 08:35;HO2, T09;2e52c45a-280e-11f1-babf-77af6bb57031;1;;
TP_15338612603_TPS_18705562603;TP_15338612603;944609;d8b8e9a6058cfed4c1cd3de9b654bda209ebcbbc7b7774dad218f4d69b4a94c6;2,03E+28;1;1;TPS_18705562603;T17.02.01;T17;2.0;RMG;2026-03-25 06:49:00;2026-03-25 07:03:00;2026-03-25 07:09:00;2026-03-25 07:15:00;786.0;403.0;;317.0;1506.0;25.03.2026 08:05;T17;761d638a-280e-11f1-bafa-23a6c1cc4ce0;1;;
TP_15339072603_TPS_18709582603;TP_15339072603;988310;3e475a632f4fed2568feb52c7f086fe4a37187b5286cc5f2d349235f5bc9f1b4;2,03E+28;0;1;TPS_18709582603;T24.01.01;T24;1.0;RMG;2026-03-25 08:18:00;2026-03-25 08:30:00;2026-03-25 08:34:00;2026-03-25 08:46:00;;287.0;;705.0;1654.0;25.03.2026 09:35;T24, T25;e5348a1c-281a-11f1-8568-2f1c85ed5394;1;;
TP_15339072603_TPS_18709572603;TP_15339072603;988310;3e475a632f4fed2568feb52c7f086fe4a37187b5286cc5f2d349235f5bc9f1b4;2,03E+28;1;0;TPS_18709572603;T25.03.01;T25;3.0;RMG;2026-03-25 08:18:00;2026-03-25 08:26:00;2026-03-25 08:28:00;2026-03-25 08:46:00;436.0;121.0;105.0;;;25.03.2026 09:35;T24, T25;e525fe16-281a-11f1-8567-2fddcd287b0e;1;;
TP_15339462603_TPS_18713952603;TP_15339462603;362603;406311a32abb6c07e6550a51b58a61a3cd308a2023dd225687932408d1530d7d;2,03E+28;1;1;TPS_18713952603;T09.01.01;T09;1.0;RMG;2026-03-25 10:08:00;2026-03-25 10:19:00;2026-03-25 10:21:00;2026-03-25 10:25:00;601.0;145.0;;249.0;995.0;25.03.2026 11:06;T09;42dc6e1e-282a-11f1-98bb-aff17440ed67;1;;
TP_15339512603_TPS_18715102603;TP_15339512603;238190;2d4793137b1ad4043fa9902bebcdbfe423162de3d78083099debff94d1400411;2,03E+28;1;1;TPS_18715102603;T17.02.01;T17;2.0;RMG;2026-03-25 10:29:00;2026-03-25 10:34:00;2026-03-25 10:41:00;2026-03-25 10:45:00;255.0;432.0;;263.0;950.0;25.03.2026 11:35;T17;319ea664-282d-11f1-91c5-43a322e95f6b;1;;
TP_15340492603_TPS_18712922603;TP_15340492603;827792;bfeb504d90cd23cb79254520da46ed6c8a15fabf870c414065842da35e0d7f6a;2,03E+28;1;1;TPS_18712922603;HO2.34;HO2;34.0;VC;2026-03-25 09:34:00;2026-03-25 09:40:00;2026-03-25 10:02:00;2026-03-25 10:15:00;351.0;1328.0;;743.0;2422.0;25.03.2026 11:06;HO2;8326ca14-2825-11f1-862d-3f852688b067;1;;
TP_15340892603_TPS_18711362603;TP_15340892603;443998;3775422bd9dfe59a267ac6ea846a4ab8ed0b98f059894ab9caa3a3b78cb3eb65;2,03E+28;0;1;TPS_18711362603;T13.02.01;T13;2.0;RMG;2026-03-25 08:35:00;2026-03-25 09:09:00;2026-03-25 10:33:00;2026-03-25 10:40:00;;5056.0;;401.0;7467.0;25.03.2026 11:35;LL, T13;45199150-281d-11f1-88a0-0367ba2cb5c7;1;;
TP_15340892603_20260325084647000000023662086;TP_15340892603;443998;3775422bd9dfe59a267ac6ea846a4ab8ed0b98f059894ab9caa3a3b78cb3eb65;2,03E+28;1;0;2,03E+28;LL;LL;;Leerlager;2026-03-25 08:35:00;2026-03-25 08:42:00;2026-03-25 08:46:00;2026-03-25 10:40:00;373.0;275.0;1362.0;;;25.03.2026 11:35;LL, T13;2e769896-281e-11f1-abd3-2709b7d875a2;1;;
TP_15342582603_TPS_18704062603;TP_15342582603;443521;63d0d2bda81982beb156507b4e97d044ee79b01107bf8925cb9a070d6f82ff07;2,03E+28;0;0;TPS_18704062603;HO2.35;HO2;35.0;VC;2026-03-25 11:48:00;2026-03-25 12:51:00;2026-03-25 12:54:00;2026-03-25 13:17:00;;181.0;512.0;;;25.03.2026 14:05;HO2, LL, T07, T09;3467c988-2838-11f1-9109-ebd4c994bc91;1;1996371731;
TP_15342832603_TPS_18684352603;TP_15342832603;503333;a29c3a71fbfb29cfbe55fb5d60e74b02d9dfc088c95ae3e878b4673caaeb1c2f;2,03E+28;0;1;TPS_18684352603;HO2.31;HO2;31.0;VC;2026-03-25 12:40:00;2026-03-25 13:01:00;2026-03-25 13:04:00;2026-03-25 13:13:00;;201.0;;537.0;1978.0;25.03.2026 14:05;HO2, T27;55e99474-2842-11f1-a5ab-8f1517d39d86;1;1996568736;
TP_15344672603_TPS_18711032603;TP_15344672603;257249;c6b2d12cc6701830c5374c9da878607eb10f488784b2de60f13a6eb6d6afb7ea;2,03E+28;0;1;TPS_18711032603;T15.03.01;T15;3.0;RMG;2026-03-25 11:23:00;2026-03-25 11:55:00;2026-03-25 12:00:00;2026-03-25 12:30:00;;289.0;;1801.0;4005.0;25.03.2026 13:35;LL, T15;a91ca770-2834-11f1-a723-8bf84aaecd45;1;;
TP_15344672603_20260325113855000000023662446;TP_15344672603;257249;c6b2d12cc6701830c5374c9da878607eb10f488784b2de60f13a6eb6d6afb7ea;2,03E+28;1;0;2,03E+28;LL;LL;;Leerlager;2026-03-25 11:23:00;2026-03-25 11:27:00;2026-03-25 11:38:00;2026-03-25 12:30:00;220.0;709.0;986.0;;;25.03.2026 13:35;LL, T15;667d2b95-2836-11f1-abd3-2709b7d875a2;1;;
TP_15345002603_TPS_18704602603;TP_15345002603;524345;c87b3aebf1a0810dfa6a00952e20d5096d943ff04f8301596b8b31eab7186e5a;2,03E+28;0;1;TPS_18704602603;T21.04.01;T21;4.0;RMG;2026-03-25 12:06:00;2026-03-25 12:40:00;2026-03-25 12:45:00;2026-03-25 12:51:00;;295.0;;375.0;2687.0;25.03.2026 13:35;LL, T21;bf07b24a-283a-11f1-92f8-8bfa4b5e857f;1;;
TP_15345002603_20260325123111000000023669116;TP_15345002603;524345;c87b3aebf1a0810dfa6a00952e20d5096d943ff04f8301596b8b31eab7186e5a;2,03E+28;1;0;2,03E+28;LL;LL;;Leerlager;2026-03-25 12:06:00;2026-03-25 12:27:00;2026-03-25 12:31:00;2026-03-25 12:51:00;1201.0;251.0;565.0;;;25.03.2026 13:35;LL, T21;d4972f9b-283d-11f1-abd3-2709b7d875a2;1;;
TP_15345362603_TPS_18722692603;TP_15345362603;245066;cf460cce3b7a70178b2b00fa4c96566cc76cd58dba7b9c5b9105d114177eeb84;2,03E+28;1;1;TPS_18722692603;T24.03.01;T24;3.0;RMG;2026-03-25 14:34:00;2026-03-25 14:41:00;2026-03-25 14:53:00;2026-03-25 15:11:00;399.0;733.0;;1075.0;2207.0;25.03.2026 16:05;T24;6bc883d8-284f-11f1-9b0d-63caba30f90e,6bd632d0-284f-11f1-9b0e-3f758d93c4d2;2;;
TP_15345812603_TPS_18713502603;TP_15345812603;376381;1d78f41fba777df2bedf78e6efafa365c3273728ef8929f17a245a9788437d6d;2,03E+28;1;1;TPS_18713502603;T22.01.01;T22;1.0;RMG;2026-03-25 15:15:00;2026-03-25 15:39:00;2026-03-25 16:09:00;2026-03-25 16:18:00;1401.0;1806.0;;554.0;3761.0;25.03.2026 17:06;T22;25d1307c-2855-11f1-a93b-979c32333a80,25e0c726-2855-11f1-a93c-67fa077d21b0;2;;
TP_15346232603_TPS_18707252603;TP_15346232603;518408;40e135f193162fea0b918d37a0e1ba8214a43fc83e529ab9c16690a1f5c08aee;2,03E+28;0;1;TPS_18707252603;HO2.25;HO2;25.0;VC;2026-03-25 11:00:00;2026-03-25 11:13:00;2026-03-25 11:16:00;2026-03-25 12:05:00;;169.0;;2980.0;3884.0;25.03.2026 13:06;HO2, T08;3074fbca-2833-11f1-8ca7-830015f071c6;1;1996083668;
TP_15347702603_TPS_18718732603;TP_15347702603;799927;3e9f3587e2ce391438fd7dcd3ecf15d1d96764ddd0fa3e2a3a158762d45b0a80;2,03E+28;0;1;TPS_18718732603;HO2.25;HO2;25.0;VC;2026-03-25 12:08:00;2026-03-25 12:48:00;2026-03-25 12:52:00;2026-03-25 13:00:00;;240.0;;480.0;3125.0;25.03.2026 14:05;HO2, T26;ed8786ea-283a-11f1-9312-c38e649443be;1;1996419674;
TP_15348512603_TPS_18717352603;TP_15348512603;235774;17ede0719eec8082a3e691c0f5a30a20c46a7ba21904c3cdad25c7371c7660b2;2,03E+28;1;1;TPS_18717352603;HO2.28;HO2;28.0;VC;2026-03-25 13:17:00;2026-03-25 13:24:00;2026-03-25 13:26:00;2026-03-25 13:43:00;372.0;126.0;;1031.0;1529.0;25.03.2026 14:35;HO2;aa458ee0-2844-11f1-bd49-d3c8021ebb7f;1;;
TP_15350322603_TPS_18721722603;TP_15350322603;949975;b45acd92885268c95e2f693024daeba429ae84705bb038b3abd19c5b8c07ac26;2,03E+28;1;1;TPS_18721722603;T17.01.01;T17;1.0;RMG;2026-03-25 14:08:00;2026-03-25 14:16:00;2026-03-25 14:20:00;2026-03-25 14:55:00;433.0;244.0;;2095.0;2772.0;25.03.2026 15:35;T17;c9b6e114-284b-11f1-bb22-9f3889f8f992;1;;
TP_15352072603_TPS_18728372603;TP_15352072603;593140;323d7691e51b66a092e34407191a31e63386c9cd3cbad34bc63e4477205c8090;2,03E+28;1;1;TPS_18728372603;T22.03.01;T22;3.0;RMG;2026-03-25 16:58:00;2026-03-25 17:03:00;2026-03-25 17:06:00;2026-03-25 18:05:00;300.0;179.0;;3503.0;3982.0;25.03.2026 19:08;T22;89a7500a-2863-11f1-b665-778b4d15ca52;1;;
TP_15352212603_20260325183144000000023676076;TP_15352212603;562291;39de14c585fb03a4a8c73492f5e30920ebae2c302fd0bc9df7e7be92001bd6a2;2,03E+28;0;1;2,03E+28;LL;LL;;Leerlager;2026-03-25 17:39:00;2026-03-25 18:22:00;2026-03-25 18:31:00;2026-03-25 18:39:00;;534.0;;437.0;3542.0;25.03.2026 19:08;HO2, LL;42d6092d-286f-11f1-abd3-2709b7d875a2;1;;
TP_15352212603_TPS_18729812603;TP_15352212603;562291;39de14c585fb03a4a8c73492f5e30920ebae2c302fd0bc9df7e7be92001bd6a2;2,03E+28;1;0;TPS_18729812603;HO2.32;HO2;32.0;VC;2026-03-25 17:39:00;2026-03-25 17:55:00;2026-03-25 17:57:00;2026-03-25 18:39:00;925.0;138.0;1508.0;;;25.03.2026 19:08;HO2, LL;43b319d4-2869-11f1-9d2e-5b1dafaf1d35;1;;
TP_15352412603_TPS_18725222603;TP_15352412603;832926;7534e1ce88a37042fdf364f4935ccc2b793b4f6a5388c828fe3f4c11f0b6ff36;2,03E+28;1;1;TPS_18725222603;T23.03.01;T23;3.0;RMG;2026-03-25 15:34:00;2026-03-25 15:43:00;2026-03-25 15:52:00;2026-03-25 16:04:00;523.0;553.0;;713.0;1789.0;25.03.2026 17:06;T23;cdb5efce-2857-11f1-ac39-ff78b165f1e3,cdc4ff28-2857-11f1-ac3a-f3c7b7816eac;2;;
TP_15352972603_TPS_18707332603;TP_15352972603;758611;f7253ce63b1d08db142eb74cf8b07f9d5575943b020531bff3bbb5ab8d317d7c;2,03E+28;0;1;TPS_18707332603;HO2.24;HO2;24.0;VC;2026-03-25 16:46:00;2026-03-25 17:40:00;2026-03-25 17:47:00;2026-03-25 17:56:00;;400.0;;531.0;4207.0;25.03.2026 18:35;HO2, T18;540c1b14-2869-11f1-8ede-4708c00ae3c2;1;1997492763;
TP_15353442603_TPS_18726372603;TP_15353442603;443641;69efad7c21b8dddc0dfbb5b718fc67ac228536e6dcdba7a2e26c4e60707cdb25;2,03E+28;1;1;TPS_18726372603;T18.03.01;T18;3.0;RMG;2026-03-25 17:13:00;2026-03-25 17:28:00;2026-03-25 17:53:00;2026-03-25 18:01:00;850.0;1509.0;;495.0;2854.0;25.03.2026 19:08;T18;a1d351fe-2865-11f1-bad4-7f9cd3eb3615;1;;
TP_15353872603_TPS_18707322603;TP_15353872603;596062;69a4c92c8a6e30f3de5fd0c48cd8391eceb4a5f39b6f6eb2e290e95077d00a8d;2,03E+28;0;1;TPS_18707322603;HO2.25;HO2;25.0;VC;2026-03-25 16:27:00;2026-03-25 17:19:00;2026-03-25 17:25:00;2026-03-25 17:33:00;;362.0;;481.0;3964.0;25.03.2026 18:35;HO2, T06, T19;5a7448a8-2866-11f1-8ebb-bbb308820155;1;1997459343;
TP_15354092603_TPS_18707302603;TP_15354092603;261381;994bedfff96afa56b09436db6af54849933ba9876967f6368ce55d85d5e07dda;2,03E+28;1;1;TPS_18707302603;T17.03.01;T17;3.0;RMG;2026-03-25 17:01:00;2026-03-25 17:21:00;2026-03-25 17:30:00;2026-03-25 17:47:00;1196.0;528.0;;1036.0;2760.0;25.03.2026 18:35;T17;5cd0c04c-2864-11f1-8ea1-9b8c0f28b866;1;1997824893;
TP_15354242603_TPS_18729092603;TP_15354242603;608291;3f51c95135ea18c91d0b1f7b152c43e18b16188386390baa4147fab1aba552d4;2,03E+28;1;1;TPS_18729092603;HO2.25;HO2;25.0;VC;2026-03-25 17:20:00;2026-03-25 17:33:00;2026-03-25 17:48:00;2026-03-25 17:55:00;775.0;884.0;;403.0;2062.0;25.03.2026 18:35;HO2;9c8e4da6-2866-11f1-bbf0-1350cc31d925;1;;
TP_15354682603_TPS_18727152603;TP_15354682603;651350;87b21ab05f6c73f1e2d5210f1b6c517acf6ab7cfb3589f3499f31fce92a1f22d;2,03E+28;1;1;TPS_18727152603;T15.02.01;T15;2.0;RMG;2026-03-25 18:58:00;2026-03-25 19:04:00;2026-03-25 19:08:00;2026-03-25 19:17:00;323.0;228.0;;545.0;1096.0;25.03.2026 20:05;T15;4cd3b270-2874-11f1-9e21-530e29ead6ed;1;;
TP_15354692603_TPS_18727182603;TP_15354692603;550903;28c2bbf851b51eb70ca0ccc8fea7bda1c7a9d79543cf7b94f6b9a968c89ad553;2,03E+28;0;0;TPS_18727182603;HO2.22;HO2;22.0;VC;2026-03-25 18:59:00;2026-03-25 19:32:00;2026-03-25 19:54:00;2026-03-25 20:13:00;;1324.0;537.0;;;25.03.2026 21:08;HO2, T16, T18;5ede2414-2874-11f1-9e38-9393d3ea3134;1;1998320714;
TP_15354812603_TPS_18721052603;TP_15354812603;742092;40cbee4ce599dd68a37060edc291feb6e96d1df248ee72298181d4bc3f6e8737;2,03E+28;0;0;TPS_18721052603;HO2.32;HO2;32.0;VC;2026-03-25 19:46:00;2026-03-25 20:02:00;2026-03-25 20:05:00;2026-03-25 20:33:00;;218.0;306.0;;;25.03.2026 21:08;HO2, T13, T22;eec5cbe4-287a-11f1-bcd0-439663f4c274;1;1998392525;
TP_15355382603_TPS_18730872603;TP_15355382603;844657;2d8f0378541b0df3c504228facfa89b00d2ff56000abe5e4544040e13461e166;2,03E+28;0;1;TPS_18730872603;HO2.26;HO2;26.0;VC;2026-03-25 18:22:00;2026-03-25 19:33:00;2026-03-25 19:51:00;2026-03-25 20:02:00;;1082.0;;681.0;6004.0;25.03.2026 21:08;HO2, T13, T22;36b12a36-286f-11f1-a2c9-db2d55451e1b;1;1998269718;
TP_15355782603_TPS_18727322603;TP_15355782603;642971;beeae7066aad2859e30bc90949469ead3b3c6d9d9df6d892f72d7e21c225569a;2,03E+28;0;1;TPS_18727322603;T24.04.01;T24;4.0;RMG;2026-03-25 20:00:00;2026-03-25 20:14:00;2026-03-25 20:40:00;2026-03-25 20:51:00;;1563.0;;684.0;3053.0;25.03.2026 22:05;T15, T24;f703e7da-287c-11f1-a5f7-33bde95be244;1;;
TP_15355782603_TPS_18727312603;TP_15355782603;642971;beeae7066aad2859e30bc90949469ead3b3c6d9d9df6d892f72d7e21c225569a;2,03E+28;1;0;TPS_18727312603;T15.03.01;T15;3.0;RMG;2026-03-25 20:00:00;2026-03-25 20:06:00;2026-03-25 20:09:00;2026-03-25 20:51:00;339.0;153.0;314.0;;;25.03.2026 22:05;T15, T24;f6f60976-287c-11f1-a5f6-0f645b83a294;1;;
TP_15356862603_TPS_18726902603;TP_15356862603;864801;c78d16d01995a3f3dd496e29c176a69ba93b8c07a3e83cef0bd0a4d504beb2ae;2,03E+28;1;1;TPS_18726902603;T19.03.01;T19;3.0;RMG;2026-03-25 18:47:00;2026-03-25 18:56:00;2026-03-25 19:03:00;2026-03-25 19:07:00;525.0;404.0;;223.0;1152.0;25.03.2026 20:05;T19;c3a843b8-2872-11f1-9bc4-bfd3c9d46872;1;;
TP_15356922603_TPS_18684392603;TP_15356922603;932948;e416544129f1dd9002a28fdf967df60eaaba2ed7857f623325d293aff29948d1;2,03E+28;0;1;TPS_18684392603;HO2.33;HO2;33.0;VC;2026-03-25 18:49:00;2026-03-25 19:50:00;2026-03-25 19:53:00;2026-03-25 20:05:00;;170.0;;704.0;4554.0;25.03.2026 21:08;HO2, LL, T09;840e6a6c-287b-11f1-a714-377200d22b29;1;1998308125;
TP_15357012603_TPS_18707342603;TP_15357012603;448333;4deb4e66bca0c6e92de29ad744e34a893ec2a9b6cfa434539f6a86b8a34296eb;2,03E+28;0;1;TPS_18707342603;HO2.24;HO2;24.0;VC;2026-03-25 19:02:00;2026-03-25 19:42:00;2026-03-25 19:52:00;2026-03-25 19:57:00;;637.0;;301.0;3286.0;25.03.2026 20:35;HO2, T17;37ff1f5e-2876-11f1-8f8e-5b7f9e41ba50;1;1998321047;
TP_15357382603_TPS_18727652603;TP_15357382603;982544;9fa7373fe522ca15bc70c8f18c069fa690c3a6a98e66b6d00ac636f2b7dcb9d7;2,03E+28;0;1;TPS_18727652603;T14.01.01;T14;1.0;RMG;2026-03-25 20:31:00;2026-03-25 20:49:00;2026-03-25 20:54:00;2026-03-25 21:42:00;;318.0;;2877.0;4227.0;25.03.2026 22:35;LL, T14;4b450af0-2881-11f1-abdb-f3bbfb0f361f;1;;
TP_15357382603_20260325204204000000023682731;TP_15357382603;982544;9fa7373fe522ca15bc70c8f18c069fa690c3a6a98e66b6d00ac636f2b7dcb9d7;2,03E+28;1;0;2,03E+28;LL;LL;;Leerlager;2026-03-25 20:31:00;2026-03-25 20:36:00;2026-03-25 20:42:00;2026-03-25 21:42:00;291.0;314.0;427.0;;;25.03.2026 22:35;LL, T14;02136187-2882-11f1-abd3-2709b7d875a2;1;;
TP_15357692603_TPS_18731802603;TP_15357692603;371583;c80bbaaa1ec6dac3752a18552051218d0c915ca2afd5b3220557253e97cce2a3;2,03E+28;0;1;TPS_18731802603;T14.01.01;T14;1.0;RMG;2026-03-25 19:31:00;2026-03-25 19:55:00;2026-03-25 20:07:00;2026-03-25 20:11:00;;720.0;;241.0;2390.0;25.03.2026 21:08;LL, T14;e92f9af4-2878-11f1-98f2-b31759e6d085;1;;
TP_15357692603_20260325194822000000023676166;TP_15357692603;371583;c80bbaaa1ec6dac3752a18552051218d0c915ca2afd5b3220557253e97cce2a3;2,03E+28;1;0;2,03E+28;LL;LL;;Leerlager;2026-03-25 19:31:00;2026-03-25 19:35:00;2026-03-25 19:48:00;2026-03-25 20:11:00;196.0;786.0;447.0;;;25.03.2026 21:08;LL, T14;8478dae6-287a-11f1-abd3-2709b7d875a2;1;;
TP_15358712603_TPS_18740132603;TP_15358712603;700112;3a892eafe0f222e184083b0e7eca97a366f2abeb21c473a2a9e6591810a29df6;2,03E+28;1;1;TPS_18740132603;T15.02.01;T15;2.0;RMG;2026-03-26 07:54:00;2026-03-26 08:00:00;2026-03-26 08:18:00;2026-03-26 08:37:00;308.0;1112.0;;1113.0;2533.0;26.03.2026 09:35;T15;b5013400-28e0-11f1-ba0c-771ecb3cec5e;1;;
TP_15359152603_TPS_18733852603;TP_15359152603;993555;8d3d3ec4ef7fb3db32332be3ac23a0bbcda3333bcd921524f53b143bd50720cc;2,03E+28;0;1;TPS_18733852603;HO2.28;HO2;28.0;VC;2026-03-26 00:52:00;2026-03-26 01:25:00;2026-03-26 01:30:00;2026-03-26 01:42:00;;310.0;;713.0;2996.0;26.03.2026 02:35;HO2, T22;b3d3c89e-28a5-11f1-bffa-37c841987b36;1;1998762548;
TP_15360152603_TPS_18736742603;TP_15360152603;520205;6b402ea8fe7d3c70fae9564d622bb1e217f67e408835ca4f261b08cdede0b47a;2,03E+28;0;1;TPS_18736742603;HO2.28;HO2;28.0;VC;2026-03-25 22:35:00;2026-03-25 22:58:00;2026-03-25 23:18:00;2026-03-25 23:24:00;;1227.0;;328.0;2950.0;26.03.2026 00:35;HO2, T09, T14;807145e8-2892-11f1-a23a-4762551ea8c4;1;1998603070;
TP_15360212603_TPS_18736832603;TP_15360212603;965798;daf7c0ff583614736ddbc2ac26a313ea93258f84594217da70260fa440088fde;2,03E+28;0;1;TPS_18736832603;HO2.32;HO2;32.0;VC;2026-03-25 22:41:00;2026-03-25 23:07:00;2026-03-25 23:20:00;2026-03-26 00:22:00;;816.0;;3683.0;6045.0;26.03.2026 01:35;HO2, T07, T27;639f17a0-2893-11f1-a274-479c2e2c8314;1;1998631080;
TP_15360942603_TPS_18707362603;TP_15360942603;590285;5f2d414108397948494478be12afb2df2255ba4d887894fe8245a8f27f0b997b;2,03E+28;0;1;TPS_18707362603;HO2.31;HO2;31.0;VC;2026-03-26 05:50:00;2026-03-26 06:33:00;2026-03-26 06:36:00;2026-03-26 06:45:00;;191.0;;574.0;3316.0;26.03.2026 07:35;HO2, T25;40524db6-28d5-11f1-975b-ef2d44c1140e;1;1999040475;
TP_15360962603_TPS_18737222603;TP_15360962603;381006;a5d1712b7ff85a5d2ca6221cc6a76e75d6ec6fadf48afd5dc60ee5eb7e4c6afd;2,03E+28;0;0;TPS_18737222603;HO2.26;HO2;26.0;VC;2026-03-26 05:53:00;2026-03-26 06:37:00;2026-03-26 06:45:00;2026-03-26 07:02:00;;479.0;333.0;;;26.03.2026 08:05;HO2, LL, T08, T10;c02f4526-28cf-11f1-a697-673007b0df13;1;1999041563;
TP_15361052603_TPS_18737342603;TP_15361052603;418446;69aa855d9f52fb6c0da02fdfe2e7410d35022c462ddfae4b34484b00cd5f9358;2,03E+28;0;1;TPS_18737342603;HO2.25;HO2;25.0;VC;2026-03-26 05:59:00;2026-03-26 06:40:00;2026-03-26 06:47:00;2026-03-26 07:05:00;;425.0;;1031.0;3952.0;26.03.2026 08:05;HO2, T19;881de1aa-28d0-11f1-a716-03aaac3bb1ad;1;1999044573;
TP_15361192603_TPS_18707372603;TP_15361192603;907871;1e44e330c46fe13eb32622f9ab61c428f06ac923f38570f650f552bf33b67c52;2,03E+28;0;1;TPS_18707372603;HO2.32;HO2;32.0;VC;2026-03-26 06:22:00;2026-03-26 06:42:00;2026-03-26 06:44:00;2026-03-26 06:48:00;;127.0;;224.0;1572.0;26.03.2026 07:35;HO2, T20;996c8e4c-28d6-11f1-975c-cfe70671c26d;1;1999080782;
TP_15362722603_TPS_18721282603;TP_15362722603;685362;3b6a37712f92a0a49bedf3c2ff94210d1b32addd1e7cbca58c5f6899a4d3facb;2,03E+28;1;1;TPS_18721282603;T08.03.01;T08;3.0;RMG;2026-03-26 02:31:00;2026-03-26 02:38:00;2026-03-26 02:41:00;2026-03-26 02:48:00;375.0;187.0;;422.0;984.0;26.03.2026 03:35;T08;959e1be6-28b3-11f1-a7eb-f33a926f9490;1;;
TP_15362882603_TPS_18740502603;TP_15362882603;665936;3b98559178483a85e0802b09150a0f298cfaaed93493563f659421f1feb997c6;2,03E+28;0;1;TPS_18740502603;HO2.28;HO2;28.0;VC;2026-03-26 05:17:00;2026-03-26 05:33:00;2026-03-26 05:36:00;2026-03-26 05:56:00;;158.0;;1221.0;2364.0;26.03.2026 07:06;HO2, T22;a69bdac0-28ca-11f1-b711-076542fdefd1;1;1999008065;
TP_15362942603_TPS_18737072603;TP_15362942603;897287;bdea6634cbd3275285026643422d0ea59b50a3cbae333126f1efd01958ae6e70;2,03E+28;1;1;TPS_18737072603;T26.03.01;T26;3.0;RMG;2026-03-26 05:46:00;2026-03-26 05:59:00;2026-03-26 06:08:00;2026-03-26 06:21:00;774.0;488.0;;781.0;2043.0;26.03.2026 07:06;T26;d35cccc8-28ce-11f1-a628-f719dec8d214;1;;
TP_15363242603_TPS_18741922603;TP_15363242603;796670;9c01d337f97f1e5b00a0515270c0546fb3c9b8f88c5028add2917f5fd1e3eb49;2,03E+28;0;1;TPS_18741922603;T14.01.01;T14;1.0;RMG;2026-03-26 06:35:00;2026-03-26 06:51:00;2026-03-26 06:54:00;2026-03-26 07:01:00;;166.0;;417.0;1533.0;26.03.2026 08:05;LL, T14;aba1bcbe-28d5-11f1-aa24-53891184a46f;1;;
TP_15363242603_20260326064551000000023696334;TP_15363242603;796670;9c01d337f97f1e5b00a0515270c0546fb3c9b8f88c5028add2917f5fd1e3eb49;2,03E+28;1;0;2,03E+28;LL;LL;;Leerlager;2026-03-26 06:35:00;2026-03-26 06:40:00;2026-03-26 06:45:00;2026-03-26 07:01:00;287.0;305.0;358.0;;;26.03.2026 08:05;LL, T14;9abac5f4-28d6-11f1-abd3-2709b7d875a2;1;;
TP_15363312603_TPS_18742002603;TP_15363312603;472457;f4f9673dfb5402063085674adaed3f069f66b86aeecba75e3c6a4b1ee5b143cf;2,03E+28;1;1;TPS_18742002603;T20.02.01;T20;2.0;RMG;2026-03-26 06:36:00;2026-03-26 06:42:00;2026-03-26 06:49:00;2026-03-26 06:53:00;333.0;422.0;;221.0;976.0;26.03.2026 08:05;T20;cfcd1520-28d5-11f1-aa45-f7b1e4b78d55;1;;
TP_15363842603_TPS_18738692603;TP_15363842603;811700;5fff54acad9eb7328c10c62779c1be989ac46f85cbdcb9ff24c6598912fb93e9;2,03E+28;1;1;TPS_18738692603;T26.04.01;T26;4.0;RMG;2026-03-26 07:34:00;2026-03-26 07:40:00;2026-03-26 07:44:00;2026-03-26 07:50:00;390.0;236.0;;370.0;996.0;26.03.2026 08:35;T26;ccb3d88a-28dd-11f1-966c-5b4987ac1b3d;1;;
TP_15363862603_TPS_18707352603;TP_15363862603;D536385;;2,03E+28;1;1;TPS_18707352603;T15.01.01;T15;1.0;RMG;2026-03-26 05:08:00;2026-03-26 05:08:00;2026-03-26 05:11:00;2026-03-26 05:11:00;0.0;160.0;;0.0;160.0;26.03.2026 06:05;T15;7f4acf0e-28c9-11f1-9708-c383b9afe08a;1;;
TP_15366282603_TPS_18740402603;TP_15366282603;905629;24703a822133b6d4f02353381eaef0c51855fe8b7cf36f928a74c94ce9d87431;2,03E+28;1;1;TPS_18740402603;T25.01.01;T25;1.0;RMG;2026-03-26 08:34:00;2026-03-26 08:49:00;2026-03-26 08:51:00;2026-03-26 08:55:00;868.0;123.0;;244.0;1235.0;26.03.2026 10:05;T25;4b8f60b8-28e6-11f1-bf6f-bba4f1df6a9e;1;;
TP_15366892603_TPS_18743942603;TP_15366892603;258992;2e95a2237b54f8446bb951e87905e66e1a08aa30a3e53e27fadb30a8994c0149;2,03E+28;0;1;TPS_18743942603;HO2.25;HO2;25.0;VC;2026-03-26 09:12:00;2026-03-26 10:34:00;2026-03-26 10:40:00;2026-03-26 11:00:00;;350.0;;1227.0;6484.0;26.03.2026 12:05;HO2, T10;8f6b02ce-28eb-11f1-9ccf-4ff491db0d30;1;1999492413;
TP_15367782603_TPS_18742672603;TP_15367782603;858630;e00b2273817fa1e4ab4fa2b8ba4b0673f91cf6ede4110e19c7e76557b46e79c7;2,03E+28;1;1;TPS_18742672603;T26.02.01;T26;2.0;RMG;2026-03-26 08:02:00;2026-03-26 08:10:00;2026-03-26 08:19:00;2026-03-26 08:30:00;427.0;557.0;;694.0;1678.0;26.03.2026 09:35;T26;d309eca2-28e1-11f1-b43d-7fab0ae1d80c,d31980c2-28e1-11f1-b43e-2357560d5732;2;;
TP_15368842603_TPS_18749972603;TP_15368842603;472533;55814255825e5c88c78e5ac20070994c2bc3b04aef1a4319376ce086eb29cfba;2,03E+28;1;1;TPS_18749972603;T20.01.01;T20;1.0;RMG;2026-03-26 10:44:00;2026-03-26 10:53:00;2026-03-26 11:02:00;2026-03-26 11:07:00;528.0;514.0;;304.0;1346.0;26.03.2026 12:05;T20;74a4cd32-28f8-11f1-b326-fbaeb8a72deb;1;;
TP_15369462603_TPS_18739092603;TP_15369462603;638123;82a17feb4c5823dba1e7a402d2650f231abfa22938abf818f8e2e488cc4cf4bf;2,03E+28;1;1;TPS_18739092603;HO2.31;HO2;31.0;VC;2026-03-26 10:20:00;2026-03-26 10:28:00;2026-03-26 10:36:00;2026-03-26 11:03:00;467.0;443.0;;1625.0;2535.0;26.03.2026 12:05;HO2;1a57afbe-28f5-11f1-afa6-4371404c529f;1;;
TP_15369702603_TPS_18750352603;TP_15369702603;411810;ffca27232ae132ce5335facf0f44e61c98c0a4b2c137c9111b37365d0fd493e8;2,03E+28;0;1;TPS_18750352603;HO2.31;HO2;31.0;VC;2026-03-26 10:54:00;2026-03-26 11:47:00;2026-03-26 11:49:00;2026-03-26 11:57:00;;169.0;;470.0;3802.0;26.03.2026 13:06;HO2, T11, T14;c247ea32-28f9-11f1-b41a-d7262ac1fcad;1;1999957176;
TP_15369732603_TPS_18750952603;TP_15369732603;567467;e69a1f868e6d43e9c9cec539f620aed21f38eebef94df6d421933cfdfe6318af;2,03E+28;1;1;TPS_18750952603;T22.03.01;T22;3.0;RMG;2026-03-26 11:19:00;2026-03-26 11:24:00;2026-03-26 11:27:00;2026-03-26 11:38:00;300.0;174.0;;678.0;1152.0;26.03.2026 12:35;T22;497f8cfa-28fd-11f1-b5f2-5f78fbd44350;1;;
TP_15370072603_TPS_18753162603;TP_15370072603;803012;3b7a37fe681448d61ff055e7854ac8830006753445c2261fd635007bae969dde;2,03E+28;1;1;TPS_18753162603;T20.02.01;T20;2.0;RMG;2026-03-26 12:24:00;2026-03-26 12:33:00;2026-03-26 12:45:00;2026-03-26 12:51:00;492.0;753.0;;340.0;1585.0;26.03.2026 13:35;T20;6cc40566-2906-11f1-bd4c-ab3069397be0;1;;
TP_15370482603_TPS_18744142603;TP_15370482603;411339;a9b11debea8e115a5efd664922a4e2561583508cb39862ad87770bceeb5a72c3;2,03E+28;1;1;TPS_18744142603;HO2.35;HO2;35.0;VC;2026-03-26 09:29:00;2026-03-26 09:39:00;2026-03-26 09:59:00;2026-03-26 10:06:00;571.0;1208.0;;439.0;2218.0;26.03.2026 11:06;HO2;;0;;
TP_15371712603_TPS_18750692603;TP_15371712603;749403;6f98c5afdb20dd52abdb5a3fecca317c30e75f0be52e9b3c8886c6b7d0fd5316;2,03E+28;0;1;TPS_18750692603;HO2.28;HO2;28.0;VC;2026-03-26 11:08:00;2026-03-26 11:49:00;2026-03-26 11:53:00;2026-03-26 12:07:00;;247.0;;838.0;3537.0;26.03.2026 13:06;HO2, LL, T14, T18;c408bd86-28fb-11f1-b58f-2f8e9e766036;1;1999984304;
TP_15372002603_TPS_18751842603;TP_15372002603;473852;3c88610992a21413caba7bc4e9d8034ad43733c8f80cc903798fcd6f1526bbc8;2,03E+28;1;1;TPS_18751842603;T24.03.01;T24;3.0;RMG;2026-03-26 11:41:00;2026-03-26 11:48:00;2026-03-26 11:58:00;2026-03-26 12:04:00;361.0;627.0;;377.0;1365.0;26.03.2026 13:06;T24;6ab8ca6e-2900-11f1-b7ba-cb15f7bf7fc2;1;;
TP_15372262603_TPS_18752202603;TP_15372262603;497612;e6ed4304cd8a7bfbecae713ac1fef3fd15c5126c28f009f09ccdae96984253fd;2,03E+28;0;1;TPS_18752202603;T20.04.01;T20;4.0;RMG;2026-03-26 11:49:00;2026-03-26 12:02:00;2026-03-26 12:08:00;2026-03-26 12:13:00;;383.0;;316.0;1432.0;26.03.2026 13:06;LL, T20;896b8770-2901-11f1-b8ab-db5b4b724a20;1;;
TP_15372262603_20260326115845000000023703502;TP_15372262603;497612;e6ed4304cd8a7bfbecae713ac1fef3fd15c5126c28f009f09ccdae96984253fd;2,03E+28;1;0;2,03E+28;LL;LL;;Leerlager;2026-03-26 11:49:00;2026-03-26 11:53:00;2026-03-26 11:58:00;2026-03-26 12:13:00;232.0;294.0;207.0;;;26.03.2026 13:06;LL, T20;1582c199-2902-11f1-abd3-2709b7d875a2;1;;
TP_15372692603_TPS_18748252603;TP_15372692603;538456;b8179c72c212171bde454bb0b1d71d1a2a42816ae151014cd90e161bc4d5cc88;2,03E+28;0;0;TPS_18748252603;HO2.23;HO2;23.0;VC;2026-03-26 12:54:00;2026-03-26 15:19:00;2026-03-26 15:22:00;2026-03-26 15:48:00;;186.0;484.0;;;26.03.2026 16:35;HO2, T10, T11;9bad65d0-290a-11f1-b1e1-4b620001266d;1;2000572869;
TP_15372972603_TPS_18750592603;TP_15372972603;572251;2063049ba79158ff33f511dd38f9ff38a97091b03f3910a22fc8518cdd28fecb;2,03E+28;1;1;TPS_18750592603;T21.03.01;T21;3.0;RMG;2026-03-26 11:05:00;2026-03-26 11:11:00;2026-03-26 11:19:00;2026-03-26 11:24:00;338.0;453.0;;326.0;1117.0;26.03.2026 12:35;T21;637ff8d0-28fb-11f1-b55b-abac24473aea,63916fc0-28fb-11f1-b55c-8f53ed61fdb2;2;;
TP_15373212603_TPS_18752862603;TP_15373212603;260281;c3b204568928c3f461d2d1dcdeba95ba89b2c10c4b208c13e0bd99d0aae39471;2,03E+28;0;1;TPS_18752862603;T10.04.01;T10;4.0;RMG;2026-03-26 12:07:00;2026-03-26 14:18:00;2026-03-26 14:41:00;2026-03-26 14:47:00;;1413.0;;350.0;9574.0;26.03.2026 15:35;LL, T10;0cd63108-2904-11f1-bba3-5f3576f70f33;1;;
TP_15373212603_20260326122244000000023710106;TP_15373212603;260281;c3b204568928c3f461d2d1dcdeba95ba89b2c10c4b208c13e0bd99d0aae39471;2,03E+28;1;0;2,03E+28;LL;LL;;Leerlager;2026-03-26 12:07:00;2026-03-26 12:13:00;2026-03-26 12:22:00;2026-03-26 14:47:00;340.0;545.0;6926.0;;;26.03.2026 15:35;LL, T10;7e46a45f-2905-11f1-abd3-2709b7d875a2;1;;
TP_15373912603_TPS_18755432603;TP_15373912603;226556;4c2279cb39a91124e6092503a53c1c6fd0a83b6005e57ae413e452de629041d9;2,03E+28;1;1;TPS_18755432603;T16.01.01;T16;1.0;RMG;2026-03-26 14:42:00;2026-03-26 14:49:00;2026-03-26 15:15:00;2026-03-26 15:21:00;414.0;1543.0;;376.0;2333.0;26.03.2026 16:05;T16;b4b12468-2919-11f1-b416-2fba4a641bfe;1;;
TP_15374222603_TPS_18754052603;TP_15374222603;425038;54e31f5fc14eb5bed940e7a94acc9fe8f1ff7b576d88944f9b7695ca41eb226e;2,03E+28;1;1;TPS_18754052603;T21.01.01;T21;1.0;RMG;2026-03-26 12:41:00;2026-03-26 12:49:00;2026-03-26 12:54:00;2026-03-26 13:01:00;464.0;268.0;;418.0;1150.0;26.03.2026 14:05;T21;cd65c2ea-2908-11f1-aaf1-572aa458cc9c;1;;
TP_15375442603_TPS_18753652603;TP_15375442603;415579;912b6667c86677d825b5bbacf31211d6ca80eb441dae11dec34576ec5ddb5dcc;2,03E+28;0;1;TPS_18753652603;T12.02.01;T12;2.0;RMG;2026-03-26 12:35:00;2026-03-26 12:59:00;2026-03-26 13:06:00;2026-03-26 13:14:00;;432.0;;510.0;2340.0;26.03.2026 14:05;LL, T12;f6569bc6-2907-11f1-bfc0-7f79122f4234;1;;
TP_15375442603_20260326124633000000023710165;TP_15375442603;415579;912b6667c86677d825b5bbacf31211d6ca80eb441dae11dec34576ec5ddb5dcc;2,03E+28;1;0;2,03E+28;LL;LL;;Leerlager;2026-03-26 12:35:00;2026-03-26 12:41:00;2026-03-26 12:46:00;2026-03-26 13:14:00;358.0;276.0;764.0;;;26.03.2026 14:05;LL, T12;cf48d515-2908-11f1-abd3-2709b7d875a2;1;;
TP_15375972603_TPS_18748792603;TP_15375972603;398680;5c0f6218e213db4c71adfaaf332222e878554dafed95b73d110b68a11b30edb9;2,03E+28;1;1;TPS_18748792603;T19.02.01;T19;2.0;RMG;2026-03-26 13:24:00;2026-03-26 13:30:00;2026-03-26 13:33:00;2026-03-26 14:29:00;356.0;145.0;;3375.0;3876.0;26.03.2026 15:35;T19;cf2c8b12-290e-11f1-b61f-970610b992d5;1;;
TP_15376332603_TPS_18747802603;TP_15376332603;373719;2bd2f62925232b5c495c370bd0801841af5753782368c59ca4fabf6fdc4e75e0;2,03E+28;1;1;TPS_18747802603;T18.03.01;T18;3.0;RMG;2026-03-26 14:05:00;2026-03-26 14:12:00;2026-03-26 14:39:00;2026-03-26 14:49:00;414.0;1578.0;;615.0;2607.0;26.03.2026 15:35;T18;8946ded0-2914-11f1-b0bd-1b78f424fca0,8957e216-2914-11f1-b0be-33d9959a8d48;2;;
TP_15376462603_TPS_18747982603;TP_15376462603;669626;fb180e9af14e844ed8ff5b81fcdc3a80f213d11e68db8d1df4dd84a39fbd4e46;2,03E+28;0;1;TPS_18747982603;HO2.25;HO2;25.0;VC;2026-03-26 14:09:00;2026-03-26 15:20:00;2026-03-26 15:25:00;2026-03-26 15:55:00;;329.0;;1788.0;6378.0;26.03.2026 17:06;HO2, T15, T20;fe11fdee-2914-11f1-b114-8f31af047e73;1;2000858631;
TP_15378262603_TPS_18755472603;TP_15378262603;226437;485df36434ea01d3738dfc9cda875401202e8bfdf1104c0e8641c36085f2bf78;2,03E+28;0;1;TPS_18755472603;HO2.32;HO2;32.0;VC;2026-03-26 14:43:00;2026-03-26 15:10:00;2026-03-26 15:17:00;2026-03-26 15:34:00;;402.0;;1044.0;3069.0;26.03.2026 16:35;HO2, T21;c8d9da8e-2919-11f1-b42a-97b662b72c01;1;2001040964;
TP_15381232603_TPS_18763672603;TP_15381232603;778503;5d0448a86d9c0f209248aa3de38aacec6e374bcb6474324196d37ef499d100a7;2,03E+28;1;1;TPS_18763672603;T14.04.01;T14;4.0;RMG;2026-03-26 16:00:00;2026-03-26 16:08:00;2026-03-26 16:16:00;2026-03-26 16:21:00;463.0;439.0;;324.0;1226.0;26.03.2026 17:06;T14;99b63f94-2924-11f1-a93d-b31d3b2dfd2c;1;;
TP_15382052603_TPS_18759562603;TP_15382052603;947615;8808b58c7508830d433cd78ea956d1e19f3b3dd81c365b4cf1772d4dbbf26672;2,03E+28;1;1;TPS_18759562603;HO2.26;HO2;26.0;VC;2026-03-26 15:35:00;2026-03-26 15:43:00;2026-03-26 15:44:00;2026-03-26 15:49:00;422.0;91.0;;324.0;837.0;26.03.2026 16:35;HO2;1bdca318-2921-11f1-a7f8-034ac63300b3;1;;
TP_15382922603_TPS_18769032603;TP_15382922603;783108;e6434788b11a6e6394d88215f98ae5f09496c9d52d423577ebc1b6a3ef7ff9d7;2,03E+28;1;1;TPS_18769032603;T16.02.01;T16;2.0;RMG;2026-03-26 19:02:00;2026-03-26 19:08:00;2026-03-26 19:20:00;2026-03-26 19:28:00;326.0;717.0;;500.0;1543.0;26.03.2026 20:35;T16;0666558e-293e-11f1-a42f-17094757cc6f;1;;
TP_15383312603_TPS_18762252603;TP_15383312603;264434;ac043b0adeda937f6050f5fc0fa77305882f068bee01fc4aa6255f00ed860a83;2,03E+28;0;1;TPS_18762252603;HO2.26;HO2;26.0;VC;2026-03-26 15:35:00;2026-03-26 15:49:00;2026-03-26 15:55:00;2026-03-26 16:02:00;;323.0;;458.0;1654.0;26.03.2026 17:06;HO2, T13;ff52b88e-2922-11f1-bb89-63182927b533;1;2001177489;
TP_15383382603_TPS_18761302603;TP_15383382603;766156;1f99fb40b28f030b951c8372b517e970580d417681aaafeceb54c1aa71f717d3;2,03E+28;0;0;TPS_18761302603;HO2.28;HO2;28.0;VC;2026-03-26 15:44:00;2026-03-26 16:18:00;2026-03-26 16:20:00;2026-03-26 16:38:00;;155.0;427.0;;;26.03.2026 17:35;HO2, T14, T21;3df0413e-2922-11f1-90ae-6f4f8e890976;1;2001196419;
TP_15384392603_TPS_18761422603;TP_15384392603;774016;d9701502f5f95ab8e8659f31b7eec05035f104f0398bce5ecc1a0cb9c3dec812;2,03E+28;1;1;TPS_18761422603;T19.02.01;T19;2.0;RMG;2026-03-26 15:46:00;2026-03-26 15:57:00;2026-03-26 16:04:00;2026-03-26 16:26:00;653.0;402.0;;1327.0;2382.0;26.03.2026 17:35;T19;a55b92f6-2922-11f1-911f-af72cbacbcc1;1;;
TP_15384692603_TPS_18759792603;TP_15384692603;244080;c23d9f6864d117f4a620906cc72edf8d2283894a384f103878bf89f06d83185f;2,03E+28;1;1;TPS_18759792603;T18.03.01;T18;3.0;RMG;2026-03-26 16:14:00;2026-03-26 16:20:00;2026-03-26 16:32:00;2026-03-26 16:38:00;353.0;685.0;;346.0;1384.0;26.03.2026 17:35;T18;8e5d6990-2926-11f1-ae3d-379198b0d030;1;;
TP_15386012603_TPS_18765512603;TP_15386012603;348287;f447a6459d82cf2f5ad5beb5e4a12caae2ae421ebb291d88589254fc0dbf49f9;2,03E+28;0;1;TPS_18765512603;T10.04.01;T10;4.0;RMG;2026-03-26 16:38:00;2026-03-26 18:44:00;2026-03-26 19:45:00;2026-03-26 19:54:00;;3675.0;;524.0;11754.0;26.03.2026 20:35;LL, T10;da6e2fce-2929-11f1-a7fa-b3bfab203e09;1;;
TP_15386012603_20260326165810000000023716982;TP_15386012603;348287;f447a6459d82cf2f5ad5beb5e4a12caae2ae421ebb291d88589254fc0dbf49f9;2,03E+28;1;0;2,03E+28;LL;LL;;Leerlager;2026-03-26 16:38:00;2026-03-26 16:45:00;2026-03-26 16:58:00;2026-03-26 19:54:00;430.0;745.0;6380.0;;;26.03.2026 20:35;LL, T10;de66f2ca-292a-11f1-abd3-2709b7d875a2;1;;
TP_15386092603_TPS_18765602603;TP_15386092603;660277;d0b2a8adee62b6a4eed89389e85cbdfbdfd0f6210562eee63b9ed7695515be11;2,03E+28;1;1;TPS_18765602603;T22.01.01;T22;1.0;RMG;2026-03-26 16:39:00;2026-03-26 16:45:00;2026-03-26 16:50:00;2026-03-26 16:56:00;354.0;286.0;;349.0;989.0;26.03.2026 18:05;T22;0c70a7cc-292a-11f1-a86c-33cebe89b31e;1;;
TP_15386242603_TPS_18762102603;TP_15386242603;371583;c80bbaaa1ec6dac3752a18552051218d0c915ca2afd5b3220557253e97cce2a3;2,03E+28;1;1;TPS_18762102603;HO2.28;HO2;28.0;VC;2026-03-26 20:25:00;2026-03-26 20:30:00;2026-03-26 20:34:00;2026-03-26 20:38:00;286.0;243.0;;220.0;749.0;26.03.2026 21:09;HO2;9f3c597e-2949-11f1-aa4e-bf4b69c51f69;1;;
TP_15386302603_TPS_18762182603;TP_15386302603;355948;e26f4cb388eeaf2a544f5dbd884a836444d8951f8bd87cd536e0f7c71ec42002;2,03E+28;0;1;TPS_18762182603;T06.02.01;T06;2.0;RMG;2026-03-26 20:32:00;2026-03-26 20:54:00;2026-03-26 21:03:00;2026-03-26 21:31:00;;570.0;;1624.0;3483.0;26.03.2026 22:35;T06, T11;99129b34-294a-11f1-aacc-970b0dae4bd7;1;;
TP_15386302603_TPS_18762172603;TP_15386302603;355948;e26f4cb388eeaf2a544f5dbd884a836444d8951f8bd87cd536e0f7c71ec42002;2,03E+28;1;0;TPS_18762172603;T11.01.01;T11;1.0;RMG;2026-03-26 20:32:00;2026-03-26 20:38:00;2026-03-26 20:43:00;2026-03-26 21:31:00;351.0;306.0;632.0;;;26.03.2026 22:35;T06, T11;990a9ff6-294a-11f1-aacb-0f938e1f593b;1;;
TP_15386822603_TPS_18774032603;TP_15386822603;629267;04c09680114511e318b9d7a55e945550bbb8e143769741b5351ced0b68184447;2,03E+28;1;1;TPS_18774032603;T24.03.01;T24;3.0;RMG;2026-03-27 03:33:00;2026-03-27 03:41:00;2026-03-27 03:44:00;2026-03-27 03:49:00;470.0;179.0;;287.0;936.0;27.03.2026 04:35;T24;694781cc-2985-11f1-9b75-634796c1ead1;1;;
TP_15387352603_TPS_18766112603;TP_15387352603;620607;92360621a943f88cb9fe3e4ad518ea5362f672fa533fbf8dd4f68bf2a971a1ce;2,03E+28;0;1;TPS_18766112603;HO2.28;HO2;28.0;VC;2026-03-26 17:51:00;2026-03-26 18:23:00;2026-03-26 18:26:00;2026-03-26 18:43:00;;210.0;;1004.0;3158.0;26.03.2026 19:08;HO2, T18;792f513e-2938-11f1-8e01-5f5343601655;1;2001853769;
TP_15387912603_TPS_18769632603;TP_15387912603;467988;241a8420ee8c21378814bc67847609409030b9805fe5be6ad85776dddc9243e2;2,03E+28;0;1;TPS_18769632603;T24.04.01;T24;4.0;RMG;2026-03-26 21:58:00;2026-03-26 22:15:00;2026-03-26 22:17:00;2026-03-26 22:23:00;;146.0;;322.0;1451.0;26.03.2026 23:06;LL, T24;9cfdc104-2956-11f1-b643-571ab2d4f600;1;;
TP_15387912603_20260326220826000000023723743;TP_15387912603;467988;241a8420ee8c21378814bc67847609409030b9805fe5be6ad85776dddc9243e2;2,03E+28;1;0;2,03E+28;LL;LL;;Leerlager;2026-03-26 21:58:00;2026-03-26 22:03:00;2026-03-26 22:08:00;2026-03-26 22:23:00;287.0;280.0;416.0;;;26.03.2026 23:06;LL, T24;4b03588f-2957-11f1-abd3-2709b7d875a2;1;;
TP_15388742603_TPS_18773942603;TP_15388742603;743495;5f343089e302420b4413e7773ff6502e7b105dba095cd2cdb7b9eeff528259ab;2,03E+28;0;1;TPS_18773942603;T18.03.01;T18;3.0;RMG;2026-03-27 03:26:00;2026-03-27 03:44:00;2026-03-27 03:48:00;2026-03-27 03:52:00;;217.0;;259.0;1528.0;27.03.2026 04:35;LL, T18;6f0ae082-2984-11f1-9ab3-a76f88a7d30d;1;;
TP_15388742603_20260327034020000000023730439;TP_15388742603;743495;5f343089e302420b4413e7773ff6502e7b105dba095cd2cdb7b9eeff528259ab;2,03E+28;1;0;2,03E+28;LL;LL;;Leerlager;2026-03-27 03:26:00;2026-03-27 03:32:00;2026-03-27 03:40:00;2026-03-27 03:52:00;336.0;465.0;251.0;;;27.03.2026 04:35;LL, T18;4adf66e2-2985-11f1-abd3-2709b7d875a2;1;;
TP_15388912603_20260327060309000000023737020;TP_15388912603;371561;704904d8a81c77e10a8f37b85e06f9201f548bb1421693f64b657a0628377627;2,03E+28;0;1;2,03E+28;LL;LL;;Leerlager;2026-03-27 05:32:00;2026-03-27 05:53:00;2026-03-27 06:03:00;2026-03-27 06:09:00;;572.0;;384.0;2197.0;27.03.2026 07:06;LL, T24;fcac8bbb-2998-11f1-abd3-2709b7d875a2;1;2003128983;
TP_15389022603_TPS_18766132603;TP_15389022603;370661;29c212e386467b54d59a32aea1a2d136d7f30d939bbaf9ba98784f3647e9d8a6;2,03E+28;0;1;TPS_18766132603;HO2.31;HO2;31.0;VC;2026-03-27 05:40:00;2026-03-27 06:10:00;2026-03-27 06:11:00;2026-03-27 06:24:00;;52.0;;799.0;2651.0;27.03.2026 07:06;HO2, T23;3f2c9574-299b-11f1-9097-2ff89273e54e;1;2003138885;
TP_15389302603_20260327071804000000023737117;TP_15389302603;440001;87626cff32f351f4f566a8f953dc55878ad8579155cf6c060e2c6a453d41743f;2,03E+28;0;1;2,03E+28;LL;LL;;Leerlager;2026-03-27 06:32:00;2026-03-27 06:47:00;2026-03-27 07:18:00;2026-03-27 07:27:00;;1863.0;;544.0;3302.0;27.03.2026 08:05;LL, T27;251691c6-29a3-11f1-abd3-2709b7d875a2;1;2003210238;
TP_15391502603_TPS_18772392603;TP_15391502603;758801;fb279178a1bfd48283edfc2dc84fbdd8df2323d45585340b7bf00ed857b8238e;2,03E+28;1;1;TPS_18772392603;T26.04.01;T26;4.0;RMG;2026-03-27 07:05:00;2026-03-27 07:11:00;2026-03-27 07:18:00;2026-03-27 07:30:00;356.0;410.0;;682.0;1448.0;27.03.2026 08:35;T26;0707ec68-29a3-11f1-91ee-d3593c13fc7a,0711283c-29a3-11f1-91ef-03ffd2c9dfda;2;;
TP_15391682603_TPS_18781452603;TP_15391682603;235416;9687309871088f63e1f0af6ba706ef85ba487107689ea5d0d88d623dfec8b6f1;2,03E+28;1;1;TPS_18781452603;HO2.28;HO2;28.0;VC;2026-03-27 08:04:00;2026-03-27 08:14:00;2026-03-27 08:16:00;2026-03-27 08:22:00;588.0;98.0;;346.0;1032.0;27.03.2026 09:06;HO2;;0;;
TP_15393022603_TPS_18776842603;TP_15393022603;832631;5b310a6bd22844c57b8ecf9f2516a2ad61a25314957468d1d88c0e7b59ab8d84;2,03E+28;1;1;TPS_18776842603;T15.01.01;T15;1.0;RMG;2026-03-27 06:44:00;2026-03-27 06:52:00;2026-03-27 06:54:00;2026-03-27 07:19:00;434.0;139.0;;1522.0;2095.0;27.03.2026 08:05;T15;17ebe9f6-29a0-11f1-b179-130206c615c1;1;;
TP_15394112603_TPS_18783812603;TP_15394112603;985371;bf427ddffa1d08b06d009634756747eebc462695aae663692181c8b4c0b9bc8d;2,03E+28;0;1;TPS_18783812603;HO2.28;HO2;28.0;VC;2026-03-27 10:54:00;2026-03-27 11:16:00;2026-03-27 11:19:00;2026-03-27 12:51:00;;158.0;;5526.0;7013.0;27.03.2026 14:05;HO2, T13;fd4715b2-29c2-11f1-8a17-cbf14b4216a4;1;2004359593;
TP_15394182603_TPS_18788882603;TP_15394182603;713332;8be3127e30e8b333bbe20155b40c293ff8c76b4611a286d1cb721c5de62f1663;2,03E+28;1;1;TPS_18788882603;T15.01.01;T15;1.0;RMG;2026-03-27 11:41:00;2026-03-27 12:00:00;2026-03-27 12:08:00;2026-03-27 12:15:00;1089.0;522.0;;399.0;2010.0;27.03.2026 13:06;T15;958d6302-29c9-11f1-b6fd-1f91c6f96891;1;;
TP_15394802603_TPS_18773392603;TP_15394802603;669614;670fa2addb027a6c32756767067537e5e08712b634d3907d7956ab9c1738ef69;2,03E+28;1;1;TPS_18773392603;T18.01.01;T18;1.0;RMG;2026-03-27 07:16:00;2026-03-27 07:22:00;2026-03-27 07:29:00;2026-03-27 07:34:00;310.0;421.0;;304.0;1035.0;27.03.2026 08:35;T18;90a79404-29a4-11f1-a776-4f280d0c8a62;1;;
TP_15396302603_TPS_18781142603;TP_15396302603;514041;37865111492e072c9f1e8a031d59c8ace7b86731452f5f9d627b79dcc3d07f5d;2,03E+28;1;1;TPS_18781142603;T16.03.01;T16;3.0;RMG;2026-03-27 08:52:00;2026-03-27 08:58:00;2026-03-27 09:02:00;2026-03-27 09:08:00;324.0;262.0;;333.0;919.0;27.03.2026 10:05;T16;f9b78afa-29b1-11f1-aee8-cfaf262d940b;1;;
TP_15396572603_TPS_18784022603;TP_15396572603;814679;62560a4f9415e58d37c03d74825e221a276ff832b4765ca03f0bd242b82f0a46;2,03E+28;0;1;TPS_18784022603;HO2.33;HO2;33.0;VC;2026-03-27 09:24:00;2026-03-27 09:46:00;2026-03-27 09:54:00;2026-03-27 10:02:00;;454.0;;518.0;2322.0;27.03.2026 11:06;HO2, T12;;0;2003929325;
TP_15398862603_TPS_18786682603;TP_15398862603;443521;63d0d2bda81982beb156507b4e97d044ee79b01107bf8925cb9a070d6f82ff07;2,03E+28;0;1;TPS_18786682603;HO2.33;HO2;33.0;VC;2026-03-27 09:49:00;2026-03-27 10:10:00;2026-03-27 10:15:00;2026-03-27 10:32:00;;268.0;;1068.0;2628.0;27.03.2026 11:35;HO2, T06;d3b56a4a-29b9-11f1-b4de-bf25b7e1e766;1;2004012396;
TP_15399432603_TPS_18777592603;TP_15399432603;743906;fb671b7371ac369db2614bd3def1a2faf709c398e4f9810488eb8599e80cde92;2,03E+28;1;1;TPS_18777592603;T09.01.01;T09;1.0;RMG;2026-03-27 10:36:00;2026-03-27 10:41:00;2026-03-27 10:46:00;2026-03-27 10:54:00;292.0;291.0;;464.0;1047.0;27.03.2026 12:05;T09;80dcf5ca-29c0-11f1-b2f9-9f79413eb594;1;;
TP_15399632603_TPS_18784042603;TP_15399632603;817201;562cd94c719fd2b73e93b34a3635d830c754f6f54c6012bf5ae26c248892fbc3;2,03E+28;0;0;TPS_18784042603;HO2.26;HO2;26.0;VC;2026-03-27 12:04:00;2026-03-27 12:49:00;2026-03-27 13:00:00;2026-03-27 13:41:00;;662.0;602.0;;;27.03.2026 14:35;HO2, T21;34707ba0-29d2-11f1-9582-4f17a23f202a;1;2004674286;
TP_15400182603_TPS_18784032603;TP_15400182603;305138;c6fc792de7ff5f2428b65143a9e85b6cbd66f892f01786b1532bc888ce41cc1c;2,03E+28;0;1;TPS_18784032603;HO2.31;HO2;31.0;VC;2026-03-27 10:37:00;2026-03-27 10:59:00;2026-03-27 11:02:00;2026-03-27 11:13:00;;228.0;;642.0;2184.0;27.03.2026 12:05;HO2, T15;923a34d8-29c3-11f1-945c-63b88fad45a0;1;2004270173;
TP_15400312603_TPS_18789282603;TP_15400312603;665406;24e0eaf65e8270e3d327d35e24b8eac1470afc6a7ff0692b90fc602a5f724fda;2,03E+28;0;1;TPS_18789282603;HO2.27;HO2;27.0;VC;2026-03-27 10:40:00;2026-03-27 11:07:00;2026-03-27 11:14:00;2026-03-27 11:19:00;;414.0;;312.0;2360.0;27.03.2026 12:05;HO2, T19;f2438d28-29c0-11f1-b3cf-933666cb713b;1;2004282870;
TP_15401212603_TPS_18789532603;TP_15401212603;544447;f8e9ae8bca92d0006d2ec548f3b342a77732bfd33a4fec64abe2dda61940f28a;2,03E+28;0;1;TPS_18789532603;HO2.33;HO2;33.0;VC;2026-03-27 10:45:00;2026-03-27 11:03:00;2026-03-27 11:05:00;2026-03-27 11:12:00;;147.0;;434.0;1649.0;27.03.2026 12:05;HO2, T19;aa4792de-29c1-11f1-b4dc-af98137599fb;1;2004320249;
TP_15402142603_TPS_18778412603;TP_15402142603;564665;884c60830b398d9cf48c1b810fdf8d76311ca5c3e62f4534b48acba81c665012;2,03E+28;0;1;TPS_18778412603;T14.03.01;T14;3.0;RMG;2026-03-27 12:20:00;2026-03-27 12:35:00;2026-03-27 12:52:00;2026-03-27 12:59:00;;1015.0;;434.0;2329.0;27.03.2026 14:05;LL, T14;083eeec0-29cf-11f1-bccc-5359c30020cf;1;;
TP_15402142603_20260327122831000000023750901;TP_15402142603;564665;884c60830b398d9cf48c1b810fdf8d76311ca5c3e62f4534b48acba81c665012;2,03E+28;1;0;2,03E+28;LL;LL;;Leerlager;2026-03-27 12:20:00;2026-03-27 12:25:00;2026-03-27 12:28:00;2026-03-27 12:59:00;279.0;173.0;428.0;;;27.03.2026 14:05;LL, T14;b77011a1-29cf-11f1-abd3-2709b7d875a2;1;;
TP_15403782603_TPS_18778702603;TP_15403782603;602712;6bff17b3bd6b28dc2fd05bfacf6e7f9ca8cc540e0430c0eda2ba82845fcc50d0;2,03E+28;1;1;TPS_18778702603;T23.01.01;T23;1.0;RMG;2026-03-27 12:31:00;2026-03-27 12:40:00;2026-03-27 12:48:00;2026-03-27 12:54:00;503.0;500.0;;370.0;1373.0;27.03.2026 14:05;T23;9189f692-29d0-11f1-be50-0fcd4f50d30c;1;;
TP_15404442603_TPS_18795662603;TP_15404442603;860038;c54a426c821bb3c35e7d422168a83c7a7c3d84eae67d178fc75aec985729c3af;2,03E+28;1;1;TPS_18795662603;T16.02.01;T16;2.0;RMG;2026-03-27 13:43:00;2026-03-27 13:50:00;2026-03-27 14:01:00;2026-03-27 14:05:00;393.0;651.0;;263.0;1307.0;27.03.2026 15:06;T16;a0c5ebfc-29da-11f1-a8b7-7fcfcc52f095;1;;
TP_15404472603_TPS_18795702603;TP_15404472603;942836;a41d51d7130ff1b5bd8af039551b1454669667b15674a79dfe6f50675567dbd4;2,03E+28;0;1;TPS_18795702603;HO2.21;HO2;21.0;VC;2026-03-27 13:45:00;2026-03-27 14:55:00;2026-03-27 14:58:00;2026-03-27 15:09:00;;216.0;;618.0;5046.0;27.03.2026 16:05;HO2, T11;c66a30e8-29da-11f1-a8c5-dbd57605d3e0;1;2005068502;
TP_15404992603_TPS_18781462603;TP_15404992603;762618;2c14f04f3da53172f7ba52c2fa910ff72d32ed548b674a75cafc2dea545d902d;2,03E+28;0;1;TPS_18781462603;HO2.21;HO2;21.0;VC;2026-03-27 12:30:00;2026-03-27 12:55:00;2026-03-27 13:11:00;2026-03-27 13:29:00;;951.0;;1069.0;3531.0;27.03.2026 14:35;HO2, T20;caa112ec-29d2-11f1-8db4-5f7111d79f8a;1;2004780774;
TP_15406672603_TPS_18801102603;TP_15406672603;218595;b809be8e8d73191923ac83a499f8b3cac327295e012adbbdfdb409648656ef24;2,03E+28;1;1;TPS_18801102603;T19.01.01;T19;1.0;RMG;2026-03-27 16:44:00;2026-03-27 17:02:00;2026-03-27 17:19:00;2026-03-27 17:23:00;1053.0;1011.0;;258.0;2322.0;27.03.2026 18:35;T19;e9979dd0-29f3-11f1-bc50-7bbfb67a2fa3;1;;
TP_15406802603_TPS_18798382603;TP_15406802603;964369;54ac39b813b3fd66fea251715726df67819a247bfa470894b430db2baa378917;2,03E+28;1;1;TPS_18798382603;T12.02.01;T12;2.0;RMG;2026-03-27 16:51:00;2026-03-27 16:57:00;2026-03-27 17:03:00;2026-03-27 17:15:00;319.0;365.0;;745.0;1429.0;27.03.2026 18:05;T12;e3c12ec0-29f4-11f1-a9d5-038527df3728;1;;
TP_15407442603_TPS_18790242603;TP_15407442603;338889;d66157423bacf8648c018da04293a20912033ecb1f8f15c036489522f740f1fa;2,03E+28;1;1;TPS_18790242603;T15.02.01;T15;2.0;RMG;2026-03-27 12:39:00;2026-03-27 12:50:00;2026-03-27 13:08:00;2026-03-27 13:12:00;629.0;1062.0;;267.0;1958.0;27.03.2026 14:05;T15;affc7b76-29d1-11f1-bd05-0bc2c159ff79;1;;
TP_15407992603_TPS_18795772603;TP_15407992603;437201;0db9af859f50ae8ae2fd135087ea390b173550732941633470425e8694e61b3b;2,03E+28;1;1;TPS_18795772603;T22.02.01;T22;2.0;RMG;2026-03-27 13:50:00;2026-03-27 13:56:00;2026-03-27 14:01:00;2026-03-27 14:07:00;360.0;255.0;;394.0;1009.0;27.03.2026 15:06;T22;9adcd330-29db-11f1-a8dc-fbc0a9394cba;1;;
TP_15408312603_TPS_18796632603;TP_15408312603;715487;2850c2b1923a84051b500afcd7c8a25f7a995bb99c70026b555f3c383a559891;2,03E+28;1;1;TPS_18796632603;T15.02.01;T15;2.0;RMG;2026-03-27 14:31:00;2026-03-27 14:36:00;2026-03-27 14:52:00;2026-03-27 14:56:00;299.0;949.0;;236.0;1484.0;27.03.2026 16:05;T15;551121ca-29e1-11f1-ad0c-5739266444f1;1;;
TP_15409032603_TPS_18781482603;TP_15409032603;802343;93e4a756c8d295c483372faf5bd075002bcfd7742a5397a670be83a5ee3fc1b5;2,03E+28;0;1;TPS_18781482603;HO2.32;HO2;32.0;VC;2026-03-27 13:39:00;2026-03-27 13:56:00;2026-03-27 14:00:00;2026-03-27 16:18:00;;241.0;;8277.0;9579.0;27.03.2026 17:06;HO2, T21;58b2e44e-29dc-11f1-8e61-dfab6eebc215;1;2005052113;
TP_15409162603_TPS_18796182603;TP_15409162603;935057;9dd049338a1bc930723cd952569d32d1ca89bca58b0967d21b756624c8be3b9a;2,03E+28;1;1;TPS_18796182603;T13.02.01;T13;2.0;RMG;2026-03-27 14:04:00;2026-03-27 14:32:00;2026-03-27 14:36:00;2026-03-27 14:41:00;1657.0;230.0;;288.0;2175.0;27.03.2026 15:35;T13;8fbc0a82-29dd-11f1-aa09-6f5be6831b58;1;;
TP_15409762603_TPS_18798402603;TP_15409762603;371422;3e725ecb833a321b7d0d3fbf7636d008ea2b1dab4cf4545208c33f24ff676268;2,03E+28;1;1;TPS_18798402603;T25.01.01;T25;1.0;RMG;2026-03-27 16:53:00;2026-03-27 17:01:00;2026-03-27 17:09:00;2026-03-27 17:23:00;426.0;481.0;;841.0;1748.0;27.03.2026 18:35;T25;2b645586-29f5-11f1-a9df-77efe4236f58;1;;
TP_15410132603_TPS_18797242603;TP_15410132603;714748;661a0d078fcc8e1bfc9fcd5e10b36ea8fa2b0b9ccb557ea1bbe933186333a344;2,03E+28;1;1;TPS_18797242603;T22.03.01;T22;3.0;RMG;2026-03-27 14:41:00;2026-03-27 14:46:00;2026-03-27 14:53:00;2026-03-27 14:58:00;279.0;413.0;;297.0;989.0;27.03.2026 16:05;T22;bae4e760-29e2-11f1-ae52-3375e07ff0a9;1;;
TP_15410782603_TPS_18784062603;TP_15410782603;550264;0d92b1bcce5f921179452b390c3dd6edd923c3dfb0b94ebee2d51eded90d961c;2,03E+28;0;1;TPS_18784062603;HO2.26;HO2;26.0;VC;2026-03-27 15:42:00;2026-03-27 15:55:00;2026-03-27 16:09:00;2026-03-27 16:18:00;;890.0;;492.0;2125.0;27.03.2026 17:06;HO2, T06;e771b9a2-29ec-11f1-9794-8ff54d9d1d27;1;2005691646;
TP_15410962603_TPS_18792842603;TP_15410962603;883100;b15eef3a46c2116a49736bb1fc15436cc84f5b4271ce43e2d59f9a886c10f09e;2,03E+28;1;1;TPS_18792842603;T16.03.01;T16;3.0;RMG;2026-03-27 16:21:00;2026-03-27 16:25:00;2026-03-27 16:34:00;2026-03-27 16:38:00;211.0;567.0;;213.0;991.0;27.03.2026 17:35;T16;b35dcf80-29f0-11f1-add9-3344890e5315;1;;
TP_15412522603_TPS_18784072603;TP_15412522603;979189;1270de7d375a2f81fc8960e253aea17cf5bb3f3c5f95785f52d9118c105b6903;2,03E+28;1;0;TPS_18784072603;HO2.32;HO2;32.0;VC;2026-03-27 15:59:00;2026-03-27 16:12:00;2026-03-27 16:19:00;2026-03-27 16:43:00;746.0;433.0;317.0;;;27.03.2026 17:35;HO2, T20;ba5c813e-29ee-11f1-97bc-9b3cd4cd348f;1;2005738614;
TP_15413222603_TPS_18805772603;TP_15413222603;741215;211584180e3ff66360e9a2e1ea001e7be080e4a3aabf91da4896dd99b75ba8d9;2,03E+28;0;1;TPS_18805772603;HO2.26;HO2;26.0;VC;2026-03-27 18:26:00;2026-03-27 19:33:00;2026-03-27 19:37:00;2026-03-27 19:44:00;;261.0;;382.0;4649.0;27.03.2026 20:35;HO2, T15;7078e5f6-2a04-11f1-957c-e37ecc4b67a1;1;2006126982;
TP_15413392603_TPS_18784102603;TP_15413392603;717517;afac48a5fdd0004b8df7402c8216fb3c20fb081a036cda24ddffb491ec98e64d;2,03E+28;0;1;TPS_18784102603;HO2.27;HO2;27.0;VC;2026-03-27 20:03:00;2026-03-27 20:18:00;2026-03-27 20:26:00;2026-03-27 20:41:00;;436.0;;925.0;2249.0;27.03.2026 21:09;HO2, T11;bc050c2c-2a11-11f1-9a05-7b550c242ffa;1;2006306123;
TP_15413922603_TPS_18784082603;TP_15413922603;497818;3ea83a209259f693d227506a164284de2d2d0a8abe845f2a4a23f8e41cbfe4ae;2,03E+28;0;1;TPS_18784082603;HO2.27;HO2;27.0;VC;2026-03-27 17:34:00;2026-03-27 17:55:00;2026-03-27 17:58:00;2026-03-27 18:04:00;;203.0;;384.0;1833.0;27.03.2026 19:08;HO2, T24;b01e4c84-29fd-11f1-98d6-2b84b8cd0f55;1;2006037689;
TP_15416682603_TPS_18803682603;TP_15416682603;753931;0c6fe300d047b91e49dbc077ae46d6ea03436c37eeeb465f1f3e7a500dab8bdf;2,03E+28;1;1;TPS_18803682603;T15.03.01;T15;3.0;RMG;2026-03-27 20:09:00;2026-03-27 20:19:00;2026-03-27 20:23:00;2026-03-27 20:27:00;565.0;227.0;;265.0;1057.0;27.03.2026 21:09;T15;8cf0f2ee-2a10-11f1-9975-67da4382abb4;1;;
TP_15417132603_20260328050337000000023777923;TP_15417132603;248008;28267f950ff1bdf79c25c8fafe03e4322b31138442a557345b3e9aa980e9dbe6;2,03E+28;1;0;2,03E+28;LL;LL;;Leerlager;2026-03-28 04:41:00;2026-03-28 05:01:00;2026-03-28 05:03:00;2026-03-28 05:32:00;1184.0;139.0;467.0;;;28.03.2026 06:35;LL, T13;c7dfeb42-2a5a-11f1-abd3-2709b7d875a2;1;2007251223;
TP_15417292603_TPS_18805142603;TP_15417292603;554529;0f627e5d1dd3b93c6049ee59ae74431d106d7770dd9c52752a473804cb0cdc61;2,03E+28;0;1;TPS_18805142603;T16.02.01;T16;2.0;RMG;2026-03-28 05:32:00;2026-03-28 05:51:00;2026-03-28 05:55:00;2026-03-28 06:02:00;;215.0;;447.0;1778.0;28.03.2026 07:06;T16, T17;338e7240-2a5f-11f1-b229-ef628f334519;1;;
TP_15417292603_TPS_18805132603;TP_15417292603;554529;0f627e5d1dd3b93c6049ee59ae74431d106d7770dd9c52752a473804cb0cdc61;2,03E+28;1;0;TPS_18805132603;T17.02.01;T17;2.0;RMG;2026-03-28 05:32:00;2026-03-28 05:41:00;2026-03-28 05:43:00;2026-03-28 06:02:00;506.0;116.0;494.0;;;28.03.2026 07:06;T16, T17;3381937c-2a5f-11f1-b228-23c48915df74;1;;
TP_15418032603_TPS_18805732603;TP_15418032603;829881;755e7de069449b425b4678e975d421bb05acbfce3f072e8a393c287e66174da5;2,03E+28;0;1;TPS_18805732603;HO2.28;HO2;28.0;VC;2026-03-28 07:38:00;2026-03-28 07:49:00;2026-03-28 07:53:00;2026-03-28 08:00:00;;226.0;;401.0;1285.0;28.03.2026 09:06;HO2, T20;cd68947a-2a70-11f1-b4f0-9b04102b6f1c;1;2007530283;
TP_15420562603_TPS_18817022603;TP_15420562603;787596;93824c1a49a168b63309b577fb016e80241b2f385ee6f405d3b0cf4abd76a0d5;2,03E+28;1;1;TPS_18817022603;T18.03.01;T18;3.0;RMG;2026-03-30 06:54:00;2026-03-30 06:59:00;2026-03-30 07:03:00;2026-03-30 07:14:00;297.0;220.0;;656.0;1173.0;30.03.2026 08:05;T18;931dae60-2bf4-11f1-ba9d-fffa0a1bb0ed;1;;
TP_15421272603_TPS_18826262603;TP_15421272603;236418;2a9da8475c97e68cef8367a1cb8b578b8d3a69f5fe474ba6ee59465879ecdbbd;2,03E+28;0;1;TPS_18826262603;HO2.34;HO2;34.0;VC;2026-03-30 07:48:00;2026-03-30 09:21:00;2026-03-30 09:41:00;2026-03-30 09:53:00;;1181.0;;726.0;7483.0;30.03.2026 10:35;HO2, T26;229eb78e-2c07-11f1-bcc2-9f21c7883239;1;2011291549;
TP_15436822603_TPS_18816182603;TP_15436822603;701978;303ce4f3423eef2b62f57a0ed954f74532db401ed2ee029df031c2c82acf903d;2,03E+28;0;1;TPS_18816182603;HO2.24;HO2;24.0;VC;2026-03-30 05:34:00;2026-03-30 06:05:00;2026-03-30 06:11:00;2026-03-30 06:19:00;;407.0;;470.0;2679.0;30.03.2026 07:06;HO2, T17;6da94208-2be9-11f1-b933-f3f93fb7cd31;1;2011016635;
TP_15437602603_TPS_18822522603;TP_15437602603;256491;c7790f9a787b3cf3b3ea49902eb5d777fda8c42a4e52162159717daec89bd615;2,03E+28;1;1;TPS_18822522603;T18.01.01;T18;1.0;RMG;2026-03-30 08:00:00;2026-03-30 08:42:00;2026-03-30 09:06:00;2026-03-30 09:17:00;2465.0;1453.0;;664.0;4582.0;30.03.2026 10:05;T18;d3c8a416-2bfd-11f1-b55b-f7691fedd639;1;;
TP_15439292603_TPS_18828282603;TP_15439292603;376787;cd00844fb7ab09c8b4308d0b366f46e89560af23a4d3884ec4df13a3b627f97e;2,03E+28;1;1;TPS_18828282603;T19.01.01;T19;1.0;RMG;2026-03-30 10:10:00;2026-03-30 10:50:00;2026-03-30 10:58:00;2026-03-30 11:03:00;2375.0;451.0;;302.0;3128.0;30.03.2026 12:05;T19;fcc22f1a-2c0f-11f1-b799-0b7333efb83a;1;;
TP_15439352603_TPS_18826232603;TP_15439352603;551447;19c2da797c17ebacc58e2775ec53358bec6e1889b8fa3895bcddadc22719f04e;2,03E+28;1;1;TPS_18826232603;HO2.23;HO2;23.0;VC;2026-03-30 10:28:00;2026-03-30 13:23:00;2026-03-30 13:38:00;2026-03-30 14:13:00;10505.0;938.0;;2099.0;13542.0;30.03.2026 15:06;HO2;6469e4e4-2c12-11f1-b6cc-7fd3566513c3,6478ba1e-2c12-11f1-b6cd-f7f3e1ec9439;2;;
TP_15440752603_20260330081934000000023857696;TP_15440752603;391223;83c2e3064d1094b8ab3a14c011c6721aafc2f6dd25749e5fd2ca8c918e9f78fc;2,03E+28;0;0;2,03E+28;LL;LL;;Leerlager;2026-03-30 07:34:00;2026-03-30 08:03:00;2026-03-30 08:19:00;2026-03-30 10:05:00;;980.0;2900.0;;;30.03.2026 11:06;LL, T27;0584f402-2bff-11f1-abd3-2709b7d875a2;1;2011155205;
TP_15440992603_TPS_18819852603;TP_15440992603;206420;356c773ed2084f388977ac0a1a00656cad0cf3ef097446d13315562ff6083755;2,03E+28;1;1;TPS_18819852603;T19.02.01;T19;2.0;RMG;2026-03-30 07:38:00;2026-03-30 07:44:00;2026-03-30 07:56:00;2026-03-30 08:07:00;318.0;749.0;;665.0;1732.0;30.03.2026 09:06;T19;c0b00d9a-2bfa-11f1-a294-3b5d854e1ed3;1;;
TP_15441932603_TPS_18818302603;TP_15441932603;427112;1d4d6e5214d5f0be9096e9d7a4833516ffab2846f240488bcebeab3ae401b1fb;2,03E+28;1;1;TPS_18818302603;T15.01.01;T15;1.0;RMG;2026-03-30 08:03:00;2026-03-30 08:40:00;2026-03-30 08:54:00;2026-03-30 09:01:00;2206.0;849.0;;413.0;3468.0;30.03.2026 10:05;T15;3e938d9c-2bfe-11f1-8dbf-0b84f4eab7a0;1;;
TP_15442102603_TPS_18818482603;TP_15442102603;315342;fd7a386a9b6262411c7eb4380d21e30ca4191838902e3b228613f611b941bcb1;2,03E+28;1;1;TPS_18818482603;T19.01.01;T19;1.0;RMG;2026-03-30 08:07:00;2026-03-30 09:00:00;2026-03-30 09:02:00;2026-03-30 09:06:00;3150.0;142.0;;243.0;3535.0;30.03.2026 10:05;T19;cdd01d2c-2bfe-11f1-8e2d-63053ffbdfb0;1;;
TP_15442522603_TPS_18822662603;TP_15442522603;285258;693deabdd5aae98a04bffdf106d99c34f354e9213e32acef4e03648767f1c070;2,03E+28;1;1;TPS_18822662603;T25.02.01;T25;2.0;RMG;2026-03-30 10:25:00;2026-03-30 11:20:00;2026-03-30 11:28:00;2026-03-30 11:39:00;3256.0;491.0;;692.0;4439.0;30.03.2026 12:35;T25;153f8f36-2c12-11f1-b618-87811e40d652,154d7826-2c12-11f1-b619-3301a17e3358;2;;
TP_15444142603_TPS_18831202603;TP_15444142603;465064;22b43a0d9a96b583f333ea7f363507e9bce372ecbde8a05a5f8ff146643a244d;2,03E+28;1;1;TPS_18831202603;T16.03.01;T16;3.0;RMG;2026-03-30 11:53:00;2026-03-30 12:07:00;2026-03-30 12:18:00;2026-03-30 16:20:00;833.0;649.0;;14486.0;15968.0;30.03.2026 17:06;T16;6044bf2c-2c1e-11f1-b5d5-1b64e66dfa75;1;;
TP_15444252603_TPS_18832732603;TP_15444252603;377762;c1b5525e9a0c027bcfc31ce994e26d7a886885e136424350f28d45e3411e4436;2,03E+28;1;1;TPS_18832732603;HO2.28;HO2;28.0;VC;2026-03-30 12:01:00;2026-03-30 14:31:00;2026-03-30 15:06:00;2026-03-30 15:11:00;8987.0;2061.0;;351.0;11399.0;30.03.2026 16:05;HO2;7e01d954-2c1f-11f1-b022-c3d319103b20;1;;
TP_15444342603_TPS_18828932603;TP_15444342603;716561;19035dddc220733f1428a0dbece6e4cde55b8c4fd7628f0912d01d9a0d0c8c6b;2,03E+28;1;1;TPS_18828932603;T13.02.01;T13;2.0;RMG;2026-03-30 12:28:00;2026-03-30 12:47:00;2026-03-30 13:38:00;2026-03-30 13:56:00;1136.0;3036.0;;1054.0;5226.0;30.03.2026 14:35;T13;443b4b5c-2c23-11f1-b9ea-1ff873421b5e;1;;
TP_15444442603_TPS_18826282603;TP_15444442603;372428;1bd2535e2f708562ee07a160fe6aef4cf480d8e68c70e8d43165297d038f547b;2,03E+28;0;1;TPS_18826282603;HO2.29;HO2;29.0;VC;2026-03-30 12:37:00;2026-03-30 13:24:00;2026-03-30 13:28:00;2026-03-30 13:54:00;;246.0;;1540.0;4644.0;30.03.2026 14:35;HO2, T26;0c41971c-2c2b-11f1-be9e-43f3f73dbe87;1;2012507230;
TP_15444702603_TPS_18826272603;TP_15444702603;619982;10ad1c7d41a7a2f51589654820ed9d382d671c99656380d1b3f229b08ed570b1;2,03E+28;0;1;TPS_18826272603;HO2.31;HO2;31.0;VC;2026-03-30 10:05:00;2026-03-30 12:47:00;2026-03-30 12:49:00;2026-03-30 13:07:00;;136.0;;1036.0;10898.0;30.03.2026 14:05;HO2, T17;;0;2012071821;
TP_15446172603_TPS_18831572603;TP_15446172603;369823;d428a76d10b743d116eb9545cf84bc39f3ac021900d8bc3b4061c78ef5a22235;2,03E+28;1;1;TPS_18831572603;T19.02.01;T19;2.0;RMG;2026-03-30 12:44:00;2026-03-30 12:58:00;2026-03-30 13:01:00;2026-03-30 14:39:00;834.0;183.0;;5853.0;6870.0;30.03.2026 15:35;T19;7fd9353c-2c25-11f1-b44a-e7ca0ac83fd3;1;;
TP_15447102603_TPS_18822722603;TP_15447102603;240885;0f4597eba3e8c6253d37a7c358ae8c637f05ea52666f69992d571f4e6a4bdfdf;2,03E+28;1;1;TPS_18822722603;T27.02.01;T27;2.0;RMG;2026-03-30 10:53:00;2026-03-30 11:17:00;2026-03-30 11:22:00;2026-03-30 11:30:00;1427.0;268.0;;504.0;2199.0;30.03.2026 12:35;T27;fe227cd8-2c15-11f1-b8af-bb9da4941a23;1;;
TP_15447412603_TPS_18833052603;TP_15447412603;844851;0fc72ff5e33f2062e4eeecfb72619a5be569562f184504927d14c927855fae34;2,03E+28;0;1;TPS_18833052603;T12.03.01;T12;3.0;RMG;2026-03-30 12:46:00;2026-03-30 13:08:00;2026-03-30 13:12:00;2026-03-30 13:20:00;;199.0;;498.0;2004.0;30.03.2026 14:05;T12, T19;c791c0e2-2c25-11f1-ba20-8b5cf785a553;1;;
TP_15447412603_TPS_18833042603;TP_15447412603;844851;0fc72ff5e33f2062e4eeecfb72619a5be569562f184504927d14c927855fae34;2,03E+28;1;0;TPS_18833042603;T19.03.01;T19;3.0;RMG;2026-03-30 12:46:00;2026-03-30 12:59:00;2026-03-30 13:04:00;2026-03-30 13:20:00;752.0;314.0;241.0;;;30.03.2026 14:05;T12, T19;c78463b6-2c25-11f1-ba1f-4fdb773c206c;1;;
TP_15448102603_TPS_18837522603;TP_15448102603;680474;b8773b9760c443a3ba4387b8d578195cdca441bc14313ec3f0146d53790054d4;2,03E+28;1;1;TPS_18837522603;T13.02.01;T13;2.0;RMG;2026-03-30 16:18:00;2026-03-30 16:34:00;2026-03-30 16:45:00;2026-03-30 16:48:00;915.0;698.0;;168.0;1781.0;30.03.2026 17:35;T13;6571823a-2c43-11f1-993c-f3c34d6bfa9b;1;;
TP_15448182603_TPS_18839142603;TP_15448182603;225211;1a0c2ce6f4eaf8adb28b9ae16a1b693754d08799ad37f5ddca42757cadedc76c;2,03E+28;1;1;TPS_18839142603;T11.01.01;T11;1.0;RMG;2026-03-30 16:31:00;2026-03-30 16:34:00;2026-03-30 17:02:00;2026-03-30 17:05:00;168.0;1659.0;;154.0;1981.0;30.03.2026 18:05;T11;3668ed6e-2c45-11f1-9d8b-17399183aac1;1;;
TP_15448382603_TPS_18833012603;TP_15448382603;971739;6846aeaa852f19596253d23255e2e61197a7cc9e3673fe48d9bddf78df7ae295;2,03E+28;0;1;TPS_18833012603;HO2.29;HO2;29.0;VC;2026-03-30 12:15:00;2026-03-30 13:14:00;2026-03-30 13:19:00;2026-03-30 13:46:00;;271.0;;1609.0;5458.0;30.03.2026 14:35;HO2, T13;5c48d838-2c21-11f1-b1b7-fb12c6737b35;1;2012422700;
TP_15450372603_TPS_18837072603;TP_15450372603;770504;b0fb2b2e7eaee6dce243fe9c6d4031a32d1e8fd2ae7decc60ee44ab2d996f16a;2,03E+28;1;1;TPS_18837072603;T17.03.01;T17;3.0;RMG;2026-03-30 15:28:00;2026-03-30 15:35:00;2026-03-30 15:44:00;2026-03-30 15:49:00;370.0;576.0;;305.0;1251.0;30.03.2026 16:35;T17;693c0ae0-2c3c-11f1-bfea-13c8f3721a06,694a0fc8-2c3c-11f1-bfeb-3f9edcd38f90;2;;
TP_15451502603_TPS_18823762603;TP_15451502603;514617;ef012414a4ea8a8353913c69c613e4562ad745b20399fa6b8982fff357d20328;2,03E+28;0;1;TPS_18823762603;HO2.35;HO2;35.0;VC;2026-03-30 15:34:00;2026-03-30 17:21:00;2026-03-30 17:48:00;2026-03-30 17:54:00;;1644.0;;324.0;8378.0;30.03.2026 18:35;HO2, T17;19840204-2c4c-11f1-b1f7-2f0d75affda5;1;2013298530;
TP_15452632603_TPS_18826292603;TP_15452632603;863981;7743d842f043a72b8e39da5efa828e7c238b1adb7e74e58dd1a753f37ad353bd;2,03E+28;0;1;TPS_18826292603;HO2.33;HO2;33.0;VC;2026-03-30 15:00:00;2026-03-30 17:06:00;2026-03-30 17:27:00;2026-03-30 17:37:00;;1254.0;;549.0;9397.0;30.03.2026 18:35;HO2, T10;0ffd76d6-2c4a-11f1-8460-6f2e86c111de;1;2013210418;
TP_15452822603_TPS_18837562603;TP_15452822603;478509;5148075430cdf05c08f2a6b2384c247424e6ea2c3e4532d8fa4e4190abb5d354;2,03E+28;1;1;TPS_18837562603;T16.03.01;T16;3.0;RMG;2026-03-30 16:21:00;2026-03-30 16:28:00;2026-03-30 16:48:00;2026-03-30 16:55:00;395.0;1244.0;;419.0;2058.0;30.03.2026 17:35;T16;c21a5674-2c43-11f1-9965-c3b65f56c8fb,c226e312-2c43-11f1-9966-3322ab81817a;2;;
TP_15453862603_TPS_18840532603;TP_15453862603;740445;216864fd1ceb91da5dcd51b751e6b6f5781f73e377e52431503e8ab1678d96ae;2,03E+28;0;1;TPS_18840532603;T07.02.01;T07;2.0;RMG;2026-03-30 17:38:00;2026-03-30 18:07:00;2026-03-30 18:11:00;2026-03-30 18:18:00;;269.0;;377.0;2350.0;30.03.2026 19:08;T07, T26;92e9f020-2c4e-11f1-a4e3-3b7cc6bff4f1;1;;
TP_15453862603_TPS_18840522603;TP_15453862603;740445;216864fd1ceb91da5dcd51b751e6b6f5781f73e377e52431503e8ab1678d96ae;2,03E+28;1;0;TPS_18840522603;T26.01.01;T26;1.0;RMG;2026-03-30 17:38:00;2026-03-30 17:45:00;2026-03-30 18:03:00;2026-03-30 18:18:00;410.0;1087.0;207.0;;;30.03.2026 19:08;T07, T26;92da16be-2c4e-11f1-a4e2-8f8e0e86f3b9;1;;
TP_15454432603_TPS_18843602603;TP_15454432603;403926;d21be46964135c3b5673c9f1dedff89612033d2b0c78fcdb6d59bb5a8273065a;2,03E+28;1;1;TPS_18843602603;T10.03.01;T10;3.0;RMG;2026-03-30 20:32:00;2026-03-30 20:35:00;2026-03-30 20:40:00;2026-03-30 20:43:00;171.0;304.0;;149.0;624.0;30.03.2026 21:09;T10;e101574a-2c66-11f1-b949-7fd0f10b6bcd;1;;
TP_15456032603_TPS_18840762603;TP_15456032603;643660;225cf138131d613454087740ac07d9188cf5ea9659485ca7203c0f04eeba6c55;2,03E+28;1;1;TPS_18840762603;T15.01.01;T15;1.0;RMG;2026-03-30 17:48:00;2026-03-30 17:55:00;2026-03-30 17:57:00;2026-03-30 18:01:00;362.0;162.0;;198.0;722.0;30.03.2026 19:08;T15;f803f9be-2c4f-11f1-a765-db4443cc7377;1;;
TP_15457112603_TPS_18847832603;TP_15457112603;220070;f83c3a7928a25c45524843fc34e585e1eea93a817793478f5d17a5ca75804825;2,03E+28;1;1;TPS_18847832603;T14.04.01;T14;4.0;RMG;2026-03-31 07:43:00;2026-03-31 07:48:00;2026-03-31 07:54:00;2026-03-31 08:09:00;280.0;375.0;;848.0;1503.0;31.03.2026 09:06;T14;9dc83706-2cc4-11f1-be43-8f131ed24b54;1;;
TP_15457232603_TPS_18854622603;TP_15457232603;330786;78773069f6da48726e097e9722f9ec540d93bdaa5e2a7c12e293a59d4ba5661e;2,03E+28;1;1;TPS_18854622603;T17.02.01;T17;2.0;RMG;2026-03-31 09:55:00;2026-03-31 10:01:00;2026-03-31 10:07:00;2026-03-31 10:12:00;318.0;394.0;;300.0;1012.0;31.03.2026 11:06;T17;0eadc47e-2cd7-11f1-b60d-c773b6d8e697,0ec03e38-2cd7-11f1-b60e-e3a5db16aa96;2;;
TP_15457282603_TPS_18853672603;TP_15457282603;841017;40bbdce9a50095086e7dfba95560c9af24a6191bdd6ceb5d12d18520fe5eb476;2,03E+28;1;1;TPS_18853672603;T24.02.01;T24;2.0;RMG;2026-03-31 10:32:00;2026-03-31 10:37:00;2026-03-31 10:51:00;2026-03-31 11:12:00;267.0;819.0;;1310.0;2396.0;31.03.2026 12:05;T24;398bd55a-2cdc-11f1-9550-8b6d9d998727;1;;
TP_15459082603_TPS_18838852603;TP_15459082603;566217;56918f9fd5195f5780f146fee9e193262f2af326248f0ed5df72cc48e02903b9;2,03E+28;0;1;TPS_18838852603;HO2.31;HO2;31.0;VC;2026-03-30 21:22:00;2026-03-30 23:10:00;2026-03-30 23:28:00;2026-03-30 23:44:00;;1077.0;;991.0;8534.0;31.03.2026 00:35;HO2, T14, T26;cd7b8d88-2c6d-11f1-b090-8b48b751cdf0;1;2014070606;
TP_15459252603_TPS_18844182603;TP_15459252603;825294;e4d8cbd13e41134c2e76b476f7e6733c4890f65e1d5c776d8ed7d0b6a9aa6c28;2,03E+28;0;1;TPS_18844182603;HO2.29;HO2;29.0;VC;2026-03-30 21:35:00;2026-03-30 22:08:00;2026-03-30 22:12:00;2026-03-30 22:28:00;;262.0;;918.0;3175.0;30.03.2026 23:35;HO2, T11;90aa0130-2c6f-11f1-b18b-7fb7fdf42117;1;2014090388;
TP_15460402603_TPS_18846882603;TP_15460402603;831087;eb29c5e38a4a499f5aeb5080bd31c9630e0c52926ccde1f4b5fdeb5b8dc4d519;2,03E+28;0;1;TPS_18846882603;HO2.23;HO2;23.0;VC;2026-03-31 02:45:00;2026-03-31 03:09:00;2026-03-31 03:26:00;2026-03-31 03:39:00;;991.0;;771.0;3205.0;31.03.2026 04:35;HO2, T14;f619f9a0-2c9a-11f1-b430-7b6f1fb88394;1;2014645289;
TP_15460752603_TPS_18848852603;TP_15460752603;911027;cf1ab1c37d4ad14d8a07bc40b13ddd4c3b78608f5873821cddd52ec431e2f718;2,03E+28;1;1;TPS_18848852603;T09.03.01;T09;3.0;RMG;2026-03-31 06:30:00;2026-03-31 06:38:00;2026-03-31 06:48:00;2026-03-31 06:54:00;474.0;569.0;;338.0;1381.0;31.03.2026 08:05;T09;6b1b41fe-2cba-11f1-a8ba-73092099e4ae;1;;
TP_15461142603_TPS_18826302603;TP_15461142603;D546113;;2,03E+28;1;1;TPS_18826302603;T27.02.01;T27;2.0;RMG;2026-03-30 23:04:00;2026-03-30 23:04:00;2026-03-30 23:07:00;2026-03-30 23:07:00;0.0;207.0;;0.0;207.0;31.03.2026 00:05;T27;fe14f9da-2c7b-11f1-85dc-7fb00eff3571;1;;
TP_15462522603_TPS_18823782603;TP_15462522603;750741;0a6dc255f729510b8f49d1012815696bde9510154b3bc576354ab8ca09d2eaa5;2,03E+28;0;1;TPS_18823782603;HO2.25;HO2;25.0;VC;2026-03-31 01:20:00;2026-03-31 01:41:00;2026-03-31 01:55:00;2026-03-31 02:10:00;;805.0;;931.0;3036.0;31.03.2026 03:06;HO2, T13;03d1ac9a-2c92-11f1-b4a5-9f04f133a9ef;1;2014472993;
TP_15463012603_TPS_18848072603;TP_15463012603;526174;7839c801a36b3bc1d4277770a33d671df92284a0ef8bb7f5a474ce63329d4bbd;2,03E+28;1;1;TPS_18848072603;T13.04.01;T13;4.0;RMG;2026-03-31 05:25:00;2026-03-31 05:42:00;2026-03-31 05:59:00;2026-03-31 06:24:00;982.0;1043.0;;1467.0;3492.0;31.03.2026 07:35;T13;56b39918-2cb1-11f1-bea1-0fb159100b91,56c1e1b2-2cb1-11f1-bea2-036321bd8b48,56cf3baa-2cb1-11f1-bea3-ebe919cdd859;3;;
TP_15464552603_TPS_18852402603;TP_15464552603;356540;23029fe019b0a79657cd710f0770e593bbc779d2d1e5058fc318eed8b8408509;2,03E+28;1;1;TPS_18852402603;T12.03.01;T12;3.0;RMG;2026-03-31 08:58:00;2026-03-31 09:06:00;2026-03-31 09:07:00;2026-03-31 09:11:00;422.0;94.0;;234.0;750.0;31.03.2026 10:05;T12;1887af30-2ccf-11f1-9840-370d6575978e;1;;
TP_15465162603_TPS_18826322603;TP_15465162603;679339;223099a98cd20a31b7b646b32cb789a76f6b028dea4e250f4aa968a43b72cb10;2,03E+28;0;1;TPS_18826322603;HO2.25;HO2;25.0;VC;2026-03-31 07:15:00;2026-03-31 07:38:00;2026-03-31 07:40:00;2026-03-31 08:28:00;;125.0;;2879.0;4370.0;31.03.2026 09:35;HO2, T18;1a42fc06-2cc2-11f1-8c25-d3bf088bf561;1;2014968508;
TP_15465242603_TPS_18850852603;TP_15465242603;767778;a4de2a170d45de8848fb64aa03bd8927afb5000a8d70e20b5ff69f07b85091c2;2,03E+28;1;1;TPS_18850852603;T11.02.01;T11;2.0;RMG;2026-03-31 07:23:00;2026-03-31 07:25:00;2026-03-31 07:37:00;2026-03-31 07:41:00;120.0;680.0;;240.0;1040.0;31.03.2026 08:35;T11;d261a7e8-2cc1-11f1-9e84-87c86ce23997;1;;
TP_15465802603_TPS_18853942603;TP_15465802603;455943;957c9918ee21a4eab5ed5b3a6e625b20bec3c4cb6efff47618f8a78d91ff6282;2,03E+28;0;1;TPS_18853942603;HO2.23;HO2;23.0;VC;2026-03-31 10:40:00;2026-03-31 12:10:00;2026-03-31 12:14:00;2026-03-31 12:22:00;;235.0;;461.0;6108.0;31.03.2026 13:06;HO2, LL, T09;4777ec34-2cdd-11f1-9697-972f1c6442db;1;2015606642;
TP_15466702603_TPS_18849942603;TP_15466702603;454203;84d9f69f5e9491584f5eeafa5fb79f96a601200c60949ab361c0639fd3438698;2,03E+28;0;1;TPS_18849942603;HO2.21;HO2;21.0;VC;2026-03-31 10:18:00;2026-03-31 11:21:00;2026-03-31 11:24:00;2026-03-31 11:31:00;;184.0;;461.0;4418.0;31.03.2026 12:35;HO2, T13;2636829a-2cda-11f1-a7f0-9fff885c4346;1;2015544465;
TP_15467222603_20260331124410000000023904144;TP_15467222603;643839;197db7facd28622b61c658a220cd6e3596f576154a89a294e76203dccbc8d418;2,03E+28;1;1;2,03E+28;LL;LL;;Leerlager;2026-03-31 12:35:00;2026-03-31 12:39:00;2026-03-31 12:44:00;2026-03-31 12:47:00;217.0;273.0;;196.0;686.0;31.03.2026 13:35;LL;07fe70a2-2cee-11f1-abd3-2709b7d875a2;1;;
TP_15468322603_TPS_18823792603;TP_15468322603;720519;2552eece9f713857f0d8be04b954cef96b5334a7a399a3a40b8e2a58983b2a0f;2,03E+28;0;1;TPS_18823792603;HO2.35;HO2;35.0;VC;2026-03-31 12:01:00;2026-03-31 13:07:00;2026-03-31 13:13:00;2026-03-31 13:22:00;;330.0;;544.0;4817.0;31.03.2026 14:05;HO2, T12, T26;cb25279a-2cf1-11f1-b949-b3304935330b;1;2015907102;
TP_15468482603_TPS_18856792603;TP_15468482603;362827;a9d86d7e74da04c912957937166af69a91c741a8c8e857ffbda79eb4dc0d8e23;2,03E+28;0;0;TPS_18856792603;HO2.32;HO2;32.0;VC;2026-03-31 12:15:00;2026-03-31 12:52:00;2026-03-31 12:59:00;2026-03-31 13:16:00;;389.0;282.0;;;31.03.2026 14:05;HO2, T06, T16;9c458476-2cea-11f1-a9e8-1750086c1905;1;2015939829;
TP_15470352603_TPS_18852552603;TP_15470352603;947784;d3976ca5990ce6d1345e2103b393acd48a1637299f8243974d2ab4d7849b10d1;2,03E+28;1;1;TPS_18852552603;T16.02.01;T16;2.0;RMG;2026-03-31 12:31:00;2026-03-31 12:35:00;2026-03-31 12:55:00;2026-03-31 13:13:00;228.0;1196.0;;1054.0;2478.0;31.03.2026 14:05;T16;d9412e64-2cec-11f1-b430-87c55f23713b;1;;
TP_15471062603_TPS_18864982603;TP_15471062603;866354;f8c6cc70273729f79b09083dd2e6e40de1eb9a5b9beaeaec80c242104e2b3241;2,03E+28;1;1;TPS_18864982603;T17.03.01;T17;3.0;RMG;2026-03-31 18:23:00;2026-03-31 18:32:00;2026-03-31 18:37:00;2026-03-31 18:50:00;505.0;288.0;;822.0;1615.0;31.03.2026 19:08;T17;05a09e0a-2d1e-11f1-b3b7-633819a23c77;1;;
TP_15473552603_TPS_18859222603;TP_15473552603;866312;4861a7b177c61c4baf48c5e4fae39ba6e4670f3e6e908378be6668cc5986e91a;2,03E+28;1;1;TPS_18859222603;T12.01.01;T12;1.0;RMG;2026-03-31 15:59:00;2026-03-31 16:08:00;2026-03-31 16:21:00;2026-03-31 16:57:00;481.0;802.0;;2149.0;3432.0;31.03.2026 18:05;T12;e8d10562-2d09-11f1-a2fd-1f7fac3da66e;1;;
TP_15473632603_TPS_18863082603;TP_15473632603;476656;09d7f93ba8408b181516c368164a24a5183b6527ad54b9e030e51aa36ac6130e;2,03E+28;1;1;TPS_18863082603;T19.03.01;T19;3.0;RMG;2026-03-31 16:38:00;2026-03-31 16:42:00;2026-03-31 16:50:00;2026-03-31 16:57:00;241.0;477.0;;366.0;1084.0;31.03.2026 18:05;T19;59bdd606-2d0f-11f1-ae41-bf9137d8bab6;1;;
TP_15473732603_TPS_18823802603;TP_15473732603;225211;1a0c2ce6f4eaf8adb28b9ae16a1b693754d08799ad37f5ddca42757cadedc76c;2,03E+28;0;1;TPS_18823802603;HO2.28;HO2;28.0;VC;2026-03-31 16:59:00;2026-03-31 17:35:00;2026-03-31 17:43:00;2026-03-31 17:49:00;;499.0;;381.0;3012.0;31.03.2026 18:35;HO2, T11;2a56f6e2-2d17-11f1-baaa-a7b4c4afcd60;1;2016811675;
TP_15473802603_TPS_18864842603;TP_15473802603;673117;7fdd5917bdecd17bc2a880a2c5312d3c56b3c33f19e1a88bb3dcd77bdecccc26;2,03E+28;1;1;TPS_18864842603;T10.02.01;T10;2.0;RMG;2026-03-31 18:05:00;2026-03-31 18:18:00;2026-03-31 18:20:00;2026-03-31 18:25:00;764.0;115.0;;308.0;1187.0;31.03.2026 19:08;T10;824d771e-2d1b-11f1-b28d-8f932a8cdd49;1;;
TP_15474102603_TPS_18858802603;TP_15474102603;436462;46fe0a298e813eb7370cf909f6940142bfd82693b1101b3d9207ab5cd06bac51;2,03E+28;0;1;TPS_18858802603;T15.03.01;T15;3.0;RMG;2026-03-31 15:42:00;2026-03-31 16:00:00;2026-03-31 16:07:00;2026-03-31 16:15:00;;414.0;;479.0;1938.0;31.03.2026 17:06;LL, T15;8826cf82-2d07-11f1-a1b4-1794fc03828a;1;;
TP_15474102603_20260331155556000000023904319;TP_15474102603;436462;46fe0a298e813eb7370cf909f6940142bfd82693b1101b3d9207ab5cd06bac51;2,03E+28;1;0;2,03E+28;LL;LL;;Leerlager;2026-03-31 15:42:00;2026-03-31 15:51:00;2026-03-31 15:55:00;2026-03-31 16:15:00;498.0;280.0;267.0;;;31.03.2026 17:06;LL, T15;cb211fd6-2d08-11f1-abd3-2709b7d875a2;1;;
TP_15474292603_TPS_18859122603;TP_15474292603;330855;e6189a552f242a4280657464c26ea705574f223931134420cbf0e1581728b1ad;2,03E+28;1;1;TPS_18859122603;T24.03.01;T24;3.0;RMG;2026-03-31 15:53:00;2026-03-31 16:00:00;2026-03-31 16:32:00;2026-03-31 16:38:00;372.0;1940.0;;356.0;2668.0;31.03.2026 17:35;T24;1159aea4-2d09-11f1-a274-ff2433a0c5a3;1;;
TP_15474372603_TPS_18859442603;TP_15474372603;655642;e12e96d4967f88292d2bc518d086c4e6c3cf4409c7b4c08c894aead2cf0cf066;2,03E+28;1;1;TPS_18859442603;HO2.25;HO2;25.0;VC;2026-03-31 16:15:00;2026-03-31 16:31:00;2026-03-31 16:33:00;2026-03-31 16:40:00;945.0;91.0;;458.0;1494.0;31.03.2026 17:35;HO2;24c70592-2d0c-11f1-a56d-7b7aef59f420;1;;
TP_15474682603_TPS_18826382603;TP_15474682603;803141;5b1fc49a7f0dcb12fdf1c6b2fe9a063ba55c54c0df7d2ac8f937236f275be594;2,03E+28;0;1;TPS_18826382603;HO2.30;HO2;30.0;VC;2026-03-31 17:44:00;2026-03-31 18:41:00;2026-03-31 18:48:00;2026-03-31 19:02:00;;393.0;;876.0;4707.0;31.03.2026 20:05;HO2, T25;7707b43c-2d20-11f1-92cc-2fc4d0ba11f8;1;2016964756;
TP_15475422603_TPS_18863632603;TP_15475422603;568553;6b8f5d44dcdd3a6c2ffb1a17785bd37abf9443a15bfbb59393ab1c1d6e1e64ec;2,03E+28;1;1;TPS_18863632603;HO2.27;HO2;27.0;VC;2026-03-31 16:46:00;2026-03-31 17:23:00;2026-03-31 17:42:00;2026-03-31 17:48:00;2183.0;1125.0;;400.0;3708.0;31.03.2026 18:35;HO2;7921b57a-2d10-11f1-bd40-277e51e35f3f;1;;
TP_15475552603_TPS_18823812603;TP_15475552603;474983;f02a318667cb8826f714297c1ae55b831e1b6405eb605c3ea54cb23cd19b6f77;2,03E+28;0;1;TPS_18823812603;HO2.29;HO2;29.0;VC;2026-03-31 16:50:00;2026-03-31 17:48:00;2026-03-31 17:53:00;2026-03-31 18:04:00;;333.0;;630.0;4408.0;31.03.2026 19:08;HO2, T18;05004644-2d19-11f1-bab8-43a54df67786;1;2016786632;
TP_15476702603_TPS_18823822603;TP_15476702603;295952;cdca9613ceec1fd378d68cf67a37dcf76c7eefae95010c2ef425f3e759fa437b;2,03E+28;0;1;TPS_18823822603;HO2.26;HO2;26.0;VC;2026-03-31 18:47:00;2026-03-31 19:34:00;2026-03-31 19:40:00;2026-03-31 20:21:00;;339.0;;2442.0;5627.0;31.03.2026 21:09;HO2, T18;e1574c24-2d27-11f1-bb06-c3d5cd2e6651;1;2017103676;
TP_15477882603_TPS_18865972603;TP_15477882603;534998;d3d384aec99b2b417d9e4fe497619914fbe35e97df25510a3b1445874af5a71e;2,03E+28;1;1;TPS_18865972603;HO2.25;HO2;25.0;VC;2026-03-31 18:34:00;2026-03-31 19:09:00;2026-03-31 19:10:00;2026-03-31 19:23:00;2090.0;64.0;;747.0;2901.0;31.03.2026 20:05;HO2;8f61d306-2d1f-11f1-bf67-bb671c4d5ce2;1;;
TP_15478692603_TPS_18860752603;TP_15478692603;890604;cb02866aef490443d464d73d537f48d675d4f2758c8f0dc0e702cb6fe9583928;2,03E+28;0;1;TPS_18860752603;HO2.34;HO2;34.0;VC;2026-03-31 22:39:00;2026-03-31 23:05:00;2026-03-31 23:26:00;2026-03-31 23:35:00;;1231.0;;564.0;3409.0;01.04.2026 00:35;HO2, T15, T26;a7a305a8-2d41-11f1-b453-b7ad14340547;1;2017581407;
TP_15478702603_TPS_18860772603;TP_15478702603;258042;bcb79e144b61f4c3fa977232107c3530847ae94140bd3dd9f9d53e0d51d8b669;2,03E+28;0;1;TPS_18860772603;HO2.35;HO2;35.0;VC;2026-03-31 22:40:00;2026-03-31 23:07:00;2026-03-31 23:29:00;2026-03-31 23:38:00;;1305.0;;538.0;3456.0;01.04.2026 00:35;HO2, T09;e5d04ff2-2d41-11f1-b46b-8f6fd7a91a2d;1;2017582421;
TP_15478852604_TPS_18869742604;TP_15478852604;755159;9b1edd0fe6546caeb6494796b95815887d6ee237d476743321e4da240dee83b6;2,03E+28;1;1;TPS_18869742604;T15.03.01;T15;3.0;RMG;2026-04-01 00:31:00;2026-04-01 00:36:00;2026-04-01 00:40:00;2026-04-01 00:54:00;260.0;237.0;;853.0;1350.0;01.04.2026 01:07;T15;6ec12b10-2d51-11f1-ba58-63ef2abd44a8;1;;
TP_15479712604_TPS_18874202604;TP_15479712604;540237;b1154bdaf49bc81ab4990a1d28b931e153ae4ce9700b1f555f6aebc4c9d1bdd9;2,03E+28;1;1;TPS_18874202604;HO2.28;HO2;28.0;VC;2026-04-01 07:42:00;2026-04-01 08:37:00;2026-04-01 08:46:00;2026-04-01 08:53:00;3280.0;533.0;;417.0;4230.0;01.04.2026 09:35;HO2;a4cbed26-2d8d-11f1-bed9-63d64a4bcf44,a4dda0ac-2d8d-11f1-beda-ef449c6928a0;2;;
TP_15479762604_TPS_18823862604;TP_15479762604;876433;59a168e966c023c99b449dfc996188d8f011f4cf0f9aae33a981a46f03c70557;2,03E+28;0;1;TPS_18823862604;HO2.31;HO2;31.0;VC;2026-04-01 07:54:00;2026-04-01 09:30:00;2026-04-01 09:33:00;2026-04-01 09:42:00;;190.0;;571.0;6498.0;01.04.2026 10:35;HO2, T06, T10;9364a104-2d9c-11f1-b92c-93e31d452da7;1;2018324370;
TP_15480222604_TPS_18874682604;TP_15480222604;940751;11b7c4d8555ba3977df0c4a3a8887b6f929fced654cdbabd4365486ca16b6340;2,03E+28;1;1;TPS_18874682604;T16.01.01;T16;1.0;RMG;2026-04-01 08:36:00;2026-04-01 08:44:00;2026-04-01 08:48:00;2026-04-01 08:54:00;428.0;271.0;;366.0;1065.0;01.04.2026 09:35;T16;2d9c810e-2d95-11f1-b1e1-079de17af9d0;1;;
TP_15480562604_TPS_18872342604;TP_15480562604;881628;551ee3a7bb1b055d53cd42d686c65552e523adbcdd8b13296ce30a22c810e10b;2,03E+28;1;1;TPS_18872342604;T16.01.01;T16;1.0;RMG;2026-04-01 00:35:00;2026-04-01 00:42:00;2026-04-01 00:53:00;2026-04-01 01:01:00;376.0;689.0;;490.0;1555.0;01.04.2026 02:05;T16;fd9d18da-2d51-11f1-bad2-dbc12fc44f9a;1;;
TP_15480842604_TPS_18868242604;TP_15480842604;226903;a354193d425b21c8b3cc54058ef8a6feb798ad16665c281b711183390a8a13b4;2,03E+28;1;1;TPS_18868242604;T27.02.01;T27;2.0;RMG;2026-04-01 02:41:00;2026-04-01 02:50:00;2026-04-01 02:56:00;2026-04-01 03:15:00;538.0;318.0;;1135.0;1991.0;01.04.2026 04:05;T27;97987662-2d63-11f1-8d48-e76ff2b4feba;1;;
TP_15482522604_20260401050422000000023930494;TP_15482522604;571091;13c78a4eedf0a86d6b092f5457effda6d1721ae127bf32808ae4649b948ca4e8;2,03E+28;1;0;2,03E+28;LL;LL;;Leerlager;2026-04-01 04:58:00;2026-04-01 05:00:00;2026-04-01 05:04:00;2026-04-01 05:51:00;143.0;204.0;324.0;;;01.04.2026 06:35;LL, T25;038b1332-2d77-11f1-abd3-2709b7d875a2;1;2018094581;
TP_15482732604_TPS_18823832604;TP_15482732604;460372;abedca38fbafd8acf5f2199e438fd9e8c876ad2c96f7851a60fd33587dca09c8;2,03E+28;0;1;TPS_18823832604;HO2.28;HO2;28.0;VC;2026-04-01 06:03:00;2026-04-01 06:24:00;2026-04-01 06:29:00;2026-04-01 07:22:00;;292.0;;3193.0;4706.0;01.04.2026 08:05;HO2, T18;b5f139b4-2d81-11f1-b71a-77433db45024;1;2018184514;
TP_15483082604_TPS_18868192604;TP_15483082604;659876;d2373879479377db00a89dc9f7548d4d425c8ee1fd4e88d4558fdf53a927a145;2,03E+28;0;1;TPS_18868192604;HO2.27;HO2;27.0;VC;2026-04-01 02:39:00;2026-04-01 03:05:00;2026-04-01 03:14:00;2026-04-01 03:20:00;;541.0;;372.0;2505.0;01.04.2026 04:05;HO2, T12;3291dc86-2d63-11f1-8d06-4f230fa329b8;1;2017938043;
TP_15483382604_TPS_18871972604;TP_15483382604;949728;51be76533c430b34877a3d91323f6c7bd411863c52df69a07c18df6633b5fa0a;2,03E+28;1;1;TPS_18871972604;HO2.25;HO2;25.0;VC;2026-04-01 06:16:00;2026-04-01 06:24:00;2026-04-01 06:28:00;2026-04-01 06:37:00;471.0;244.0;;516.0;1231.0;01.04.2026 07:35;HO2;a1ae5748-2d81-11f1-ab97-5384069acf3f;1;;
TP_15483432604_TPS_18823852604;TP_15483432604;241477;06a2f9f97784ce70a7d9c27919f3518d04a6527ab888138c3406b008e4726523;2,03E+28;0;1;TPS_18823852604;HO2.22;HO2;22.0;VC;2026-04-01 06:30:00;2026-04-01 07:21:00;2026-04-01 07:34:00;2026-04-01 11:05:00;;765.0;;12673.0;16488.0;01.04.2026 12:05;HO2, T09;;0;2018214387;
TP_15483922604_TPS_18875432604;TP_15483922604;920032;dbd896b4022e2b35aa8a4187cf775a028194f549e9a163079fcf6ee4677a2449;2,03E+28;1;1;TPS_18875432604;T15.03.01;T15;3.0;RMG;2026-04-01 07:05:00;2026-04-01 07:11:00;2026-04-01 07:30:00;2026-04-01 07:38:00;390.0;1119.0;;499.0;2008.0;01.04.2026 08:35;T15;5e953fa6-2d88-11f1-ae00-93c2436b5392;1;;
TP_15483952604_TPS_18875472604;TP_15483952604;850479;d81a51a34cd11b98d07afd5f49ccdf0efd75477a577234ff6a010ba9981e2007;2,03E+28;1;1;TPS_18875472604;T26.03.01;T26;3.0;RMG;2026-04-01 07:06:00;2026-04-01 07:28:00;2026-04-01 07:31:00;2026-04-01 07:44:00;1287.0;199.0;;743.0;2229.0;01.04.2026 08:35;T26;9ced0a68-2d88-11f1-ae11-971a42fc8501;1;;
TP_15484582604_TPS_18875822604;TP_15484582604;544381;22ad7d9e07ffac609ffcc18f2e2c10f8016d1bdcef28821818034d15375532e9;2,03E+28;0;0;TPS_18875822604;HO2.34;HO2;34.0;VC;2026-04-01 07:24:00;2026-04-01 08:18:00;2026-04-01 08:26:00;2026-04-01 08:39:00;;484.0;280.0;;;01.04.2026 09:35;HO2, T07, T09;07296cda-2d8b-11f1-b031-330368cf2a1f;1;2018300669;
TP_15484912604_TPS_18873382604;TP_15484912604;581203;8f359cbc55cfb3d3590a8f0823e9ddcfc3bd58c353aef7a230790807ec0d8230;2,03E+28;1;1;TPS_18873382604;T06.03.01;T06;3.0;RMG;2026-04-01 08:48:00;2026-04-01 08:54:00;2026-04-01 08:59:00;2026-04-01 09:06:00;305.0;336.0;;414.0;1055.0;01.04.2026 10:05;T06;dccd7ea2-2d96-11f1-9b39-6f5182638b6e;1;;
TP_15485192604_TPS_18878182604;TP_15485192604;823386;543b6e1d1d6897c6d72e1e0ad69f2b86c91b3427d3da42d20b3f0651ff87972e;2,03E+28;0;0;TPS_18878182604;HO2.26;HO2;26.0;VC;2026-04-01 10:34:00;2026-04-01 11:18:00;2026-04-01 11:22:00;2026-04-01 11:46:00;;250.0;475.0;;;01.04.2026 12:35;HO2, LL, T08, T26;94ec7a48-2da5-11f1-8af1-83d5d39e7ba8;1;2018908543;
TP_15485622604_TPS_18875352604;TP_15485622604;941020;96a0d461cb654996f1437d20c537dac76f33413ade425b43d9ae0f23e37c2f87;2,03E+28;1;1;TPS_18875352604;HO2.26;HO2;26.0;VC;2026-04-01 06:56:00;2026-04-01 07:40:00;2026-04-01 07:44:00;2026-04-01 08:09:00;2629.0;242.0;;1508.0;4379.0;01.04.2026 09:06;HO2;37f24bba-2d87-11f1-add9-cbfb84784198;1;;
TP_15486002604_TPS_18877882604;TP_15486002604;502741;14c809335a322c418fe337ed9d468bc26f250246789212d5825a26c978e51be3;2,03E+28;0;1;TPS_18877882604;HO2.22;HO2;22.0;VC;2026-04-01 10:18:00;2026-04-01 12:35:00;2026-04-01 12:37:00;2026-04-01 12:43:00;;151.0;;375.0;8740.0;01.04.2026 13:35;HO2, T11, T13;572a7e46-2da3-11f1-86c8-b7b0b20332a0;1;2018796576;
TP_15486202604_TPS_18882772604;TP_15486202604;844851;0fc72ff5e33f2062e4eeecfb72619a5be569562f184504927d14c927855fae34;2,03E+28;1;1;TPS_18882772604;T13.03.01;T13;3.0;RMG;2026-04-01 12:21:00;2026-04-01 13:22:00;2026-04-01 13:25:00;2026-04-01 13:29:00;3615.0;166.0;;282.0;4063.0;01.04.2026 14:35;T13;9e5776e6-2db4-11f1-ad90-e3d73905e7d5;1;;
TP_15486532604_TPS_18883842604;TP_15486532604;991422;8db93fc7a3da1738c959812b479f531c2247ed3907f15e8f9a48df4f4e6027f3;2,03E+28;1;1;TPS_18883842604;HO2.23;HO2;23.0;VC;2026-04-01 14:23:00;2026-04-01 15:30:00;2026-04-01 15:31:00;2026-04-01 15:36:00;3967.0;102.0;;309.0;4378.0;01.04.2026 16:35;HO2;a95b342c-2dc5-11f1-a606-4b5b9fa2495b;1;;
TP_15487072604_TPS_18876332604;TP_15487072604;807703;ce30af6e75b81fa33c9dd9f9b7cc78a063f3aa648bd19df842ab1da59f84918a;2,03E+28;1;1;TPS_18876332604;T08.03.01;T08;3.0;RMG;2026-04-01 10:23:00;2026-04-01 10:28:00;2026-04-01 10:30:00;2026-04-01 10:35:00;265.0;123.0;;280.0;668.0;01.04.2026 11:35;T08;226f8c40-2da4-11f1-bd8f-3be62200a40e;1;;
TP_15487342604_TPS_18826462604;TP_15487342604;922837;c4daa10515dee6463cc38c2f8ebed19d46ab860ed9f642a127b31037ae76766a;2,03E+28;0;1;TPS_18826462604;HO2.22;HO2;22.0;VC;2026-04-01 12:00:00;2026-04-01 14:30:00;2026-04-01 14:49:00;2026-04-01 14:59:00;;1098.0;;611.0;10733.0;01.04.2026 16:05;HO2, LL, T13;9a011a7c-2dc6-11f1-98d6-33c388bd2446;1;2019355491;
TP_15487462604_TPS_18879132604;TP_15487462604;804523;c700c9147b15616164f2e897872cfefb3a6503fc05041b40e685e3200fdd7429;2,03E+28;1;1;TPS_18879132604;T25.03.01;T25;3.0;RMG;2026-04-01 12:33:00;2026-04-01 12:44:00;2026-04-01 12:51:00;2026-04-01 12:58:00;622.0;435.0;;437.0;1494.0;01.04.2026 14:05;T25;4c04d260-2db6-11f1-bfe4-3331716995b4;1;;
TP_15487702604_TPS_18881852604;TP_15487702604;366481;e9a6b0d17ed78f150ae2cfec1e1022ac8c0d1277c5909002cf9193e00c4e7c34;2,03E+28;0;1;TPS_18881852604;T17.01.01;T17;1.0;RMG;2026-04-01 13:16:00;2026-04-01 13:38:00;2026-04-01 13:46:00;2026-04-01 13:56:00;;489.0;;622.0;2400.0;01.04.2026 15:06;LL, T17;4d6121c6-2dbc-11f1-95c0-cbfad0af8ddd;1;;
TP_15487702604_20260401132743000000023944028;TP_15487702604;366481;e9a6b0d17ed78f150ae2cfec1e1022ac8c0d1277c5909002cf9193e00c4e7c34;2,03E+28;1;0;2,03E+28;LL;LL;;Leerlager;2026-04-01 13:16:00;2026-04-01 13:23:00;2026-04-01 13:27:00;2026-04-01 13:56:00;373.0;271.0;645.0;;;01.04.2026 15:06;LL, T17;39f23720-2dbd-11f1-abd3-2709b7d875a2;1;;
TP_15489582604_TPS_18880282604;TP_15489582604;358905;b90027778099353f6a4e35e357cecb451cee063a6dae9c06e2b363037488755f;2,03E+28;0;1;TPS_18880282604;T16.04.01;T16;4.0;RMG;2026-04-01 09:34:00;2026-04-01 09:53:00;2026-04-01 10:01:00;2026-04-01 10:06:00;;468.0;;342.0;1918.0;01.04.2026 11:06;LL, T16;49a7ae16-2d9d-11f1-a36c-c31a93f98cf0;1;;
TP_15489582604_20260401094937000000023937300;TP_15489582604;358905;b90027778099353f6a4e35e357cecb451cee063a6dae9c06e2b363037488755f;2,03E+28;1;0;2,03E+28;LL;LL;;Leerlager;2026-04-01 09:34:00;2026-04-01 09:39:00;2026-04-01 09:49:00;2026-04-01 10:06:00;296.0;583.0;229.0;;;01.04.2026 11:06;LL, T16;7ab0688e-2d9e-11f1-abd3-2709b7d875a2;1;;
TP_15489892604_TPS_18826432604;TP_15489892604;920861;f3165c91c1f0b176d6eb380c4f5b41d8919999ff714d9fbe0d49f54c6c87f97d;2,03E+28;0;1;TPS_18826432604;HO2.34;HO2;34.0;VC;2026-04-01 10:43:00;2026-04-01 11:07:00;2026-04-01 11:13:00;2026-04-01 11:22:00;;325.0;;554.0;2350.0;01.04.2026 12:35;HO2, T07;34a2587e-2daa-11f1-978b-dbb6c7c0ac42;1;2018918352;
TP_15490112604_TPS_18881432604;TP_15490112604;628818;bcebcf4e5f48311bea2e59ff75880613775f22eaf61f5a2cd0b479cc852b977d;2,03E+28;1;1;TPS_18881432604;T09.02.01;T09;2.0;RMG;2026-04-01 11:30:00;2026-04-01 11:39:00;2026-04-01 12:05:00;2026-04-01 12:11:00;508.0;1538.0;;386.0;2432.0;01.04.2026 13:06;T09;7e7e3316-2dad-11f1-b5ae-8328df5367d5;1;;
TP_15490702604_20260401111528000000023937418;TP_15490702604;454448;002d94a140c296563acc1b7eb9f7006d942b79b1662aef1820078973e69d4b43;2,03E+28;1;1;2,03E+28;LL;LL;;Leerlager;2026-04-01 11:05:00;2026-04-01 11:11:00;2026-04-01 11:15:00;2026-04-01 11:18:00;316.0;253.0;;189.0;758.0;01.04.2026 12:05;LL;c72818b3-2daa-11f1-abd3-2709b7d875a2;1;;
TP_15490932604_TPS_18881532604;TP_15490932604;658879;590423110c45c14f4c1b1d4832a27291ab5b188f58b2b5bd5eb3c0fedecb1623;2,03E+28;1;1;TPS_18881532604;HO2.31;HO2;31.0;VC;2026-04-01 11:42:00;2026-04-01 12:09:00;2026-04-01 12:11:00;2026-04-01 12:17:00;1586.0;109.0;;352.0;2047.0;01.04.2026 13:06;HO2;2bebb6ee-2daf-11f1-bb23-b778fcea94af;1;;
TP_15491632604_TPS_18882162604;TP_15491632604;431839;a5d1712b7ff85a5d2ca6221cc6a76e75d6ec6fadf48afd5dc60ee5eb7e4c6afd;2,03E+28;0;0;TPS_18882162604;HO2.34;HO2;34.0;VC;2026-04-01 13:55:00;2026-04-01 15:38:00;2026-04-01 15:42:00;2026-04-01 16:44:00;;271.0;339.0;;;01.04.2026 17:35;HO2, LL, T15, T19;b935c1cc-2dc1-11f1-9d83-f3accd54d90a;1;2019749494;
TP_15491702604_TPS_18882272604;TP_15491702604;282569;c9e4d85fe8e26a94a570a24b293ac765cf9743e409b8777bd3d0ab58d7b7c1d9;2,03E+28;0;1;TPS_18882272604;HO2.32;HO2;32.0;VC;2026-04-01 14:03:00;2026-04-01 16:49:00;2026-04-01 16:53:00;2026-04-01 17:02:00;;243.0;;551.0;10735.0;01.04.2026 18:05;HO2, T08, T13;d526a198-2dc2-11f1-9df6-cbe94a5201e1;1;2019766351;
TP_15491842604_TPS_18886472604;TP_15491842604;809489;f105fc8c498a4e8145c5030321fb2eb360cd467d48c054b75bd657c09ca07ba2;2,03E+28;1;1;TPS_18886472604;T17.03.01;T17;3.0;RMG;2026-04-01 14:58:00;2026-04-01 15:05:00;2026-04-01 15:39:00;2026-04-01 15:50:00;397.0;2026.0;;671.0;3094.0;01.04.2026 16:35;T17;8d0319ca-2dca-11f1-b52f-5b9ab9cae91a;1;;
TP_15492182604_TPS_18884332604;TP_15492182604;776946;343bdf2e12fae4c5b33105c85d2d68efa4d7434f336dcd9b973dc65a9f7ce2ec;2,03E+28;0;1;TPS_18884332604;T18.03.01;T18;3.0;RMG;2026-04-01 16:33:00;2026-04-01 17:00:00;2026-04-01 17:08:00;2026-04-01 17:26:00;;451.0;;1085.0;3126.0;01.04.2026 18:35;T18, T25;d31ab2f8-2dd7-11f1-aba3-5fe766df48f9;1;;
TP_15492182604_TPS_18884322604;TP_15492182604;776946;343bdf2e12fae4c5b33105c85d2d68efa4d7434f336dcd9b973dc65a9f7ce2ec;2,03E+28;1;0;TPS_18884322604;T25.02.01;T25;2.0;RMG;2026-04-01 16:33:00;2026-04-01 16:47:00;2026-04-01 16:56:00;2026-04-01 17:26:00;814.0;523.0;253.0;;;01.04.2026 18:35;T18, T25;d307ff8c-2dd7-11f1-aba2-a759e34d1446;1;;
TP_15492852604_TPS_18891192604;TP_15492852604;520205;6b402ea8fe7d3c70fae9564d622bb1e217f67e408835ca4f261b08cdede0b47a;2,03E+28;0;1;TPS_18891192604;HO2.34;HO2;34.0;VC;2026-04-01 21:19:00;2026-04-01 23:35:00;2026-04-01 23:42:00;2026-04-01 23:48:00;;388.0;;373.0;8944.0;02.04.2026 00:35;HO2, T08;abc1728c-2dff-11f1-a70b-274619aff1b7;1;2020788690;
TP_15494052604_TPS_18887322604;TP_15494052604;578242;a05ec920d105f890c229310bb17890b8c5275f99730c4141a4fc528d7e2d186f;2,03E+28;1;1;TPS_18887322604;T14.02.01;T14;2.0;RMG;2026-04-01 17:22:00;2026-04-01 17:40:00;2026-04-01 17:51:00;2026-04-01 17:59:00;1047.0;672.0;;499.0;2218.0;01.04.2026 19:08;T14;aa85f1de-2dde-11f1-b081-6bfc1b943f4e;1;;
TP_15495572604_TPS_18826482604;TP_15495572604;339382;7ee5917103240f9275c6fd3eab42bc8aecb17ae661ef9693aa8ca73c114e8ac2;2,03E+28;0;1;TPS_18826482604;HO2.22;HO2;22.0;VC;2026-04-01 20:59:00;2026-04-01 23:07:00;2026-04-01 23:26:00;2026-04-01 23:32:00;;1134.0;;379.0;9183.0;02.04.2026 00:35;HO2, T06, T09;cec3025a-2e0e-11f1-9d72-cb962661c2cb;1;2020763232;
TP_15496112604_TPS_18823882604;TP_15496112604;460372;abedca38fbafd8acf5f2199e438fd9e8c876ad2c96f7851a60fd33587dca09c8;2,03E+28;0;1;TPS_18823882604;HO2.31;HO2;31.0;VC;2026-04-01 15:49:00;2026-04-01 18:35:00;2026-04-01 18:37:00;2026-04-01 18:44:00;;149.0;;430.0;10497.0;01.04.2026 19:08;HO2, T12;b2068342-2de8-11f1-a94f-97bbecd0e7ea;1;2020089402;
TP_15497412604_TPS_18885942604;TP_15497412604;253509;b065d349822f155f6cc4e09639c417c723b14c0f05f33d94fde24b5d747ba57b;2,03E+28;1;1;TPS_18885942604;HO2.34;HO2;34.0;VC;2026-04-01 17:57:00;2026-04-01 19:16:00;2026-04-01 19:18:00;2026-04-01 19:23:00;4688.0;123.0;;293.0;5104.0;01.04.2026 20:35;HO2;8ebde100-2de3-11f1-acb3-4f2f6401296a;1;;
TP_15497452604_TPS_18823892604;TP_15497452604;879069;b150c4881889e83e3c45402b6eed7d78c03d4a602b68f03566fe47c4916f5d8b;2,03E+28;0;1;TPS_18823892604;HO2.30;HO2;30.0;VC;2026-04-01 18:02:00;2026-04-01 19:00:00;2026-04-01 19:01:00;2026-04-01 19:06:00;;90.0;;279.0;3873.0;01.04.2026 20:05;HO2, T18;;0;2020425147;
TP_15497552604_TPS_18889702604;TP_15497552604;913987;8894dd89e7e01326fdc3b56daa1986eed8085d750710c51c004d20ebf2c9a674;2,03E+28;1;1;TPS_18889702604;T14.02.01;T14;2.0;RMG;2026-04-01 19:13:00;2026-04-01 19:29:00;2026-04-01 19:34:00;2026-04-01 19:40:00;901.0;303.0;;377.0;1581.0;01.04.2026 20:35;T14;2c985e8c-2dee-11f1-b46c-b35e7bbe89cf;1;;
TP_15498282604_TPS_18886212604;TP_15498282604;703646;b723c7436b096910db5bd836031a9cf7c275ba371ce269bbfee638dc99468fd1;2,03E+28;1;1;TPS_18886212604;T09.01.01;T09;1.0;RMG;2026-04-01 18:53:00;2026-04-01 19:15:00;2026-04-01 19:40:00;2026-04-01 19:46:00;1270.0;1533.0;;333.0;3136.0;01.04.2026 20:35;T09;61a023b0-2deb-11f1-b66c-f7271ea7950e,61b33824-2deb-11f1-b66d-dfa0aecc7ffe;2;;
TP_15498722604_TPS_18890552604;TP_15498722604;277990;bf38bc3c11c16f0733c29eceda53823edf7aab22a5d260a848222cdaee0ffb5c;2,03E+28;1;1;TPS_18890552604;T08.02.01;T08;2.0;RMG;2026-04-01 20:25:00;2026-04-01 20:31:00;2026-04-01 21:04:00;2026-04-01 21:11:00;356.0;1980.0;;377.0;2713.0;01.04.2026 22:05;T08;3b436e54-2df8-11f1-9cc3-d73b19eaf866;1;;
TP_15499002604_TPS_18894102604;TP_15499002604;495733;c4782aaba22e93a3af8bab688b27211e15766b2d7a70dce8adc4407491804283;2,03E+28;1;1;TPS_18894102604;T12.01.01;T12;1.0;RMG;2026-04-01 21:32:00;2026-04-01 21:53:00;2026-04-01 21:58:00;2026-04-01 22:05:00;1228.0;274.0;;454.0;1956.0;01.04.2026 23:06;T12;9813fd5c-2e01-11f1-b467-5385e44e4bca;1;;
TP_15499872604_TPS_18891822604;TP_15499872604;457521;d6e4154121f064cf113ad9ad358f7a92058d69d6bcbd17aca0c4b5096a246449;2,03E+28;1;1;TPS_18891822604;T18.04.01;T18;4.0;RMG;2026-04-01 19:39:00;2026-04-01 19:57:00;2026-04-01 20:09:00;2026-04-01 20:15:00;1077.0;689.0;;335.0;2101.0;01.04.2026 21:09;T18;ce2aa8ba-2df1-11f1-bfd9-9b36895902d9;1;;
TP_15500162604_TPS_18892382604;TP_15500162604;735283;57681acae4010ea04cd09e48e8c518ca74544325ba840985dc944327879fa316;2,03E+28;0;1;TPS_18892382604;HO2.34;HO2;34.0;VC;2026-04-01 20:10:00;2026-04-01 21:01:00;2026-04-01 21:06:00;2026-04-01 21:13:00;;285.0;;440.0;3805.0;01.04.2026 22:05;HO2, T09;01c092b2-2df6-11f1-95d7-07c7cad97069;1;2020636820;
TP_15500432604_TPS_18892492604;TP_15500432604;808127;e0c2c0733c45e41d280804cfdac408e8d6710711ed0a8f50ddd44e1e7d31b132;2,03E+28;0;1;TPS_18892492604;HO2.34;HO2;34.0;VC;2026-04-01 20:39:00;2026-04-01 21:55:00;2026-04-01 21:58:00;2026-04-01 22:11:00;;173.0;;743.0;5474.0;01.04.2026 23:06;HO2, T19;2cf0c3a4-2dfa-11f1-9dd5-f307ae0a2924;1;2020742142;
TP_15500532604_TPS_18891322604;TP_15500532604;443302;45ddddebd7a834cfb9ecf5395648b2e54220b875684448c26307fb9e16026e70;2,03E+28;1;1;TPS_18891322604;T13.03.01;T13;3.0;RMG;2026-04-01 22:02:00;2026-04-01 22:09:00;2026-04-01 22:21:00;2026-04-01 22:25:00;373.0;722.0;;283.0;1378.0;01.04.2026 23:35;T13;c9145c72-2e05-11f1-afc0-8735801a7e11,c9277d2a-2e05-11f1-afc1-d74a6c804da7;2;;
TP_15501032604_TPS_18894632604;TP_15501032604;798220;6fbcead88ee491ca9f40b7f2193b204ac3a6cf0e0cb3d700d371cd02818a34c2;2,03E+28;1;1;TPS_18894632604;T16.03.01;T16;3.0;RMG;2026-04-01 23:10:00;2026-04-01 23:14:00;2026-04-01 23:19:00;2026-04-02 01:07:00;219.0;272.0;;6514.0;7005.0;02.04.2026 02:05;T16;;0;;
TP_15502942604_TPS_18823952604;TP_15502942604;806436;9d2a7d6542f2e623436b89be40d763cbb8a96c2690b34a6ad6de05d274bf371d;2,03E+28;0;1;TPS_18823952604;HO2.31;HO2;31.0;VC;2026-04-02 06:51:00;2026-04-02 07:35:00;2026-04-02 07:43:00;2026-04-02 08:33:00;;497.0;;2977.0;6096.0;02.04.2026 09:35;HO2, T19;78711dda-2e52-11f1-af1f-93b28b43ee33;1;2021635275;
TP_15503392604_TPS_18895712604;TP_15503392604;316596;46ad3acdd36fe012532943010b7e9f3033384efe6dfd8ad71e2866b40e3b8ec2;2,03E+28;0;1;TPS_18895712604;HO2.24;HO2;24.0;VC;2026-04-01 23:57:00;2026-04-02 01:15:00;2026-04-02 01:25:00;2026-04-02 01:40:00;;640.0;;855.0;6134.0;02.04.2026 02:35;HO2, T12, T19;d8aab1a8-2e15-11f1-a880-5be7d159f3ad;1;;
TP_15503392604_TPS_18895702604;TP_15503392604;316596;46ad3acdd36fe012532943010b7e9f3033384efe6dfd8ad71e2866b40e3b8ec2;2,03E+28;0;0;TPS_18895702604;T12.02.01;T12;2.0;RMG;2026-04-01 23:57:00;2026-04-02 00:23:00;2026-04-02 00:31:00;2026-04-02 01:40:00;;462.0;2629.0;;;02.04.2026 02:35;HO2, T12, T19;d8aa5c44-2e15-11f1-a87f-032e18ae23fa;1;;
TP_15503392604_TPS_18895692604;TP_15503392604;316596;46ad3acdd36fe012532943010b7e9f3033384efe6dfd8ad71e2866b40e3b8ec2;2,03E+28;1;0;TPS_18895692604;T19.03.01;T19;3.0;RMG;2026-04-01 23:57:00;2026-04-02 00:04:00;2026-04-02 00:14:00;2026-04-02 01:40:00;387.0;633.0;528.0;;;02.04.2026 02:35;HO2, T12, T19;d8a9ef52-2e15-11f1-a87e-077b7f05a0b8;1;;
TP_15504942604_TPS_18826492604;TP_15504942604;619982;0bcecd5dbe2dc18d1738cb8ec89daa07745cab0bd44552082d510ba6208b7a9c;2,03E+28;0;1;TPS_18826492604;T14.02.01;T14;2.0;RMG;2026-04-02 03:11:00;2026-04-02 03:42:00;2026-04-02 03:47:00;2026-04-02 03:58:00;;302.0;;678.0;2824.0;02.04.2026 05:06;T06, T14;e98b3fb4-2e34-11f1-9df4-1fce3e29c567;1;2021304383;
TP_15505092604_TPS_18823932604;TP_15505092604;471357;7aead6bdfcdc56c390904e486bff24cc3e5fc973833bfb63f11876395afce697;2,03E+28;0;1;TPS_18823932604;HO2.30;HO2;30.0;VC;2026-04-02 04:24:00;2026-04-02 05:20:00;2026-04-02 05:36:00;2026-04-02 05:53:00;;966.0;;1026.0;5303.0;02.04.2026 06:35;HO2, T27;5b7922d2-2e42-11f1-ae74-9356374d28d4;1;2021376526;
TP_15505752604_TPS_18900092604;TP_15505752604;459856;bdd50ebaa8839f5c77e9e05a66f4d692d7a48fca3d84bcba7d79307113251e61;2,03E+28;1;1;TPS_18900092604;T12.04.01;T12;4.0;RMG;2026-04-02 07:19:00;2026-04-02 07:28:00;2026-04-02 07:31:00;2026-04-02 07:37:00;540.0;180.0;;313.0;1033.0;02.04.2026 08:35;T12;98ce3c10-2e53-11f1-ab1f-6379573aac25;1;;
TP_15505932604_TPS_18893442604;TP_15505932604;955087;01fda6d1ec55cf3452a9b6f010355926674ade4e217f5c439fb1a753a5a4d783;2,03E+28;1;1;TPS_18893442604;T12.03.01;T12;3.0;RMG;2026-04-02 02:20:00;2026-04-02 02:28:00;2026-04-02 02:36:00;2026-04-02 02:43:00;425.0;492.0;;459.0;1376.0;02.04.2026 03:35;T12;d355807a-2e29-11f1-9454-637ca3efd0e1;1;;
TP_15505942604_TPS_18897012604;TP_15505942604;894236;f1d9b8ebbd508d6fbb03fd9e1c09a7439b946b34ff469e3b05c604820226a23e;2,03E+28;1;1;TPS_18897012604;HO2.29;HO2;29.0;VC;2026-04-02 02:27:00;2026-04-02 02:35:00;2026-04-02 02:39:00;2026-04-02 02:50:00;467.0;220.0;;691.0;1378.0;02.04.2026 03:35;HO2;cda0880e-2e2a-11f1-a9d6-7f938bab3c39;1;;
TP_15506382604_TPS_18899612604;TP_15506382604;629267;04c09680114511e318b9d7a55e945550bbb8e143769741b5351ced0b68184447;2,03E+28;1;1;TPS_18899612604;HO2.22;HO2;22.0;VC;2026-04-02 05:40:00;2026-04-02 05:51:00;2026-04-02 05:58:00;2026-04-02 06:06:00;607.0;442.0;;486.0;1535.0;02.04.2026 07:06;HO2;c3d12ae8-2e45-11f1-9cb9-9f497c0396f7;1;;
TP_15507212604_TPS_18898232604;TP_15507212604;301530;4c5c8ad86a0faddc53c309818b9619f912e497af074234de232f617801a53d87;2,03E+28;0;0;TPS_18898232604;HO2.29;HO2;29.0;VC;2026-04-02 02:48:00;2026-04-02 03:31:00;2026-04-02 03:42:00;2026-04-02 04:17:00;;652.0;623.0;;;02.04.2026 05:06;HO2, T13, T14;b86fdc02-2e2d-11f1-b44e-0b3c91aa8650;1;2021278818;
TP_15507812604_TPS_18895012604;TP_15507812604;259811;41790ad31ba2700dbbbd80f1b075585a88a7bc4d59893ec117be3ce5b008da66;2,03E+28;1;1;TPS_18895012604;HO2.26;HO2;26.0;VC;2026-04-02 07:52:00;2026-04-02 09:18:00;2026-04-02 09:21:00;2026-04-02 09:27:00;5130.0;152.0;;414.0;5696.0;02.04.2026 10:35;HO2;34bb7c42-2e58-11f1-bac1-1ff44c1e59f5;1;;
TP_15508072604_TPS_18906242604;TP_15508072604;297603;69f2f5e52c04973c1e8af91e81727d6683b22b637ed8b5aa674db32fdb9c85c7;2,03E+28;1;1;TPS_18906242604;T18.01.01;T18;1.0;RMG;2026-04-02 09:31:00;2026-04-02 09:38:00;2026-04-02 09:54:00;2026-04-02 10:03:00;397.0;978.0;;539.0;1914.0;02.04.2026 11:06;T18;088fbf30-2e66-11f1-bc07-933ed184e220;1;;
TP_15509012604_TPS_18899942604;TP_15509012604;819080;17613e4815dc3172f16c3fff678e4b33fa680ce17ddde73d6ab3b0fe2b128872;2,03E+28;1;1;TPS_18899942604;HO2.22;HO2;22.0;VC;2026-04-02 06:37:00;2026-04-02 06:46:00;2026-04-02 07:04:00;2026-04-02 07:10:00;499.0;1063.0;;402.0;1964.0;02.04.2026 08:05;HO2;baf94164-2e4d-11f1-a68c-33d1c503c245;1;;
TP_15509422604_TPS_18900402604;TP_15509422604;927623;495bb7017d30b58cedc066a084354480403642e6391844301cffce7e3c8dd297;2,03E+28;1;1;TPS_18900402604;T13.03.01;T13;3.0;RMG;2026-04-02 07:34:00;2026-04-02 07:41:00;2026-04-02 07:50:00;2026-04-02 07:58:00;385.0;526.0;;512.0;1423.0;02.04.2026 09:06;T13;b0e702f8-2e55-11f1-aca1-53d153767fdb;1;;
TP_15510112604_TPS_18826782604;TP_15510112604;995905;a6282e72228a2bf38e15313b43cc0a3691cdf1f7db906f2fcf8d58c041dc4fe3;2,03E+28;0;1;TPS_18826782604;HO2.29;HO2;29.0;VC;2026-04-02 10:00:00;2026-04-02 10:27:00;2026-04-02 10:33:00;2026-04-02 10:40:00;;359.0;;398.0;2386.0;02.04.2026 11:35;HO2, T27;be5e7516-2e6d-11f1-a12a-a380482824d4;1;2022465634;
TP_15510282604_TPS_18823972604;TP_15510282604;750422;3c0f37fd0802fa1889a8c25d353d6181183b817b6e68f8608fd681195bc94944;2,03E+28;1;0;TPS_18823972604;T18.01.01;T18;1.0;RMG;2026-04-02 10:45:00;2026-04-02 11:11:00;2026-04-02 11:21:00;2026-04-02 12:20:00;1565.0;621.0;287.0;;;02.04.2026 13:06;T08, T18;dbb05a98-2e73-11f1-b10a-af88054e8d05;1;2022697416;
TP_15510902604_TPS_18914512604;TP_15510902604;269777;a2b1a1faa44c2f7c7141852473715de3afa90adf10cf918e1817b59892eb278e;2,03E+28;0;1;TPS_18914512604;HO2.27;HO2;27.0;VC;2026-04-02 14:41:00;2026-04-02 16:08:00;2026-04-02 16:17:00;2026-04-02 16:25:00;;546.0;;446.0;6189.0;02.04.2026 17:06;HO2, LL;5794be0c-2e91-11f1-88e8-476795868b63;1;;
TP_15510902604_20260402150205000000023983812;TP_15510902604;269777;a2b1a1faa44c2f7c7141852473715de3afa90adf10cf918e1817b59892eb278e;2,03E+28;1;0;2,03E+28;LL;LL;;Leerlager;2026-04-02 14:41:00;2026-04-02 14:47:00;2026-04-02 15:02:00;2026-04-02 16:25:00;348.0;858.0;3991.0;;;02.04.2026 17:06;HO2, LL;7b9a7910-2e92-11f1-abd3-2709b7d875a2;1;;
TP_15511362604_TPS_18826592604;TP_15511362604;597201;21d72a4ce22a7ea3cd6a0ba4f5ac454efcff0087e9d0094637ece664d0ddd043;2,03E+28;1;0;TPS_18826592604;T19.02.01;T19;2.0;RMG;2026-04-02 08:30:00;2026-04-02 09:15:00;2026-04-02 09:20:00;2026-04-02 10:07:00;2693.0;293.0;890.0;;;02.04.2026 11:06;T08, T19;a22a34de-2e63-11f1-a05a-0b5a576c3925;1;2022042994;
TP_15511382604_TPS_18826602604;TP_15511382604;249720;4a2e33f9174842aedfe32713f1813b79ffa8ac4a58c4af65c77ff4abad43ab3e;2,03E+28;1;0;TPS_18826602604;T19.03.01;T19;3.0;RMG;2026-04-02 08:32:00;2026-04-02 09:15:00;2026-04-02 09:18:00;2026-04-02 09:35:00;2633.0;135.0;232.0;;;02.04.2026 10:35;T19, T24;c267d7e2-2e63-11f1-a05f-036ba397def0;1;2022045268;
TP_15511402604_TPS_18903452604;TP_15511402604;846590;c4e10d81767f0c18d2c061d32bb7552d01da76379792a8f1418de5b386d671e8;2,03E+28;0;1;TPS_18903452604;T25.02.01;T25;2.0;RMG;2026-04-02 08:32:00;2026-04-02 09:00:00;2026-04-02 09:03:00;2026-04-02 09:10:00;;177.0;;412.0;2252.0;02.04.2026 10:05;LL, T25;cac34b5c-2e5d-11f1-b957-f3213c227924;1;;
TP_15511402604_20260402083943000000023977023;TP_15511402604;846590;c4e10d81767f0c18d2c061d32bb7552d01da76379792a8f1418de5b386d671e8;2,03E+28;1;0;2,03E+28;LL;LL;;Leerlager;2026-04-02 08:32:00;2026-04-02 08:36:00;2026-04-02 08:39:00;2026-04-02 09:10:00;204.0;201.0;1258.0;;;02.04.2026 10:05;LL, T25;4ce908c5-2e5e-11f1-abd3-2709b7d875a2;1;;
TP_15511462604_TPS_18902982604;TP_15511462604;269605;ac03487b2a5af36069b608ab3d2cd3c632ca4a643d1b25bb44ac2467c7892805;2,03E+28;0;1;TPS_18902982604;T16.03.01;T16;3.0;RMG;2026-04-02 08:50:00;2026-04-02 09:13:00;2026-04-02 09:18:00;2026-04-02 09:23:00;;300.0;;340.0;1973.0;02.04.2026 10:05;T10, T16;4f11f244-2e60-11f1-b664-77ff9c99bda8;1;;
TP_15511462604_TPS_18902972604;TP_15511462604;269605;ac03487b2a5af36069b608ab3d2cd3c632ca4a643d1b25bb44ac2467c7892805;2,03E+28;1;0;TPS_18902972604;T10.02.01;T10;2.0;RMG;2026-04-02 08:50:00;2026-04-02 09:06:00;2026-04-02 09:08:00;2026-04-02 09:23:00;926.0;151.0;256.0;;;02.04.2026 10:05;T10, T16;4effeb9e-2e60-11f1-b663-2be402e463fa;1;;
TP_15511572604_TPS_18826772604;TP_15511572604;623314;adb69cc540bd86243f28e4883b8d5c374629152c9306a9f29a0dfde12596c787;2,03E+28;1;0;TPS_18826772604;T19.03.01;T19;3.0;RMG;2026-04-02 09:27:00;2026-04-02 10:45:00;2026-04-02 10:55:00;2026-04-02 11:12:00;4661.0;631.0;211.0;;;02.04.2026 12:05;T19, T26;7e6106f2-2e6a-11f1-a10f-03be9db363ff;1;2022382655;
TP_15511582604_TPS_18826682604;TP_15511582604;293604;27f82c0a80e804fedc17823cffa69c21ac1880c1af3dc21f42215b4159c80c44;2,03E+28;0;0;TPS_18826682604;HO2.29;HO2;29.0;VC;2026-04-02 09:31:00;2026-04-02 09:51:00;2026-04-02 10:03:00;2026-04-02 10:20:00;;678.0;309.0;;;02.04.2026 11:06;HO2, T27;34340806-2e68-11f1-a0e3-3f7cee98d087;1;2022395657;
TP_15512882604_20260402114536000000023977256;TP_15512882604;742890;7e381d6eaff79b055c0dfcd5118cd2a8bb3db5bbfd7c18c7fc944b0aa6894b17;2,03E+28;1;1;2,03E+28;LL;LL;;Leerlager;2026-04-02 11:32:00;2026-04-02 11:36:00;2026-04-02 11:45:00;2026-04-02 11:48:00;206.0;551.0;;185.0;942.0;02.04.2026 12:35;LL;7de1502f-2e77-11f1-abd3-2709b7d875a2;1;;
TP_15513552604_TPS_18911702604;TP_15513552604;692862;259f97f7387c8bd0ef20cd7faa5b06b1f6b36875d826b9ab71dc36e49ed8a43f;2,03E+28;1;1;TPS_18911702604;T11.03.01;T11;3.0;RMG;2026-04-02 12:48:00;2026-04-02 12:53:00;2026-04-02 13:06:00;2026-04-02 13:11:00;251.0;793.0;;334.0;1378.0;02.04.2026 14:05;T11;8e6a698c-2e81-11f1-bd02-b79f1086f356;1;;
TP_15513592604_TPS_18911752604;TP_15513592604;476236;48633ebbed7c64fb0a63422cabd69815372ef769df8eea112c66f35ee1a2c07b;2,03E+28;1;1;TPS_18911752604;T14.03.01;T14;3.0;RMG;2026-04-02 12:49:00;2026-04-02 12:54:00;2026-04-02 12:58:00;2026-04-02 13:06:00;250.0;242.0;;508.0;1000.0;02.04.2026 14:05;T14;b2bb03f0-2e81-11f1-bd17-33e2051baadc;1;;
TP_15513762604_TPS_18823962604;TP_15513762604;372850;3b57bbeed3f0048e64dec7f92ee0776b38b8e5b5f9cfd3ef283f5b94986f7191;2,03E+28;0;1;TPS_18823962604;HO2.29;HO2;29.0;VC;2026-04-02 09:35:00;2026-04-02 10:18:00;2026-04-02 10:21:00;2026-04-02 10:28:00;;195.0;;398.0;3179.0;02.04.2026 11:35;HO2, LL, T13;79b15e16-2e6c-11f1-b0cd-4ba761ffd219;1;2022405040;
TP_15515132604_TPS_18903792604;TP_15515132604;476556;efce90c235aafc4285113e17eff185a4c40e2f207b10a1a08cd5be7970c12e84;2,03E+28;0;1;TPS_18903792604;HO2.26;HO2;26.0;VC;2026-04-02 12:09:00;2026-04-02 13:55:00;2026-04-02 14:03:00;2026-04-02 14:12:00;;510.0;;532.0;7382.0;02.04.2026 15:06;HO2, T08, T09;0abe2a42-2e7c-11f1-9ce3-67943c8c9c05;1;2022941802;
TP_15515302604_TPS_18826822604;TP_15515302604;267862;7f47bc8a54dc32f7d1022596c7f44c74b9a7d3fe4d05446979de8c0799a647f8;2,03E+28;1;1;TPS_18826822604;T26.03.01;T26;3.0;RMG;2026-04-02 13:11:00;2026-04-02 13:35:00;2026-04-02 13:39:00;2026-04-02 13:57:00;1479.0;226.0;;1081.0;2786.0;02.04.2026 15:06;T26;00046f5e-2e85-11f1-a282-777f3aea74c3;1;;
TP_15516212604_TPS_18911862604;TP_15516212604;715577;2c0b98e0511d92d1a638b5a65fda9774f74b97950fd0864c3cf2f58908c9f47b;2,03E+28;1;1;TPS_18911862604;T25.02.01;T25;2.0;RMG;2026-04-02 12:56:00;2026-04-02 13:07:00;2026-04-02 13:15:00;2026-04-02 13:24:00;614.0;496.0;;541.0;1651.0;02.04.2026 14:05;T25;ac72d7ba-2e82-11f1-bd99-3353989eb8d2;1;;
TP_15516592604_TPS_18916092604;TP_15516592604;220066;fa4a98c0626b5f8f4fadfc7e683a81e980f6095c382532c4cdbcc8904643f78e;2,03E+28;1;1;TPS_18916092604;T25.01.01;T25;1.0;RMG;2026-04-02 15:55:00;2026-04-02 16:11:00;2026-04-02 16:16:00;2026-04-02 16:27:00;926.0;306.0;;671.0;1903.0;02.04.2026 17:35;T25;ae249d64-2e9b-11f1-bf28-ff0de1d93948;1;;
TP_15516622604_TPS_18916522604;TP_15516622604;489468;48696d625f133c5ea180f9b97bb6ee191948d55904c2c8bae7d8a8ac5495dabb;2,03E+28;1;1;TPS_18916522604;HO2.24;HO2;24.0;VC;2026-04-02 16:15:00;2026-04-02 17:17:00;2026-04-02 17:30:00;2026-04-02 17:35:00;3678.0;777.0;;292.0;4747.0;02.04.2026 18:35;HO2;79392f04-2e9e-11f1-b4ad-cb914a2c662f;1;;
TP_15516632604_TPS_18916532604;TP_15516632604;291612;e4eed1524b822ec98f78b3d36493fdf2586b01de3c77e8cad2aa5a9ca7bec7b7;2,03E+28;1;1;TPS_18916532604;T18.02.01;T18;2.0;RMG;2026-04-02 16:16:00;2026-04-02 16:29:00;2026-04-02 16:54:00;2026-04-02 17:01:00;728.0;1519.0;;416.0;2663.0;02.04.2026 18:05;T18;9cd080ac-2e9e-11f1-b4ec-af718afbb40c;1;;
TP_15518212604_TPS_18918042604;TP_15518212604;284247;4b3d0ab8602b88b3b9186d16cf9e69de82ca9910b9c743a3b77748d4e6b58773;2,03E+28;1;1;TPS_18918042604;HO2.30;HO2;30.0;VC;2026-04-02 17:17:00;2026-04-02 17:48:00;2026-04-02 17:59:00;2026-04-02 18:05:00;1839.0;658.0;;373.0;2870.0;02.04.2026 19:08;HO2;22ecee2a-2ea7-11f1-bfa5-2f819fa6f7fb;1;;
TP_15518272604_TPS_18912452604;TP_15518272604;700948;aefca01cab1ac9e393f04da3a7364b4f7189b2926d9dd70de74c04e9474ec9a9;2,03E+28;1;1;TPS_18912452604;HO2.35;HO2;35.0;VC;2026-04-02 17:41:00;2026-04-02 18:05:00;2026-04-02 18:07:00;2026-04-02 18:16:00;1416.0;110.0;;534.0;2060.0;02.04.2026 19:08;HO2;7cd6040a-2eaa-11f1-9f2c-2b4b7f83c2b0;1;;
TP_15518332604_TPS_18918662604;TP_15518332604;213831;f9e67c7b82cfe78668a4173ed3015f0b7c3318efd65fffe03027aedd35908e50;2,03E+28;1;1;TPS_18918662604;HO2.28;HO2;28.0;VC;2026-04-02 17:46:00;2026-04-02 18:03:00;2026-04-02 18:07:00;2026-04-02 18:35:00;994.0;221.0;;1691.0;2906.0;02.04.2026 19:08;HO2;2fad7798-2eab-11f1-a359-8b3d9d921a27;1;;
TP_15519662604_TPS_18915792604;TP_15519662604;606220;f3e256740aed8aad5e4cfb1b4297bfa237adc19ed6b68f8d8119651a2786a9fd;2,03E+28;1;1;TPS_18915792604;T24.03.01;T24;3.0;RMG;2026-04-02 17:34:00;2026-04-02 17:42:00;2026-04-02 17:45:00;2026-04-02 17:53:00;449.0;175.0;;510.0;1134.0;02.04.2026 18:35;T24;8287dbb8-2ea9-11f1-a0c3-efff8c0f5e77;1;;
TP_15519982604_20260402200039000000023990556;TP_15519982604;494731;3b95722adf638471106658c6a819d7b8cef2cb16de68ca9e771ccbacac23ac7f;2,03E+28;1;1;2,03E+28;LL;LL;;Leerlager;2026-04-02 19:45:00;2026-04-02 19:52:00;2026-04-02 20:00:00;2026-04-02 21:30:00;387.0;493.0;;5378.0;6258.0;02.04.2026 22:35;LL;0ca3bd42-2ebd-11f1-abd3-2709b7d875a2;1;;
TP_15520552604_TPS_18917792604;TP_15520552604;879787;918ba01fb987e9ae634caa6d25f3838d1d1f8f19b6a1143f84e94273e3d38fe2;2,03E+28;1;1;TPS_18917792604;T17.03.01;T17;3.0;RMG;2026-04-02 17:04:00;2026-04-02 17:11:00;2026-04-02 17:13:00;2026-04-02 17:18:00;381.0;159.0;;266.0;806.0;02.04.2026 18:05;T17;51f766de-2ea5-11f1-bdfa-ff2835f52afe;1;;
TP_15520712604_TPS_18918092604;TP_15520712604;233281;f61a9c60541f04a5b7b600f693e88e902bfbd291e62f9e974aa073ba8a3f49cb;2,03E+28;1;1;TPS_18918092604;HO2.28;HO2;28.0;VC;2026-04-02 17:19:00;2026-04-02 17:51:00;2026-04-02 18:00:00;2026-04-02 18:04:00;1912.0;511.0;;265.0;2688.0;02.04.2026 19:08;HO2;6a8b8138-2ea7-11f1-bfcb-1fa803879d6b;1;;
TP_15521742604_TPS_18915322604;TP_15521742604;254916;6995e850bc2b32d309bd5a8a4f66c6b5eecc39e979533191a08e261b17bb6ebc;2,03E+28;1;1;TPS_18915322604;T13.04.01;T13;4.0;RMG;2026-04-02 15:17:00;2026-04-02 15:48:00;2026-04-02 16:02:00;2026-04-02 16:08:00;1810.0;847.0;;381.0;3038.0;02.04.2026 17:06;T13;59f586e0-2e96-11f1-8a8c-6701da7f8233,5a086530-2e96-11f1-8a8d-c36c5cedc518;2;;
TP_15522072604_TPS_18826872604;TP_15522072604;634021;b2c618062fa7c6a4a8d9618ab5eed49a75f1ebca53c8aceab3dfd0bd81b67798;2,03E+28;0;1;TPS_18826872604;HO2.22;HO2;22.0;VC;2026-04-02 18:38:00;2026-04-02 19:51:00;2026-04-02 19:59:00;2026-04-02 20:11:00;;454.0;;713.0;5565.0;02.04.2026 21:09;HO2, T11;99a8fe9a-2ebc-11f1-a721-8fa9dae6f10b;1;2024754895;
TP_15525222604_TPS_18921292604;TP_15525222604;474707;50aea3e34646b905441ecf51bd6b711cd90f8b85c264246865131a0cdfbd111c;2,03E+28;0;1;TPS_18921292604;HO2.34;HO2;34.0;VC;2026-04-02 20:17:00;2026-04-02 20:43:00;2026-04-02 20:50:00;2026-04-02 21:37:00;;447.0;;2802.0;4819.0;02.04.2026 22:35;HO2, T25;305ab38a-2ec0-11f1-b291-3bd6f701cf6d;1;2024887811;
TP_15525272604_TPS_18921402604;TP_15525272604;386486;f57f64877d8d5accefe00f8431a903d758264844f7ca3ea61188ca03bc667547;2,03E+28;1;1;TPS_18921402604;T13.03.01;T13;3.0;RMG;2026-04-02 20:23:00;2026-04-02 20:27:00;2026-04-02 20:42:00;2026-04-02 20:47:00;207.0;914.0;;294.0;1415.0;02.04.2026 21:09;T13;1e725960-2ec1-11f1-b411-3319d4bcb5fc;1;;
TP_15525372604_TPS_18921572604;TP_15525372604;877458;634920079e9db29dc32db21559e550fdef950e397d6975a4f1feb4abbc1d0287;2,03E+28;1;1;TPS_18921572604;T10.02.01;T10;2.0;RMG;2026-04-02 20:34:00;2026-04-02 20:39:00;2026-04-02 21:02:00;2026-04-02 21:07:00;272.0;1381.0;;299.0;1952.0;02.04.2026 22:05;T10;a7df0094-2ec2-11f1-b5a2-e73801df762c;1;;
TP_15539672604_TPS_18826952604;TP_15539672604;972988;05fb82df784cb29bee902db84ac3ac266a64c12c3d76b008324487e0aa3747a0;2,03E+28;1;0;TPS_18826952604;T14.04.01;T14;4.0;RMG;2026-04-04 08:42:00;2026-04-04 09:00:00;2026-04-04 09:02:00;2026-04-04 09:19:00;1042.0;157.0;269.0;;;04.04.2026 10:05;T08, T14;899fd58c-2ff2-11f1-b507-17b324a2c079;1;2027744230;
TP_15540802604_TPS_18945672604;TP_15540802604;681791;5349fdf6ae437d00b8d2da61cd58628fa723ef0fa2d694816ee27966da8029e4;2,03E+28;0;1;TPS_18945672604;HO2.27;HO2;27.0;VC;2026-04-04 06:44:00;2026-04-04 07:21:00;2026-04-04 07:30:00;2026-04-04 07:48:00;;573.0;;1079.0;3838.0;04.04.2026 08:35;HO2, T25;0057d2f4-2fe1-11f1-8851-c3311092731b;1;2027536915;
TP_15543452604_TPS_18948722604;TP_15543452604;289493;69b3c01bd2a0684175964611acdc5b49a0f78e0527d2731e5ed2005970e92f4c;2,03E+28;1;1;TPS_18948722604;HO2.28;HO2;28.0;VC;2026-04-07 05:31:00;2026-04-07 05:37:00;2026-04-07 06:07:00;2026-04-07 06:11:00;305.0;1840.0;;225.0;2370.0;07.04.2026 07:06;HO2;563515d0-3232-11f1-a3fe-43ad3d56272d;1;;
TP_15544072604_TPS_18970182604;TP_15544072604;432475;395aa70c71a8398896f1658059601d2a40e06c209e49c2059fc255427683414c;2,03E+28;1;1;TPS_18970182604;T06.02.01;T06;2.0;RMG;2026-04-07 06:32:00;2026-04-07 06:43:00;2026-04-07 06:50:00;2026-04-07 06:53:00;654.0;372.0;;212.0;1238.0;07.04.2026 08:05;T06;db969534-323a-11f1-a7b7-d71d0fc589f6;1;;
TP_15544172604_TPS_18971192604;TP_15544172604;619982;10ad1c7d41a7a2f51589654820ed9d382d671c99656380d1b3f229b08ed570b1;2,03E+28;0;1;TPS_18971192604;T12.02.01;T12;2.0;RMG;2026-04-07 06:55:00;2026-04-07 08:05:00;2026-04-07 08:19:00;2026-04-07 08:24:00;;808.0;;317.0;5350.0;07.04.2026 09:35;HO2, T12, T23;f363916e-323d-11f1-a246-27f44031835c;1;;
TP_15544172604_TPS_18971202604;TP_15544172604;619982;10ad1c7d41a7a2f51589654820ed9d382d671c99656380d1b3f229b08ed570b1;2,03E+28;0;0;TPS_18971202604;HO2.31;HO2;31.0;VC;2026-04-07 06:55:00;2026-04-07 07:16:00;2026-04-07 07:21:00;2026-04-07 08:24:00;;311.0;2658.0;;;07.04.2026 09:35;HO2, T12, T23;f363bc84-323d-11f1-a247-7fff323a795b;1;;
TP_15544172604_TPS_18971182604;TP_15544172604;619982;10ad1c7d41a7a2f51589654820ed9d382d671c99656380d1b3f229b08ed570b1;2,03E+28;1;0;TPS_18971182604;T23.04.01;T23;4.0;RMG;2026-04-07 06:55:00;2026-04-07 07:06:00;2026-04-07 07:09:00;2026-04-07 08:24:00;688.0;173.0;395.0;;;07.04.2026 09:35;HO2, T12, T23;f3635f28-323d-11f1-a245-9b558dc33eb9;1;;
TP_15544302604_TPS_18971392604;TP_15544302604;735019;5e2dc8f2ba60e3238c59deaf7de62e107d4a1f22229db938f61fd0fcfb5ed9b4;2,03E+28;1;1;TPS_18971392604;T15.03.01;T15;3.0;RMG;2026-04-07 06:58:00;2026-04-07 07:07:00;2026-04-07 07:12:00;2026-04-07 07:15:00;537.0;247.0;;208.0;992.0;07.04.2026 08:05;T15;7d82ddbe-323e-11f1-a3f7-fb05e4268e2a;1;;
TP_15564842604_TPS_18949002604;TP_15564842604;887431;ffaf05612b8ec3cec92a7ba04198d4646f5aae8a5891d58847bd802bdb49dfd6;2,03E+28;1;1;TPS_18949002604;T21.04.01;T21;4.0;RMG;2026-04-07 05:48:00;2026-04-07 05:55:00;2026-04-07 06:01:00;2026-04-07 06:07:00;382.0;363.0;;346.0;1091.0;07.04.2026 07:06;T21;b60e71a2-3234-11f1-a4fc-13063818949b,b611beb6-3234-11f1-a4fd-eb2435f1551d;2;;
TP_15565172604_20260407080306000000024172810;TP_15565172604;465064;22b43a0d9a96b583f333ea7f363507e9bce372ecbde8a05a5f8ff146643a244d;2,03E+28;0;1;2,03E+28;LL;LL;;Leerlager;2026-04-07 07:41:00;2026-04-07 08:01:00;2026-04-07 08:03:00;2026-04-07 08:09:00;;111.0;;409.0;1676.0;07.04.2026 09:06;LL, T25;34454e04-3247-11f1-abd3-2709b7d875a2;1;;
TP_15565172604_TPS_18972902604;TP_15565172604;465064;22b43a0d9a96b583f333ea7f363507e9bce372ecbde8a05a5f8ff146643a244d;2,03E+28;1;0;TPS_18972902604;T25.01.01;T25;1.0;RMG;2026-04-07 07:41:00;2026-04-07 07:48:00;2026-04-07 07:54:00;2026-04-07 08:09:00;403.0;332.0;421.0;;;07.04.2026 09:06;LL, T25;7f373c80-3244-11f1-b0dc-6737189d3abe;1;;
TP_15565972604_TPS_18973462604;TP_15565972604;342214;b5d8f363c2f02ff300b25d4c18721093059ff7039d4f50a4c2b976a24419d135;2,03E+28;0;1;TPS_18973462604;HO2.31;HO2;31.0;VC;2026-04-07 08:37:00;2026-04-07 08:57:00;2026-04-07 09:01:00;2026-04-07 09:10:00;;236.0;;514.0;1964.0;07.04.2026 10:05;HO2, T15;0e14dda4-324f-11f1-9c14-6b7e5701a303;1;2032557689;
TP_15566052604_TPS_18979922604;TP_15566052604;234028;20af445181b0247c94338314cddb9bdccc4db54a8ed032229a18f5ce9ce7480f;2,03E+28;0;1;TPS_18979922604;T11.01.01;T11;1.0;RMG;2026-04-07 09:02:00;2026-04-07 09:23:00;2026-04-07 09:32:00;2026-04-07 09:37:00;;516.0;;318.0;2088.0;07.04.2026 10:35;LL, T11;d031b7f4-324f-11f1-995f-c36ec16fbfc9;1;;
TP_15566052604_20260407091915000000024172980;TP_15566052604;234028;20af445181b0247c94338314cddb9bdccc4db54a8ed032229a18f5ce9ce7480f;2,03E+28;1;0;2,03E+28;LL;LL;;Leerlager;2026-04-07 09:02:00;2026-04-07 09:08:00;2026-04-07 09:19:00;2026-04-07 09:37:00;324.0;652.0;278.0;;;07.04.2026 10:35;LL, T11;a54c286c-3250-11f1-abd3-2709b7d875a2;1;;
TP_15566282604_TPS_18970332604;TP_15566282604;974043;8b207f66f0d3d3e9c5c1d48bf52b3aa91b128e0589a5f9c37283c06aef0f5a6a;2,03E+28;0;1;TPS_18970332604;HO2.25;HO2;25.0;VC;2026-04-07 06:35:00;2026-04-07 06:59:00;2026-04-07 07:24:00;2026-04-07 07:40:00;;1504.0;;960.0;3878.0;07.04.2026 08:35;HO2, LL;46ec06fc-323b-11f1-a802-433ce5478f7d;1;;
TP_15566282604_20260407065413000000024166278;TP_15566282604;974043;8b207f66f0d3d3e9c5c1d48bf52b3aa91b128e0589a5f9c37283c06aef0f5a6a;2,03E+28;1;0;2,03E+28;LL;LL;;Leerlager;2026-04-07 06:35:00;2026-04-07 06:40:00;2026-04-07 06:54:00;2026-04-07 07:40:00;283.0;811.0;320.0;;;07.04.2026 08:35;HO2, LL;085b3e95-323c-11f1-abd3-2709b7d875a2,8cfd72f4-323d-11f1-abd3-2709b7d875a2;2;;
TP_15567012604_TPS_18974792604;TP_15567012604;468326;1e44340a524150d8dc92cbdf6bcf2f6fede37231b15ee06fb491650c0cdfcb80;2,03E+28;1;1;TPS_18974792604;T20.02.01;T20;2.0;RMG;2026-04-07 07:41:00;2026-04-07 07:45:00;2026-04-07 08:00:00;2026-04-07 08:10:00;272.0;892.0;;607.0;1771.0;07.04.2026 09:06;T20;652d4474-3244-11f1-9882-e3ed41215463;1;;
TP_15567192604_TPS_18979042604;TP_15567192604;502083;8e69af9ed9aa66118f6e5a45467ddc9ddf16e4bf8274abf8613b873effc61a7d;2,03E+28;0;1;TPS_18979042604;HO2.32;HO2;32.0;VC;2026-04-07 08:42:00;2026-04-07 09:48:00;2026-04-07 09:57:00;2026-04-07 10:07:00;;501.0;;627.0;5141.0;07.04.2026 11:06;HO2, T12;e4d61ef0-324c-11f1-964f-677f225c78f6;1;2032564544;
TP_15567272604_TPS_18979282604;TP_15567272604;875261;4b53d6a0700b18f88672a8508c7889b4a92fe98e0d058bb78f71e1eebbbdfdb2;2,03E+28;1;1;TPS_18979282604;HO2.33;HO2;33.0;VC;2026-04-07 08:48:00;2026-04-07 08:57:00;2026-04-07 09:17:00;2026-04-07 09:27:00;524.0;1182.0;;623.0;2329.0;07.04.2026 10:35;HO2;d5f42bba-324d-11f1-96f6-83d3577aa2a0,d5f9e910-324d-11f1-96f7-0786228e5b2b,d5ff6d4a-324d-11f1-96f8-23b677a1eeff;3;;
TP_15567732604_TPS_18980372604;TP_15567732604;306092;ce6389e011eb185db7320e8847a11cd744e2dcaae88742f5b9bea822a803fa91;2,03E+28;1;1;TPS_18980372604;HO2.26;HO2;26.0;VC;2026-04-07 09:17:00;2026-04-07 09:26:00;2026-04-07 10:16:00;2026-04-07 10:20:00;527.0;2987.0;;220.0;3734.0;07.04.2026 11:06;HO2;e8cb2a46-3251-11f1-9c9b-fbd1b3b7581e;1;;
TP_15568102604_TPS_18982432604;TP_15568102604;743906;fb671b7371ac369db2614bd3def1a2faf709c398e4f9810488eb8599e80cde92;2,03E+28;0;0;TPS_18982432604;HO2.28;HO2;28.0;VC;2026-04-07 09:56:00;2026-04-07 10:23:00;2026-04-07 10:32:00;2026-04-07 11:33:00;;526.0;600.0;;;07.04.2026 12:35;HO2, T07, T16;f7390a1e-3259-11f1-9b44-1fdac1b76844;1;2032898811;
TP_15569212604_TPS_18973122604;TP_15569212604;462541;3369c9d3708839871793c787eb2c74a0f720c055f5dc5251566133af5a31fcff;2,03E+28;1;1;TPS_18973122604;T18.04.01;T18;4.0;RMG;2026-04-07 08:11:00;2026-04-07 08:17:00;2026-04-07 08:40:00;2026-04-07 08:52:00;349.0;1384.0;;693.0;2426.0;07.04.2026 10:05;T18;b067f8a4-3248-11f1-b636-bb5cc6d399eb,b06c7eec-3248-11f1-b637-c7bda77cbf44;2;;
TP_15569982604_TPS_18973222604;TP_15569982604;256663;fadce1facfe8e1769f311ec942a6dca7f92e6b5f00269097aa30f3f4b43e5c37;2,03E+28;1;1;TPS_18973222604;T09.03.01;T09;3.0;RMG;2026-04-07 08:14:00;2026-04-07 08:19:00;2026-04-07 08:30:00;2026-04-07 08:33:00;293.0;655.0;;171.0;1119.0;07.04.2026 09:35;T09;1bae2a52-3249-11f1-b6c3-6fd0319fe261,1bb26b30-3249-11f1-b6c4-a780d0d4bec7;2;;
TP_15570932604_TPS_18973492604;TP_15570932604;777267;8cb23ef8e13cdc04d1428539cccc35b3a5f9d86a079c69bb532ae9d3b9d2c2f1;2,03E+28;0;1;TPS_18973492604;T13.02.01;T13;2.0;RMG;2026-04-07 10:39:00;2026-04-07 11:47:00;2026-04-07 11:51:00;2026-04-07 11:57:00;;235.0;;364.0;4670.0;07.04.2026 13:06;T13;d1967532-3266-11f1-9d1f-f76b6f43a20b;1;;
TP_15570932604_TPS_18981812604;TP_15570932604;777267;8cb23ef8e13cdc04d1428539cccc35b3a5f9d86a079c69bb532ae9d3b9d2c2f1;2,03E+28;1;0;TPS_18981812604;T13.02.01;T13;2.0;RMG;2026-04-07 10:39:00;2026-04-07 11:23:00;2026-04-07 11:47:00;2026-04-07 11:57:00;2592.0;1461.0;18.0;;;07.04.2026 13:06;T13;;0;;
TP_15571342604_TPS_18973402604;TP_15571342604;658963;452eee70bc63ef9858624ceafa5b4735ff5bcd5c2401eb97bd49b45e6889cf18;2,03E+28;1;1;TPS_18973402604;HO2.28;HO2;28.0;VC;2026-04-07 09:24:00;2026-04-07 09:33:00;2026-04-07 09:54:00;2026-04-07 10:05:00;494.0;1258.0;;696.0;2448.0;07.04.2026 11:06;HO2;e2e6c544-3252-11f1-99ff-bbe46774c0d2,e2ed4d92-3252-11f1-9a00-eb46e38be3a0;2;;
TP_15571362604_TPS_18973472604;TP_15571362604;591215;3ed0abcc255dce777d2c8d556bbc28815578a3d9ce28e805a76079f3d00b9f9c;2,03E+28;0;1;TPS_18973472604;HO2.33;HO2;33.0;VC;2026-04-07 09:25:00;2026-04-07 10:08:00;2026-04-07 10:22:00;2026-04-07 10:45:00;;849.0;;1365.0;4793.0;07.04.2026 11:35;HO2, T10, T15;f3da68d2-3258-11f1-9cce-2700ed55b41e;1;2032807213;
TP_15571362604_TPS_18981132604;TP_15571362604;591215;3ed0abcc255dce777d2c8d556bbc28815578a3d9ce28e805a76079f3d00b9f9c;2,03E+28;0;0;TPS_18981132604;HO2.33;HO2;33.0;VC;2026-04-07 09:25:00;2026-04-07 10:07:00;2026-04-07 10:08:00;2026-04-07 10:45:00;;31.0;36.0;;;07.04.2026 11:35;HO2, T10, T15;;0;2032807213;
TP_15571402604_TPS_18981182604;TP_15571402604;262089;b19ca9850ebdefa23726a0c5ea369e2dea84802cc77e024cc4f1b6a0c47729ae;2,03E+28;0;1;TPS_18981182604;T27.01.01;T27;1.0;RMG;2026-04-07 09:26:00;2026-04-07 09:39:00;2026-04-07 09:44:00;2026-04-07 09:52:00;;294.0;;479.0;1524.0;07.04.2026 10:35;LL, T27;2a93fbc8-3253-11f1-9a1a-a7fb936bbb9a;1;;
TP_15571402604_20260407093538000000024173006;TP_15571402604;262089;b19ca9850ebdefa23726a0c5ea369e2dea84802cc77e024cc4f1b6a0c47729ae;2,03E+28;1;0;2,03E+28;LL;LL;;Leerlager;2026-04-07 09:26:00;2026-04-07 09:29:00;2026-04-07 09:35:00;2026-04-07 09:52:00;169.0;350.0;232.0;;;07.04.2026 10:35;LL, T27;972dee1b-3253-11f1-abd3-2709b7d875a2;1;;
TP_15572782604_TPS_18977162604;TP_15572782604;961217;a0bf795b6b2127fd247b282b14c852bbe4d9191be4d3636573a566b0562add89;2,03E+28;1;1;TPS_18977162604;T25.01.01;T25;1.0;RMG;2026-04-07 10:35:00;2026-04-07 10:44:00;2026-04-07 10:49:00;2026-04-07 10:58:00;535.0;269.0;;559.0;1363.0;07.04.2026 12:05;T25;ce309288-325c-11f1-9126-53e4bc9ccf9b;1;;
TP_15573312604_TPS_18986532604;TP_15573312604;280028;c864721f75800905d14abddfdd52d4ba8543af25d79957c714cea16d861b4e53;2,03E+28;1;1;TPS_18986532604;T17.02.01;T17;2.0;RMG;2026-04-07 11:48:00;2026-04-07 12:11:00;2026-04-07 12:24:00;2026-04-07 12:35:00;1370.0;775.0;;699.0;2844.0;07.04.2026 13:35;T17;eebeb796-3266-11f1-b5be-f30fd49c4553,eec55b28-3266-11f1-b5bf-f311aa336b1c;2;;
TP_15573662604_TPS_18982482604;TP_15573662604;451459;2ed7c2da814517d690f65f8b8eadb00fd449300a2fefc3b4395269a3ec4321a2;2,03E+28;0;1;TPS_18982482604;HO2.31;HO2;31.0;VC;2026-04-07 13:45:00;2026-04-07 14:35:00;2026-04-07 15:11:00;2026-04-07 15:19:00;;2204.0;;480.0;5689.0;07.04.2026 16:05;HO2, T20;2f6b0c92-327e-11f1-9cee-b37fea0294eb;1;2033746012;
TP_15573862604_TPS_18975452604;TP_15573862604;471326;31b82ee3eeac1bb6ac5b38c8a0eb6ca0b5b0ddcd975746b065ceef6548098b0d;2,03E+28;1;1;TPS_18975452604;T12.03.01;T12;3.0;RMG;2026-04-07 09:41:00;2026-04-07 10:27:00;2026-04-07 11:01:00;2026-04-07 11:19:00;2753.0;1993.0;;1085.0;5831.0;07.04.2026 12:05;T12;42cc6e3a-3255-11f1-b44a-f718df1b4646,42d1ae40-3255-11f1-b44b-f743062e601c;2;;
TP_15574842604_TPS_18982452604;TP_15574842604;256556;b6b7327411f5c079d3b617c0bec4d2d5dc3001c7912f44df82317fa38b2c78d3;2,03E+28;0;1;TPS_18982452604;HO2.32;HO2;32.0;VC;2026-04-07 12:18:00;2026-04-07 12:46:00;2026-04-07 12:50:00;2026-04-07 12:57:00;;215.0;;402.0;2306.0;07.04.2026 14:05;HO2, T19;0cf2990a-326f-11f1-9bf2-4f4d30dfa559;1;2033464216;
TP_15575032604_TPS_18990072604;TP_15575032604;996162;1c5de1c070825b4eb48620e67e2f4c8b4494fbf52144c25233e1d624de32b6be;2,03E+28;0;1;TPS_18990072604;HO2.30;HO2;30.0;VC;2026-04-07 13:02:00;2026-04-07 13:23:00;2026-04-07 13:28:00;2026-04-07 13:48:00;;336.0;;1181.0;2766.0;07.04.2026 14:35;HO2, T22;;0;2033622232;
TP_15575082604_TPS_18982242604;TP_15575082604;234028;20af445181b0247c94338314cddb9bdccc4db54a8ed032229a18f5ce9ce7480f;2,03E+28;1;1;TPS_18982242604;T16.04.01;T16;4.0;RMG;2026-04-07 11:23:00;2026-04-07 11:58:00;2026-04-07 12:03:00;2026-04-07 12:24:00;2067.0;323.0;;1215.0;3605.0;07.04.2026 13:35;T16;82991046-3263-11f1-bab1-77ee836f1f09;1;;
TP_15575192604_TPS_18982442604;TP_15575192604;542286;315350aa9c7af26e6a3c10ff017ca1e5dd23028006511a45c5b03c1e5c05838c;2,03E+28;0;1;TPS_18982442604;HO2.26;HO2;26.0;VC;2026-04-07 11:46:00;2026-04-07 12:38:00;2026-04-07 12:47:00;2026-04-07 12:57:00;;543.0;;609.0;4290.0;07.04.2026 14:05;HO2, T07;e23b467c-326d-11f1-9bef-93bfc9f86b54;1;2033339785;
TP_15576682604_TPS_18989302604;TP_15576682604;336993;963689e846f6b563e956be8f36a606bd63b2e2b58d1e3901cb45e8aa72de4b87;2,03E+28;1;1;TPS_18989302604;T06.01.01;T06;1.0;RMG;2026-04-07 12:11:00;2026-04-07 12:50:00;2026-04-07 12:54:00;2026-04-07 13:00:00;2320.0;208.0;;409.0;2937.0;07.04.2026 14:05;T06;372a438a-326a-11f1-912c-7379e6b358b0;1;;
TP_15577202604_TPS_18973522604;TP_15577202604;597201;21d72a4ce22a7ea3cd6a0ba4f5ac454efcff0087e9d0094637ece664d0ddd043;2,03E+28;0;0;TPS_18973522604;HO2.24;HO2;24.0;VC;2026-04-07 13:52:00;2026-04-07 14:11:00;2026-04-07 14:18:00;2026-04-07 14:43:00;;409.0;210.0;;;07.04.2026 15:35;HO2, T08, T16;cf99ecc8-327a-11f1-9de4-fbdaafe296f1;1;2033818956;
TP_15577282604_TPS_18985612604;TP_15577282604;681160;ba05a25af660c1dc7462fc6c7ccbc3544fe8aff3fd68bba0e2b5f241c4e8466b;2,03E+28;1;1;TPS_18985612604;T23.02.01;T23;2.0;RMG;2026-04-07 13:55:00;2026-04-07 14:01:00;2026-04-07 14:09:00;2026-04-07 14:29:00;307.0;517.0;;1186.0;2010.0;07.04.2026 15:35;T23;be8c8794-3278-11f1-b4c8-279eba99fe02;1;;
TP_15577332604_TPS_18982472604;TP_15577332604;806150;3e2d01e88253c71e2b0cac478cf04b97f324b0d230ff28e17c856f9cb03a0ebd;2,03E+28;0;1;TPS_18982472604;HO2.25;HO2;25.0;VC;2026-04-07 13:57:00;2026-04-07 14:16:00;2026-04-07 14:18:00;2026-04-07 14:38:00;;116.0;;1178.0;2447.0;07.04.2026 15:35;HO2, T16;0fa3a11a-327b-11f1-9ccf-ebf45935d5e2;1;2033875498;
TP_15577682604_TPS_18988992604;TP_15577682604;498457;87d2407c9be3bb30c9bb2ffd48c0f08a64e769b5d378fa61f8ee6d15ffd40ccb;2,03E+28;1;1;TPS_18988992604;T24.02.01;T24;2.0;RMG;2026-04-07 12:01:00;2026-04-07 12:11:00;2026-04-07 12:14:00;2026-04-07 12:24:00;584.0;182.0;;577.0;1343.0;07.04.2026 13:35;T24;d1c66c86-3268-11f1-bf8d-b7fb4695c69f;1;;
TP_15577912604_TPS_18994182604;TP_15577912604;530094;b95fda927ef215131b0f34c27f46b851330959a6171930f231df6a80add44d88;2,03E+28;0;1;TPS_18994182604;HO2.25;HO2;25.0;VC;2026-04-07 15:36:00;2026-04-07 15:55:00;2026-04-07 16:03:00;2026-04-07 16:10:00;;515.0;;393.0;2040.0;07.04.2026 17:06;HO2, T12;c57b2700-3286-11f1-b2cf-e7d3626805c6;1;2034248471;
TP_15579102604_TPS_18973532604;TP_15579102604;927521;29cf8756ad060faec5c4f8317224abc82dff7779de61aa9df1b332de3bc800e2;2,03E+28;0;1;TPS_18973532604;HO2.31;HO2;31.0;VC;2026-04-07 13:34:00;2026-04-07 14:15:00;2026-04-07 14:18:00;2026-04-07 14:38:00;;144.0;;1233.0;3834.0;07.04.2026 15:35;HO2, T20;7f782510-327b-11f1-9de9-5bf3f8659e1e;1;2033729123;
TP_15580002604_TPS_18988332604;TP_15580002604;777203;a5d24e012179ad179fac4986559f1cdf1570789af84b86b343476200b1277615;2,03E+28;1;1;TPS_18988332604;T25.03.01;T25;3.0;RMG;2026-04-07 16:51:00;2026-04-07 17:05:00;2026-04-07 17:14:00;2026-04-07 17:20:00;833.0;488.0;;385.0;1706.0;07.04.2026 18:05;T25;54c2b716-3291-11f1-bcda-dfe66c9cae9b;1;;
TP_15580382604_TPS_18993052604;TP_15580382604;642284;45edfd4c188d839e60bff133be5c1e34058b4219144ec6ccd8b37796fb514a64;2,03E+28;0;1;TPS_18993052604;HO2.21;HO2;21.0;VC;2026-04-07 14:40:00;2026-04-07 15:30:00;2026-04-07 15:34:00;2026-04-07 15:44:00;;256.0;;553.0;3835.0;07.04.2026 16:35;HO2, T07, T15;eb1fc52c-327e-11f1-b95d-ef7b6b7fc341;1;2033991667;
TP_15580562604_TPS_18993292604;TP_15580562604;238180;9bc0b97df82af9e9956ea63e678eebdef317a4f6ce4f0c0ae1625e0eb36b686c;2,03E+28;0;1;TPS_18993292604;T07.03.01;T07;3.0;RMG;2026-04-07 14:43:00;2026-04-07 15:14:00;2026-04-07 15:19:00;2026-04-07 15:28:00;;288.0;;511.0;2643.0;07.04.2026 16:35;LL, T07;72fe88b6-327f-11f1-ba10-6bfabdbf1cf7;1;;
TP_15580562604_20260407150906000000024179768;TP_15580562604;238180;9bc0b97df82af9e9956ea63e678eebdef317a4f6ce4f0c0ae1625e0eb36b686c;2,03E+28;1;0;2,03E+28;LL;LL;;Leerlager;2026-04-07 14:43:00;2026-04-07 14:50:00;2026-04-07 15:09:00;2026-04-07 15:28:00;399.0;1108.0;337.0;;;07.04.2026 16:35;LL, T07;40d368e2-3282-11f1-abd3-2709b7d875a2;1;;
TP_15581002604_TPS_18990822604;TP_15581002604;967367;af3676cecb294d576e809c96e7e7e4142206f680b4736ef08702d45212a82679;2,03E+28;1;1;TPS_18990822604;T22.01.01;T22;1.0;RMG;2026-04-07 16:41:00;2026-04-07 16:57:00;2026-04-07 17:04:00;2026-04-07 17:09:00;914.0;442.0;;306.0;1662.0;07.04.2026 18:05;T22;ef11b1de-328f-11f1-8f51-4b80169cc005;1;;
TP_15581292604_TPS_18982522604;TP_15581292604;778895;9b8ae1827f7f0be36f00b0bfe23416c4058ed1565d8ef10c64b3090f9b19d7e5;2,03E+28;0;1;TPS_18982522604;HO2.26;HO2;26.0;VC;2026-04-07 17:13:00;2026-04-07 18:30:00;2026-04-07 18:38:00;2026-04-07 21:35:00;;469.0;;10592.0;15680.0;07.04.2026 22:35;HO2, T13;15499dc6-329f-11f1-9e85-4fbdb1a0f545;1;2034566060;
TP_15584202604_TPS_18998452604;TP_15584202604;418219;a5eaf8154dc5ca29faa393dd2ca0c27124a24ffd66fb12bfe6638a72b68a3256;2,03E+28;0;1;TPS_18998452604;HO2.24;HO2;24.0;VC;2026-04-07 17:25:00;2026-04-07 18:24:00;2026-04-07 18:38:00;2026-04-07 18:55:00;;808.0;;1024.0;5378.0;07.04.2026 20:05;HO2, T12, T23;0e754dbe-3296-11f1-9295-07a098ed4259;1;2034609065;
TP_15584382604_TPS_18988732604;TP_15584382604;969589;da67af12a61dcf18d9eedae6dd142af6b87b453f6762bee4b02f570bae938516;2,03E+28;1;1;TPS_18988732604;T08.02.01;T08;2.0;RMG;2026-04-07 17:53:00;2026-04-07 17:59:00;2026-04-07 18:17:00;2026-04-07 18:22:00;337.0;1069.0;;307.0;1713.0;07.04.2026 19:09;T08;fe4b65fa-3299-11f1-9b70-db93c47cca94,fe53ece8-3299-11f1-9b71-938d86bc3dae;2;;
TP_15584522604_TPS_18991162604;TP_15584522604;583323;ef88c4476871654f410910f724f625f879d0c7dcaad1f2bdaa7ba71f5305f201;2,03E+28;1;1;TPS_18991162604;T23.03.01;T23;3.0;RMG;2026-04-07 18:31:00;2026-04-07 18:37:00;2026-04-07 18:41:00;2026-04-07 18:45:00;336.0;242.0;;246.0;824.0;07.04.2026 19:09;T23;4d060290-329f-11f1-a981-bf4e04861ef8;1;;
TP_15584932604_TPS_18998702604;TP_15584932604;939646;5885a5630ff8be65dc5dc609d246c4a532477b12e299a3488c386d88212d04dc;2,03E+28;0;1;TPS_18998702604;HO2.23;HO2;23.0;VC;2026-04-07 19:09:00;2026-04-07 19:45:00;2026-04-07 19:49:00;2026-04-07 20:05:00;;250.0;;957.0;3389.0;07.04.2026 21:09;HO2, T16;872e8ad2-32a4-11f1-9da6-b7797c3af252;1;2034791699;
TP_15585402604_TPS_18982512604;TP_15585402604;518416;d6020f6aad07542c88834a4b99afe73e12c5866b612c9821e0f458e19abbccd4;2,03E+28;0;1;TPS_18982512604;HO2.28;HO2;28.0;VC;2026-04-07 18:00:00;2026-04-07 18:27:00;2026-04-07 18:37:00;2026-04-07 18:46:00;;599.0;;524.0;2746.0;07.04.2026 19:09;HO2, T21;9fbd2b18-329e-11f1-9e6d-e7c9aa0a8b09;1;2034672442;
TP_15585602604_TPS_19003092604;TP_15585602604;731317;c98404d340503020df25017b072fc4e204609e2703c517f704e37f2fee4ac0e5;2,03E+28;1;1;TPS_19003092604;T23.03.01;T23;3.0;RMG;2026-04-07 21:14:00;2026-04-07 21:22:00;2026-04-07 21:25:00;2026-04-07 21:31:00;424.0;197.0;;355.0;976.0;07.04.2026 22:35;T23;128c0c60-32b6-11f1-b401-af5f6e1c2fea;1;;
TP_15586452604_TPS_19006172604;TP_15586452604;805033;41df69d51a92da69d986f4e554f131113cb1be9ff27cffb93fe0db34e9324f06;2,03E+28;0;1;TPS_19006172604;HO2.21;HO2;21.0;VC;2026-04-08 07:41:00;2026-04-08 09:28:00;2026-04-08 09:41:00;2026-04-08 09:46:00;;778.0;;338.0;7501.0;08.04.2026 10:35;HO2, T09;9d0ff93a-330d-11f1-9968-2f7aca217392;1;2035952690;
TP_15587522604_20260408033639000000024199782;TP_15587522604;620323;501de360d382f2fab15c626d4b24e3f25d17772a97fd39000a192b3d08cb12ff;2,03E+28;1;0;2,03E+28;LL;LL;;Leerlager;2026-04-08 03:29:00;2026-04-08 03:34:00;2026-04-08 03:36:00;2026-04-08 04:06:00;287.0;132.0;580.0;;;08.04.2026 05:06;LL, T27;168c426d-32eb-11f1-abd3-2709b7d875a2;1;2035458530;
TP_15587582604_TPS_18999712604;TP_15587582604;273005;bcb63226e69562143a3d52ecb7c4d926873ce71d2c1e673ca64ad73e23503634;2,03E+28;1;1;TPS_18999712604;T07.03.01;T07;3.0;RMG;2026-04-08 03:34:00;2026-04-08 03:43:00;2026-04-08 03:46:00;2026-04-08 03:51:00;515.0;182.0;;295.0;992.0;08.04.2026 04:35;T07;28a65944-32eb-11f1-ac03-d3685d42f31c;1;;
TP_15588052604_TPS_19001702604;TP_15588052604;260759;791b5039ffeaf040893b506d426e955107fc3482064efa8a5f42ba216bb70664;2,03E+28;0;1;TPS_19001702604;HO2.31;HO2;31.0;VC;2026-04-07 19:33:00;2026-04-07 20:06:00;2026-04-07 20:11:00;2026-04-07 20:18:00;;276.0;;426.0;2683.0;07.04.2026 21:09;HO2, T13;e94a217e-32a7-11f1-ad50-17a08fee017b;1;2034833010;
TP_15588092604_TPS_19002042604;TP_15588092604;502973;e04b5944d9061db42ac6096171c806eaf72944cc4d514fc31c505496cf4879e9;2,03E+28;0;1;TPS_19002042604;T19.03.01;T19;3.0;RMG;2026-04-07 19:48:00;2026-04-07 20:36:00;2026-04-07 20:41:00;2026-04-07 21:12:00;;290.0;;1847.0;4998.0;07.04.2026 22:05;LL, T19;0ec7b932-32aa-11f1-ae47-cb804c862693;1;;
TP_15588092604_20260407202544000000024193037;TP_15588092604;502973;e04b5944d9061db42ac6096171c806eaf72944cc4d514fc31c505496cf4879e9;2,03E+28;1;0;2,03E+28;LL;LL;;Leerlager;2026-04-07 19:48:00;2026-04-07 20:20:00;2026-04-07 20:25:00;2026-04-07 21:12:00;1905.0;300.0;656.0;;;07.04.2026 22:05;LL, T19;803d5fab-32ae-11f1-abd3-2709b7d875a2;1;;
TP_15588272604_TPS_18982542604;TP_15588272604;446323;aa650f8fb0c651eba99e67fd21e73081d2abf3d206560759f5acef40c2d7684f;2,03E+28;0;1;TPS_18982542604;HO2.28;HO2;28.0;VC;2026-04-07 20:59:00;2026-04-07 21:39:00;2026-04-07 21:43:00;2026-04-07 21:55:00;;288.0;;682.0;3324.0;07.04.2026 23:06;HO2, T13;695f71fa-32b9-11f1-9f17-339aaa11d0f2;1;2034960116;
TP_15588402604_TPS_18982532604;TP_15588402604;928007;216864fd1ceb91da5dcd51b751e6b6f5781f73e377e52431503e8ab1678d96ae;2,03E+28;0;1;TPS_18982532604;HO2.27;HO2;27.0;VC;2026-04-07 21:11:00;2026-04-07 21:30:00;2026-04-07 21:34:00;2026-04-07 21:48:00;;244.0;;842.0;2208.0;07.04.2026 22:35;HO2, T13;2fee35d8-32b8-11f1-9f12-9b2cb14509ad;1;2034973107;
TP_15589572604_TPS_19005522604;TP_15589572604;872505;ebb012e185d3474bababa47570dd44b054a5173886ed38037c00b3d203802fef;2,03E+28;0;1;TPS_19005522604;HO2.31;HO2;31.0;VC;2026-04-08 01:41:00;2026-04-08 02:26:00;2026-04-08 02:31:00;2026-04-08 02:49:00;;288.0;;1126.0;4102.0;08.04.2026 03:35;HO2, LL, T10;504b1b8e-32db-11f1-be9b-773c5ab236a6;1;2035287725;
TP_15589672604_TPS_18999792604;TP_15589672604;584026;bbd31c946d6916b3a351cb703c779980a1f728ebc59ce3baac1fb7b6169217be;2,03E+28;0;1;TPS_18999792604;HO2.21;HO2;21.0;VC;2026-04-08 03:38:00;2026-04-08 04:48:00;2026-04-08 05:16:00;2026-04-08 05:36:00;;1633.0;;1230.0;7100.0;08.04.2026 06:35;HO2, T13, T14;a071170c-32eb-11f1-ac3e-479049f9b1bc;1;2035469371;
TP_15590862604_TPS_19003612604;TP_15590862604;216404;9968b803233b28c05487bdfc00923f1b5b56e663c3c66702c6def6ccec9376d8;2,03E+28;0;1;TPS_19003612604;HO2.27;HO2;27.0;VC;2026-04-08 02:44:00;2026-04-08 03:15:00;2026-04-08 03:21:00;2026-04-08 03:34:00;;370.0;;764.0;2999.0;08.04.2026 04:35;HO2, T08, T25;11fb3a04-32e4-11f1-ba74-2bbbc37dcc90;1;2035401843;
TP_15590922604_20260408041758000000024206203;TP_15590922604;587218;999ae956ebcc7fa15a64b8f79a9572006392e9ce165de73c9b5d4b496c37f08c;2,03E+28;0;1;2,03E+28;LL;LL;;Leerlager;2026-04-08 04:02:00;2026-04-08 04:10:00;2026-04-08 04:17:00;2026-04-08 04:21:00;;462.0;;207.0;1163.0;08.04.2026 05:06;HO2, LL;d8a3f771-32f0-11f1-abd3-2709b7d875a2;1;2035495225;
TP_15591322604_TPS_19008982604;TP_15591322604;758448;fdd1b501bb42f25f24ace02173a9479aec69a744475d7c0175378996c23a6ead;2,03E+28;1;1;TPS_19008982604;T06.02.01;T06;2.0;RMG;2026-04-08 08:00:00;2026-04-08 08:23:00;2026-04-08 08:33:00;2026-04-08 08:52:00;1352.0;601.0;;1161.0;3114.0;08.04.2026 09:35;T06;51173dec-3310-11f1-8f58-fb28c0687052,5123a208-3310-11f1-8f59-e7cb0869a933;2;;
TP_15591562604_TPS_18973692604;TP_15591562604;482238;a142c3e28eef651f8bcce66c315d12dad387909e1c61c7a74047ff614009b56c;2,03E+28;0;1;TPS_18973692604;HO2.35;HO2;35.0;VC;2026-04-08 09:14:00;2026-04-08 10:14:00;2026-04-08 10:39:00;2026-04-08 10:42:00;;1468.0;;231.0;5279.0;08.04.2026 11:35;HO2, T19;;0;2036279642;
TP_15591722604_TPS_18982562604;TP_15591722604;508132;fa549c181a1061700ae161a9bf535a1ac16da5c1624badf45f0de20abb1e74a3;2,03E+28;0;1;TPS_18982562604;HO2.25;HO2;25.0;VC;2026-04-08 05:55:00;2026-04-08 06:27:00;2026-04-08 06:28:00;2026-04-08 06:33:00;;65.0;;329.0;2274.0;08.04.2026 07:35;HO2, T16;75400a5e-3302-11f1-a1fa-03bf6bb3dc54;1;2035741329;
TP_15591992604_TPS_19011852604;TP_15591992604;398680;5c0f6218e213db4c71adfaaf332222e878554dafed95b73d110b68a11b30edb9;2,03E+28;1;1;TPS_19011852604;T09.02.01;T09;2.0;RMG;2026-04-08 07:55:00;2026-04-08 08:06:00;2026-04-08 08:13:00;2026-04-08 08:32:00;646.0;424.0;;1150.0;2220.0;08.04.2026 09:35;T09;9e5a1ed6-330f-11f1-a15b-e723eb6b35c7;1;;
TP_15593382604_TPS_19007912604;TP_15593382604;602902;d791eb7b3d96b622e32dff988b7657230ec81785770445471aa056f610292dfb;2,03E+28;0;1;TPS_19007912604;T15.02.01;T15;2.0;RMG;2026-04-08 06:46:00;2026-04-08 07:29:00;2026-04-08 07:37:00;2026-04-08 12:00:00;;484.0;;15807.0;18861.0;08.04.2026 13:06;T15, T16, T17;e7c9d336-3305-11f1-96ba-ffbd762e991b;1;2035785760;
TP_15593432604_TPS_19007962604;TP_15593432604;677114;a69314baae09d92b71265d63e34dc02e2bba8c9b8a911ddcc7f55d20c47454d8;2,03E+28;1;1;TPS_19007962604;T24.02.01;T24;2.0;RMG;2026-04-08 06:47:00;2026-04-08 06:53:00;2026-04-08 07:04:00;2026-04-08 07:09:00;359.0;623.0;;331.0;1313.0;08.04.2026 08:05;T24;1e3e2f16-3306-11f1-96db-a34cc7cb2f88;1;;
TP_15593572604_TPS_19010682604;TP_15593572604;305045;115cf73fa8aa27e2210608318009303880a91c410317ae3831e2f1683490fd87;2,03E+28;1;1;TPS_19010682604;T25.01.01;T25;1.0;RMG;2026-04-08 06:51:00;2026-04-08 07:08:00;2026-04-08 07:13:00;2026-04-08 07:20:00;961.0;304.0;;441.0;1706.0;08.04.2026 08:05;T25;ad886fb0-3306-11f1-9745-c78a80fd39e2;1;;
TP_15593682604_TPS_18973622604;TP_15593682604;464457;368b625ea70b569c6eb2a52361751baf355a7bec13c795da6ffa2c008d569fe1;2,03E+28;0;1;TPS_18973622604;HO2.22;HO2;22.0;VC;2026-04-08 06:55:00;2026-04-08 08:22:00;2026-04-08 08:39:00;2026-04-08 08:56:00;;973.0;;1028.0;7255.0;08.04.2026 09:35;HO2, T16;9cb883e2-330a-11f1-a42e-cb26d4c5be89;1;2035819613;
TP_15593822604_TPS_18973632604;TP_15593822604;560712;2d784be57c1c3255b3508fd01f2430c3485b55ec163864e0be8811dde9370a44;2,03E+28;0;1;TPS_18973632604;HO2.24;HO2;24.0;VC;2026-04-08 06:59:00;2026-04-08 08:52:00;2026-04-08 09:16:00;2026-04-08 09:22:00;;1438.0;;372.0;8590.0;08.04.2026 10:05;HO2, T16;;0;2035823482;
TP_15594842604_TPS_19004812604;TP_15594842604;589075;5efd7537773d481317174bd604d5aaf2d320f7ae8d8fe009268dba6df4956439;2,03E+28;1;1;TPS_19004812604;T24.03.01;T24;3.0;RMG;2026-04-08 09:08:00;2026-04-08 09:13:00;2026-04-08 09:26:00;2026-04-08 09:35:00;262.0;759.0;;579.0;1600.0;08.04.2026 10:35;T24;d0fa903c-3319-11f1-b119-ff578f722fd2;1;;
TP_15595002604_TPS_19016022604;TP_15595002604;747729;8afb230824a7df57a17737ad1ec32f8f9c92346775fa1b51987566ee539950b9;2,03E+28;0;0;TPS_19016022604;HO2.23;HO2;23.0;VC;2026-04-08 09:42:00;2026-04-08 11:02:00;2026-04-08 11:09:00;2026-04-08 12:33:00;;379.0;4265.0;;;08.04.2026 13:35;HO2, T13, T25;775a7a74-331e-11f1-b522-ab4266de2dc6;1;2036380073;
TP_15595402604_TPS_19013862604;TP_15595402604;773747;4cd1cd555074ed3f48c36b7dc8dbc037c844d3ae0ddf1a205771e285698a3921;2,03E+28;1;1;TPS_19013862604;HO2.31;HO2;31.0;VC;2026-04-08 10:57:00;2026-04-08 11:20:00;2026-04-08 11:28:00;2026-04-08 11:48:00;1335.0;511.0;;1195.0;3041.0;08.04.2026 12:35;HO2;0b3211d0-3329-11f1-ba5d-5b500cd5e910;1;;
TP_15595502604_TPS_19017952604;TP_15595502604;962845;dccddbb28ff06dfc6cf0178ca8a5d27ddca8ddf8f9e15099d0371476e9a9007c;2,03E+28;0;1;TPS_19017952604;HO2.29;HO2;29.0;VC;2026-04-08 11:14:00;2026-04-08 12:10:00;2026-04-08 12:15:00;2026-04-08 12:25:00;;290.0;;606.0;4250.0;08.04.2026 13:06;HO2, T15, T16;5115e512-332b-11f1-b760-57e15104430c;1;2036843651;
TP_15595762604_TPS_19008622604;TP_15595762604;544405;76c9ca683ee969c6cecaca282405cf79f35ed74e96467fcd5819d3a821a5da97;2,03E+28;1;1;TPS_19008622604;T08.02.01;T08;2.0;RMG;2026-04-08 07:30:00;2026-04-08 07:38:00;2026-04-08 07:57:00;2026-04-08 08:06:00;473.0;1110.0;;574.0;2157.0;08.04.2026 09:06;T08;2000a4d6-330c-11f1-bff2-5b387e848f99;1;;
TP_15596082604_TPS_19006002604;TP_15596082604;781913;cf4b36f44c643336c5f6e8a9ec08ea5aa544d3bd3412e8d1cfabc7b952a83643;2,03E+28;1;1;TPS_19006002604;T12.02.01;T12;2.0;RMG;2026-04-08 07:38:00;2026-04-08 07:45:00;2026-04-08 08:10:00;2026-04-08 08:52:00;420.0;1477.0;;2494.0;4391.0;08.04.2026 09:35;T12;3e4da46a-330d-11f1-9908-17c1f3774279;1;;
TP_15596652604_TPS_18982582604;TP_15596652604;328195;7c277d57a95089b08b9559ffc0adebd72e06d694d3919370c6a36047d7856d15;2,03E+28;0;1;TPS_18982582604;HO2.29;HO2;29.0;VC;2026-04-08 08:23:00;2026-04-08 08:57:00;2026-04-08 09:05:00;2026-04-08 09:17:00;;459.0;;723.0;3234.0;08.04.2026 10:05;HO2, T23;;0;2036082136;
TP_15596852604_TPS_19009082604;TP_15596852604;454599;b112fa6a6f27f0d3d06a5da70b269272b39e659f4864b3f1da84e2c2fe5016af;2,03E+28;0;1;TPS_19009082604;HO2.29;HO2;29.0;VC;2026-04-08 09:02:00;2026-04-08 10:24:00;2026-04-08 10:35:00;2026-04-08 10:57:00;;632.0;;1307.0;6894.0;08.04.2026 11:35;HO2, T10, T27;ddb637c8-3318-11f1-9cd5-f7c836beea4e;1;2036251209;
TP_15597392604_20260408100949000000024213066;TP_15597392604;226224;9e5dcce44bbcf83ff4059439ca53db6b3cea3d960d72e2b9c0d3f5cce632bf63;2,03E+28;1;1;2,03E+28;LL;LL;;Leerlager;2026-04-08 10:01:00;2026-04-08 10:06:00;2026-04-08 10:09:00;2026-04-08 10:13:00;279.0;191.0;;244.0;714.0;08.04.2026 11:06;LL;fd2cb93e-3321-11f1-abd3-2709b7d875a2;1;;
TP_15597662604_TPS_19009882604;TP_15597662604;379249;678e388a84c405954768746e51753b28e3b44e89816553e6be2f509dc3661723;2,03E+28;1;1;TPS_19009882604;T09.01.01;T09;1.0;RMG;2026-04-08 11:03:00;2026-04-08 11:09:00;2026-04-08 11:19:00;2026-04-08 11:26:00;345.0;558.0;;439.0;1342.0;08.04.2026 12:05;T09;e1c6f468-3329-11f1-b4d6-f759359fab24;1;;
TP_15598072604_TPS_18982612604;TP_15598072604;720938;752d0176c88f4d0329587a7be5b94bce6994ddaa6a20b0567ea6cd95d2f16160;2,03E+28;0;1;TPS_18982612604;HO2.26;HO2;26.0;VC;2026-04-08 11:45:00;2026-04-08 12:16:00;2026-04-08 12:23:00;2026-04-08 12:28:00;;432.0;;316.0;2590.0;08.04.2026 13:06;HO2, T09;e5f8a09a-3333-11f1-a478-77fc88794770;1;2036977427;
TP_15598092604_TPS_19005032604;TP_15598092604;554658;dffe331df04943c2719e7186e76f358b9558e8dfab1f42db95becdd3e6d99760;2,03E+28;0;1;TPS_19005032604;HO2.31;HO2;31.0;VC;2026-04-08 09:24:00;2026-04-08 09:41:00;2026-04-08 09:45:00;2026-04-08 09:55:00;;248.0;;576.0;1880.0;08.04.2026 10:35;HO2, T06;eb8979b6-331b-11f1-b307-6372764205d9;1;2036320633;
TP_15599102604_TPS_19010432604;TP_15599102604;320622;363dea2edd19f9fb13d42fee158288ce03001638f479d521db2d4922e43a980d;2,03E+28;1;1;TPS_19010432604;T10.04.01;T10;4.0;RMG;2026-04-08 12:43:00;2026-04-08 12:48:00;2026-04-08 12:55:00;2026-04-08 12:59:00;291.0;380.0;;278.0;949.0;08.04.2026 14:05;T10;da4a1aa4-3337-11f1-bbcd-ebd30fb3cf99;1;;
TP_15599202604_TPS_19010462604;TP_15599202604;430693;4d32d4a2869a2d378838efca528d32e33e10aa17d56b333667a4adc010d9a065;2,03E+28;1;1;TPS_19010462604;T15.01.01;T15;1.0;RMG;2026-04-08 12:55:00;2026-04-08 13:03:00;2026-04-08 13:11:00;2026-04-08 13:17:00;450.0;505.0;;315.0;1270.0;08.04.2026 14:05;T15;8752b3b8-3339-11f1-bea1-476dc5f799a3,875ffcbc-3339-11f1-bea2-2bcc011ef8db;2;;
TP_15599772604_TPS_19017252604;TP_15599772604;211091;5d4d7693ba65ddcf96e77b1b34b4bb1e4911ca981c15aac058df1eba56a7f2ce;2,03E+28;0;1;TPS_19017252604;HO2.32;HO2;32.0;VC;2026-04-08 10:35:00;2026-04-08 11:23:00;2026-04-08 11:26:00;2026-04-08 11:39:00;;189.0;;812.0;3885.0;08.04.2026 12:35;HO2, T12;d79f8cb0-3325-11f1-ae73-57c98c2b916a;1;2036630981;
TP_15600442604_TPS_19010142604;TP_15600442604;636358;4123665bdceb6959f407ffd0fb1e7ec28037efff93471712b732be2e62cfb1db;2,03E+28;0;1;TPS_19010142604;HO2.29;HO2;29.0;VC;2026-04-08 11:10:00;2026-04-08 11:43:00;2026-04-08 11:45:00;2026-04-08 12:00:00;;154.0;;872.0;3001.0;08.04.2026 13:06;HO2, T12;bbf47390-332a-11f1-b549-cf2f9c14b1c3;1;2036787226;
TP_15600742604_TPS_19014132604;TP_15600742604;982886;b714013edd22b5f6357f3c8b09de0b1cbfb8f392d05dcc5212ec0ddd249898b4;2,03E+28;1;1;TPS_19014132604;T06.02.01;T06;2.0;RMG;2026-04-08 11:28:00;2026-04-08 11:37:00;2026-04-08 11:57:00;2026-04-08 12:09:00;536.0;1186.0;;726.0;2448.0;08.04.2026 13:06;T06;5fc1857e-332d-11f1-bfff-67fba0445772,5fd0ae96-332d-11f1-8000-d74d5e4cc625,5fdf14c2-332d-11f1-af0d-cb3941f3c34a;3;;
TP_15600852604_TPS_18982592604;TP_15600852604;940751;11b7c4d8555ba3977df0c4a3a8887b6f929fced654cdbabd4365486ca16b6340;2,03E+28;0;0;TPS_18982592604;HO2.31;HO2;31.0;VC;2026-04-08 11:55:00;2026-04-08 12:20:00;2026-04-08 12:25:00;2026-04-08 13:17:00;;325.0;257.0;;;08.04.2026 14:05;HO2, T16;;0;2037122830;
TP_15601012604_TPS_19022282604;TP_15601012604;209856;9416bc404a3e72de9e646f8b67106d89771566430097732d71261a13a2b955cc;2,03E+28;1;1;TPS_19022282604;T19.03.01;T19;3.0;RMG;2026-04-08 13:28:00;2026-04-08 13:38:00;2026-04-08 13:41:00;2026-04-08 14:16:00;553.0;207.0;;2088.0;2848.0;08.04.2026 15:06;T19;23639d5e-333e-11f1-9d4b-4fd6ba715909;1;;
TP_15601212604_TPS_19021852604;TP_15601212604;384398;828fe751dbf9bcb6a63e027bbb1d21a5859dff0bcda312191a1ef7e01016444a;2,03E+28;0;1;TPS_19021852604;HO2.33;HO2;33.0;VC;2026-04-08 13:48:00;2026-04-08 15:46:00;2026-04-08 15:53:00;2026-04-08 16:05:00;;463.0;;673.0;8202.0;08.04.2026 17:06;HO2, T13, T27;d9b44cd2-3340-11f1-8bb1-bbc6c5b9b3c2;1;2037687666;
TP_15601532604_TPS_19023162604;TP_15601532604;728888;eaad5f96392f014e055d8b52595de82771f40fd58e7626ead5377c5bb778c671;2,03E+28;1;1;TPS_19023162604;HO2.34;HO2;34.0;VC;2026-04-08 14:55:00;2026-04-08 15:37:00;2026-04-08 15:45:00;2026-04-08 15:51:00;2493.0;467.0;;384.0;3344.0;08.04.2026 16:35;HO2;4acd09b4-334a-11f1-a831-bbcac7f8e3d0;1;;
TP_15602062604_TPS_19021022604;TP_15602062604;629906;dead17651e45e0a62d03d60f92cfb034549cf9d2e7e2d1b76888bf3957774821;2,03E+28;0;1;TPS_19021022604;T24.03.01;T24;3.0;RMG;2026-04-08 11:50:00;2026-04-08 12:03:00;2026-04-08 12:11:00;2026-04-08 12:19:00;;480.0;;462.0;1686.0;08.04.2026 13:06;T17, T24;72900862-3330-11f1-b6e3-0b9e17c85d21;1;;
TP_15602062604_TPS_19021012604;TP_15602062604;629906;dead17651e45e0a62d03d60f92cfb034549cf9d2e7e2d1b76888bf3957774821;2,03E+28;1;0;TPS_19021012604;T17.02.01;T17;2.0;RMG;2026-04-08 11:50:00;2026-04-08 11:56:00;2026-04-08 12:00:00;2026-04-08 12:19:00;321.0;255.0;168.0;;;08.04.2026 13:06;T17, T24;7280717c-3330-11f1-b6e2-07b426bb684a;1;;
TP_15602212604_TPS_19019962604;TP_15602212604;861038;e1309ee8ec35eceecc83ace66bb81d59a1b2eb806c15e30eae8b8c6328cb541d;2,03E+28;0;1;TPS_19019962604;T25.01.01;T25;1.0;RMG;2026-04-08 12:05:00;2026-04-08 12:41:00;2026-04-08 12:46:00;2026-04-08 12:54:00;;298.0;;480.0;2949.0;08.04.2026 13:35;LL, T25;67bd820a-3332-11f1-9798-f73d5fea2aee;1;;
TP_15602212604_20260408121620000000024219627;TP_15602212604;861038;e1309ee8ec35eceecc83ace66bb81d59a1b2eb806c15e30eae8b8c6328cb541d;2,03E+28;1;0;2,03E+28;LL;LL;;Leerlager;2026-04-08 12:05:00;2026-04-08 12:09:00;2026-04-08 12:16:00;2026-04-08 12:54:00;252.0;428.0;1491.0;;;08.04.2026 13:35;LL, T25;0da6cdd4-3333-11f1-abd3-2709b7d875a2;1;;
TP_15603522604_TPS_19020082604;TP_15603522604;627918;eabb5edecc918178927da663749be8f608bf2eff16142cc9bbfda1cb97020445;2,03E+28;0;1;TPS_19020082604;T20.03.01;T20;3.0;RMG;2026-04-08 12:37:00;2026-04-08 13:16:00;2026-04-08 13:32:00;2026-04-08 13:44:00;;942.0;;701.0;3976.0;08.04.2026 14:35;HO2, T20;0372410a-3337-11f1-9e85-6f90c942b07f;1;;
TP_15603522604_TPS_19020072604;TP_15603522604;627918;eabb5edecc918178927da663749be8f608bf2eff16142cc9bbfda1cb97020445;2,03E+28;1;0;TPS_19020072604;HO2.24;HO2;24.0;VC;2026-04-08 12:37:00;2026-04-08 12:45:00;2026-04-08 12:47:00;2026-04-08 13:44:00;454.0;96.0;1783.0;;;08.04.2026 14:35;HO2, T20;0363afaa-3337-11f1-9e84-6bba07869193;1;;
TP_15603942604_TPS_19021922604;TP_15603942604;582356;ba03276012baffd9c594c29684b5f31c08940cd5976470c8271fe29e22681568;2,03E+28;1;1;TPS_19021922604;HO2.27;HO2;27.0;VC;2026-04-08 13:51:00;2026-04-08 14:03:00;2026-04-08 14:14:00;2026-04-08 14:35:00;705.0;637.0;;1245.0;2587.0;08.04.2026 15:35;HO2;59b208e8-3341-11f1-8c05-77fffce85666;1;;
TP_15604732604_TPS_19021512604;TP_15604732604;277120;809f41e62d895aac107021f80330df9f519d0cc0f647d3347fc2607cd014ace3;2,03E+28;0;1;TPS_19021512604;T09.02.01;T09;2.0;RMG;2026-04-08 12:59:00;2026-04-08 13:12:00;2026-04-08 13:17:00;2026-04-08 13:23:00;;250.0;;369.0;1437.0;08.04.2026 14:05;T09, T19;fcdbf572-3339-11f1-877f-9b137adf1339;1;;
TP_15604732604_TPS_19021502604;TP_15604732604;277120;809f41e62d895aac107021f80330df9f519d0cc0f647d3347fc2607cd014ace3;2,03E+28;1;0;TPS_19021502604;T19.02.01;T19;2.0;RMG;2026-04-08 12:59:00;2026-04-08 13:04:00;2026-04-08 13:08:00;2026-04-08 13:23:00;314.0;242.0;262.0;;;08.04.2026 14:05;T09, T19;fcce8cde-3339-11f1-877e-bb80b93f9ecc;1;;
TP_15605982604_TPS_19024152604;TP_15605982604;632505;6798bbff2e1f01e15e4463189a89f756b823492c2ed4113408fe1d3c13574d8a;2,03E+28;0;1;TPS_19024152604;T07.02.01;T07;2.0;RMG;2026-04-08 14:17:00;2026-04-08 15:17:00;2026-04-08 15:24:00;2026-04-08 15:45:00;;387.0;;1258.0;5225.0;08.04.2026 16:35;HO2, T07;fc1a8b02-3344-11f1-bfd4-8bcb71cebffa;1;;
TP_15605982604_TPS_19024142604;TP_15605982604;632505;6798bbff2e1f01e15e4463189a89f756b823492c2ed4113408fe1d3c13574d8a;2,03E+28;1;0;TPS_19024142604;HO2.33;HO2;33.0;VC;2026-04-08 14:17:00;2026-04-08 14:25:00;2026-04-08 15:11:00;2026-04-08 15:45:00;434.0;2798.0;348.0;;;08.04.2026 16:35;HO2, T07;fc0bcef0-3344-11f1-bfd3-638c9e9d3356;1;;
TP_15606442604_TPS_18973702604;TP_15606442604;338889;d66157423bacf8648c018da04293a20912033ecb1f8f15c036489522f740f1fa;2,03E+28;0;1;TPS_18973702604;HO2.29;HO2;29.0;VC;2026-04-08 14:45:00;2026-04-08 15:21:00;2026-04-08 15:27:00;2026-04-08 15:35:00;;327.0;;459.0;2949.0;08.04.2026 16:35;HO2, T22;e40c55dc-334d-11f1-94ec-b3af039386a7;1;2037873178;
TP_15606762604_TPS_19028672604;TP_15606762604;744755;d44b44497c5ff2ebbb72eb78b652c13fd844384bfd710278c75e8aec64595bbd;2,03E+28;1;1;TPS_19028672604;T23.03.01;T23;3.0;RMG;2026-04-08 15:32:00;2026-04-08 15:38:00;2026-04-08 15:41:00;2026-04-08 15:48:00;333.0;170.0;;457.0;960.0;08.04.2026 16:35;T23;761744d6-334f-11f1-b0b3-07d160b1c0e1;1;;
TP_15606842604_TPS_19025722604;TP_15606842604;715667;98ce18947ac141c5b432245826fbcf6465db180a95ae7817a0c0346ad6b4c334;2,03E+28;1;1;TPS_19025722604;HO2.28;HO2;28.0;VC;2026-04-08 15:45:00;2026-04-08 16:17:00;2026-04-08 16:21:00;2026-04-08 16:30:00;1919.0;230.0;;541.0;2690.0;08.04.2026 17:35;HO2;46dacb32-3351-11f1-bb85-4b726fd00207;1;;
TP_15606922604_TPS_19025792604;TP_15606922604;887855;02977bfa86e12fce8172b881f6092d07bb7cd37b856ac80e00114a19647ef3ca;2,03E+28;1;1;TPS_19025792604;T27.02.01;T27;2.0;RMG;2026-04-08 15:51:00;2026-04-08 15:56:00;2026-04-08 16:04:00;2026-04-08 16:22:00;285.0;442.0;;1127.0;1854.0;08.04.2026 17:35;T27;1d42f622-3352-11f1-bd3d-5f095d65b1c6;1;;
TP_15607062604_TPS_19028492604;TP_15607062604;284527;f388b984a089326428734bbbebb51b171ced4024fe9cdc2f30d20b519a328a53;2,03E+28;1;1;TPS_19028492604;T09.03.01;T09;3.0;RMG;2026-04-08 15:03:00;2026-04-08 15:11:00;2026-04-08 15:22:00;2026-04-08 15:45:00;438.0;693.0;;1369.0;2500.0;08.04.2026 16:35;T09;69650d8a-334b-11f1-a9a5-83970ccdf102;1;;
TP_15607662604_TPS_19031642604;TP_15607662604;727945;73903f3648dd648758a9f46ff903bb17457aba5bf9e23d0fa64ea9bbad4c50eb;2,03E+28;1;1;TPS_19031642604;T21.04.01;T21;4.0;RMG;2026-04-08 16:40:00;2026-04-08 16:49:00;2026-04-08 16:59:00;2026-04-08 17:06:00;538.0;579.0;;428.0;1545.0;08.04.2026 18:05;T21;f61d3a4c-3358-11f1-a8dc-b30ad85a39c0;1;;
TP_15608962604_TPS_19027642604;TP_15608962604;947872;ac029677c9b0a6983e86586454f26e5843a27ca1ba76fa7d417103a7b9c1719c;2,03E+28;1;1;TPS_19027642604;T09.01.01;T09;1.0;RMG;2026-04-08 16:58:00;2026-04-08 17:04:00;2026-04-08 17:13:00;2026-04-08 17:16:00;336.0;543.0;;163.0;1042.0;08.04.2026 18:05;T09;79752e16-335b-11f1-8c33-27c42f97b1af;1;;
TP_15609892604_TPS_19031532604;TP_15609892604;917939;ca9e7165c7c3b3281cef2bfafa6e686051596ba038d553cf7403b5ff9454134e;2,03E+28;0;1;TPS_19031532604;HO2.34;HO2;34.0;VC;2026-04-08 16:39:00;2026-04-08 17:03:00;2026-04-08 17:12:00;2026-04-08 17:29:00;;554.0;;989.0;2976.0;08.04.2026 18:35;HO2, T15;cbb8a3e0-3358-11f1-a8b3-97d8edbd1339;1;2038380640;
TP_15610912604_TPS_19026932604;TP_15610912604;613100;8ddc435fc13a76b7939c9dc7df6efeb6737a355e4ed749a12562675ef1f285a6;2,03E+28;0;1;TPS_19026932604;HO2.22;HO2;22.0;VC;2026-04-08 16:14:00;2026-04-08 16:53:00;2026-04-08 16:57:00;2026-04-08 17:06:00;;252.0;;533.0;3079.0;08.04.2026 18:05;HO2, T10;;0;;
TP_15610912604_TPS_19026922604;TP_15610912604;613100;8ddc435fc13a76b7939c9dc7df6efeb6737a355e4ed749a12562675ef1f285a6;2,03E+28;1;0;TPS_19026922604;T10.03.01;T10;3.0;RMG;2026-04-08 16:14:00;2026-04-08 16:23:00;2026-04-08 16:36:00;2026-04-08 17:06:00;536.0;744.0;1014.0;;;08.04.2026 18:05;HO2, T10;54b65c90-3355-11f1-a6d3-4bfb6d709df1;1;;
TP_15612492604_TPS_19035162604;TP_15612492604;775646;3c1a792187fe1c81eb8539960a2cd5b9370ad4c15f4df0bd17517012ab2708f1;2,03E+28;1;1;TPS_19035162604;T15.02.01;T15;2.0;RMG;2026-04-08 18:15:00;2026-04-08 18:22:00;2026-04-08 18:27:00;2026-04-08 18:32:00;416.0;261.0;;306.0;983.0;08.04.2026 19:09;T15;3b9b6582-3366-11f1-9f7e-c37f7fbe8bb3;1;;
TP_15612732604_TPS_19036022604;TP_15612732604;622803;cfadfa282f4dbdee7d715e81dada76a35ece7155dbe14f6e99f743248030e4cf;2,03E+28;1;1;TPS_19036022604;T13.04.01;T13;4.0;RMG;2026-04-08 18:58:00;2026-04-08 19:04:00;2026-04-08 19:31:00;2026-04-08 19:40:00;322.0;1616.0;;549.0;2487.0;08.04.2026 20:35;T13;3c677388-336c-11f1-a53e-8f9770a78805,3c792aec-336c-11f1-a53f-8f8667ed192a;2;;
TP_15613032604_TPS_18982682604;TP_15613032604;243270;1bceacbcc4aea1d34843e37c1d786e1e2145624564036c167074421fbf217ab8;2,03E+28;0;1;TPS_18982682604;HO2.27;HO2;27.0;VC;2026-04-09 00:48:00;2026-04-09 01:08:00;2026-04-09 01:15:00;2026-04-09 01:40:00;;427.0;;1506.0;3090.0;09.04.2026 02:35;HO2, T16;c51a01ea-339f-11f1-a9d7-1f118f0df64a;1;2039791722;
TP_15613042604_TPS_19038402604;TP_15613042604;437188;bb63c238cdf8ca4cfcd029036d95c8bd4981c42109a99cd9ae1215d963212282;2,03E+28;1;1;TPS_19038402604;T20.03.01;T20;3.0;RMG;2026-04-09 00:48:00;2026-04-09 00:54:00;2026-04-09 00:56:00;2026-04-09 01:08:00;342.0;99.0;;755.0;1196.0;09.04.2026 02:05;T20;22515460-339d-11f1-a165-1fa33019d4bc;1;;
TP_15613282604_TPS_19030732604;TP_15613282604;497612;e6ed4304cd8a7bfbecae713ac1fef3fd15c5126c28f009f09ccdae96984253fd;2,03E+28;0;1;TPS_19030732604;T24.04.01;T24;4.0;RMG;2026-04-09 04:31:00;2026-04-09 04:44:00;2026-04-09 04:48:00;2026-04-09 04:52:00;;198.0;;242.0;1214.0;09.04.2026 05:35;LL, T24;494cb0b8-33bc-11f1-bbeb-73af5f0c04f9;1;;
TP_15613282604_20260409044059000000024246242;TP_15613282604;497612;e6ed4304cd8a7bfbecae713ac1fef3fd15c5126c28f009f09ccdae96984253fd;2,03E+28;1;0;2,03E+28;LL;LL;;Leerlager;2026-04-09 04:31:00;2026-04-09 04:36:00;2026-04-09 04:40:00;2026-04-09 04:52:00;252.0;288.0;234.0;;;09.04.2026 05:35;LL, T24;08bd38bb-33bd-11f1-abd3-2709b7d875a2;1;;
TP_15613362604_20260409045804000000024246259;TP_15613362604;771486;3b9a0853ce9dfcaea3e0aa89aead26055aef70e7b695aa5ff60a81bc7935d159;2,03E+28;1;0;2,03E+28;LL;LL;;Leerlager;2026-04-09 04:47:00;2026-04-09 04:51:00;2026-04-09 04:58:00;2026-04-09 05:13:00;226.0;419.0;422.0;;;09.04.2026 06:05;LL, T10;fae80b7a-33be-11f1-abd3-2709b7d875a2;1;2040042098;
TP_15613582604_TPS_19032552604;TP_15613582604;379317;24398d43d2993bde510a4837147a9a7333ea5366ee3737eeedc21b6c0caebb55;2,03E+28;0;1;TPS_19032552604;T21.03.01;T21;3.0;RMG;2026-04-08 17:49:00;2026-04-08 18:08:00;2026-04-08 18:15:00;2026-04-08 18:45:00;;394.0;;1809.0;3317.0;08.04.2026 19:09;T17, T21;997ecb98-3362-11f1-b5ee-f740f96cdc83;1;;
TP_15613582604_TPS_19032542604;TP_15613582604;379317;24398d43d2993bde510a4837147a9a7333ea5366ee3737eeedc21b6c0caebb55;2,03E+28;1;0;TPS_19032542604;T17.02.01;T17;2.0;RMG;2026-04-08 17:49:00;2026-04-08 17:56:00;2026-04-08 18:03:00;2026-04-08 18:45:00;420.0;366.0;328.0;;;08.04.2026 19:09;T17, T21;996d9c24-3362-11f1-b5ed-b38956c2ecd7;1;;
TP_15613742604_TPS_19036042604;TP_15613742604;242492;1f599dbb62c34cde26d0962cb2a8537f242f8a45967d73374b68fcc9e96453f1;2,03E+28;1;1;TPS_19036042604;T14.03.01;T14;3.0;RMG;2026-04-08 19:00:00;2026-04-08 19:07:00;2026-04-08 19:15:00;2026-04-08 19:22:00;399.0;484.0;;425.0;1308.0;08.04.2026 20:35;T14;7b3343c6-336c-11f1-a54b-933ea3d9b54e;1;;
TP_15614342604_TPS_19041272604;TP_15614342604;770007;9e574ddd9952b222eba058d3210a77d05a28feafa7845edc67f8614f72b2f71c;2,03E+28;1;1;TPS_19041272604;T24.02.01;T24;2.0;RMG;2026-04-09 06:14:00;2026-04-09 06:19:00;2026-04-09 06:29:00;2026-04-09 07:13:00;277.0;621.0;;2588.0;3486.0;09.04.2026 08:05;T24;acc3eed2-33ca-11f1-b23d-dbca661774d1;1;;
TP_15614362604_TPS_18982722604;TP_15614362604;563816;a0698d41dfad33c4af3ecbce096878823eb5ce7ab23b8003b3edda0e4383b04a;2,03E+28;0;1;TPS_18982722604;HO2.27;HO2;27.0;VC;2026-04-09 07:10:00;2026-04-09 08:00:00;2026-04-09 08:17:00;2026-04-09 08:31:00;;1004.0;;832.0;4807.0;09.04.2026 09:35;HO2, T23;631bfbc6-33d9-11f1-abc4-a34dc5721a4c;1;;
TP_15614362604_TPS_19037042604;TP_15614362604;563816;a0698d41dfad33c4af3ecbce096878823eb5ce7ab23b8003b3edda0e4383b04a;2,03E+28;1;0;TPS_19037042604;T23.03.01;T23;3.0;RMG;2026-04-09 07:10:00;2026-04-09 07:21:00;2026-04-09 07:49:00;2026-04-09 08:31:00;631.0;1668.0;672.0;;;09.04.2026 09:35;HO2, T23;7f9c4c30-33d2-11f1-9df1-ffd26fe9a3f8;1;;
TP_15614432604_TPS_19038892604;TP_15614432604;626878;ebc065c43fb9fea82d1cf4171ce6f05426b8baf885ec704ba4bc03831d072d15;2,03E+28;1;1;TPS_19038892604;T24.01.01;T24;1.0;RMG;2026-04-09 07:26:00;2026-04-09 07:34:00;2026-04-09 07:45:00;2026-04-09 07:53:00;460.0;669.0;;457.0;1586.0;09.04.2026 08:35;T24;bb84df30-33d4-11f1-aa60-b3fc9f3fbf1c,bb9532ea-33d4-11f1-aa61-efcd4a5caaf8;2;;
TP_15614872604_TPS_19035032604;TP_15614872604;455845;2283eb079ed72ff64dbc8b87bdab3eb3cfd972476a5e93fa98a42c1c3145f013;2,03E+28;1;1;TPS_19035032604;T25.02.01;T25;2.0;RMG;2026-04-08 18:11:00;2026-04-08 18:17:00;2026-04-08 18:21:00;2026-04-08 18:28:00;319.0;278.0;;400.0;997.0;08.04.2026 19:09;T25;ac4133b2-3365-11f1-9f11-8f257fc11f34;1;;
TP_15614942604_TPS_19036092604;TP_15614942604;417495;88ceeec829a0b301d752085ff30652f5f0d517034be4cf04d8893f36a20d6fe7;2,03E+28;0;1;TPS_19036092604;HO2.28;HO2;28.0;VC;2026-04-08 19:03:00;2026-04-08 19:46:00;2026-04-08 19:48:00;2026-04-08 19:56:00;;131.0;;464.0;3167.0;08.04.2026 21:09;HO2, T18, T20;e6a00144-336c-11f1-a574-47ba22d3d389;1;2039207578;
TP_15615072604_20260408204800000000024233115;TP_15615072604;657519;743e7521d17fb7ad9a51717c50373788f0935b9c0613823ae683a7e22663e653;2,03E+28;1;1;2,03E+28;LL;LL;;Leerlager;2026-04-08 20:37:00;2026-04-08 20:42:00;2026-04-08 20:48:00;2026-04-08 20:51:00;290.0;311.0;;234.0;835.0;08.04.2026 22:05;LL;c35af2c9-337a-11f1-abd3-2709b7d875a2;1;;
TP_15617302604_TPS_18973732604;TP_15617302604;D561729;;2,03E+28;1;1;TPS_18973732604;T07.02.01;T07;2.0;RMG;2026-04-08 20:58:00;2026-04-08 20:58:00;2026-04-08 21:05:00;2026-04-08 21:05:00;0.0;397.0;;0.0;397.0;08.04.2026 22:05;T07;f75a0fec-337c-11f1-97e1-872e454079d7;1;;
TP_15618662604_TPS_19040522604;TP_15618662604;617917;5160ea742fecee92afeb42048548c3277cc7204690ed0fcdf0b47a46c32468b6;2,03E+28;1;1;TPS_19040522604;T10.03.01;T10;3.0;RMG;2026-04-09 05:12:00;2026-04-09 05:24:00;2026-04-09 05:29:00;2026-04-09 05:40:00;694.0;277.0;;672.0;1643.0;09.04.2026 06:35;T10;033dcd22-33c2-11f1-bfe5-93b6da6063ee;1;;
TP_15619542604_TPS_18982732604;TP_15619542604;256556;b6b7327411f5c079d3b617c0bec4d2d5dc3001c7912f44df82317fa38b2c78d3;2,03E+28;0;1;TPS_18982732604;HO2.31;HO2;31.0;VC;2026-04-09 08:54:00;2026-04-09 09:08:00;2026-04-09 09:17:00;2026-04-09 09:46:00;;522.0;;1756.0;3118.0;09.04.2026 10:35;HO2, T21;e1c291a2-33e2-11f1-ac5a-bf047d10e52c;1;2040459781;
TP_15619552604_TPS_18982742604;TP_15619552604;717187;2963b9932dff356573ac3c14d5f15fd69d96c9715eb61e6d710d099c48f3fcf0;2,03E+28;0;1;TPS_18982742604;HO2.23;HO2;23.0;VC;2026-04-09 09:12:00;2026-04-09 09:40:00;2026-04-09 09:51:00;2026-04-09 09:59:00;;689.0;;476.0;2869.0;09.04.2026 11:06;HO2, T18;5005a25e-33e7-11f1-acab-5b56661db32d;1;2040505037;
TP_15619562604_TPS_19043122604;TP_15619562604;789398;e9ec11d84c7e5152b592c0a2683bf6ebb261586147cdc7ed8541908260fcd3e0;2,03E+28;0;1;TPS_19043122604;T08.01.01;T08;1.0;RMG;2026-04-09 09:13:00;2026-04-09 09:50:00;2026-04-09 09:55:00;2026-04-09 10:13:00;;302.0;;1109.0;3597.0;09.04.2026 11:06;LL, T08;ae241572-33e3-11f1-ad9d-37767a93298a;1;;
TP_15619562604_20260409094407000000024253069;TP_15619562604;789398;e9ec11d84c7e5152b592c0a2683bf6ebb261586147cdc7ed8541908260fcd3e0;2,03E+28;1;0;2,03E+28;LL;LL;;Leerlager;2026-04-09 09:13:00;2026-04-09 09:39:00;2026-04-09 09:44:00;2026-04-09 10:13:00;1518.0;290.0;378.0;;;09.04.2026 11:06;LL, T08;3a3241ce-33e7-11f1-abd3-2709b7d875a2;1;;
TP_15619812604_TPS_19049072604;TP_15619812604;638654;9eec712b8719fd719f3344dd82e49379731b5a41406975a231926b3f7d2913d0;2,03E+28;1;1;TPS_19049072604;T21.04.01;T21;4.0;RMG;2026-04-09 10:00:00;2026-04-09 10:08:00;2026-04-09 10:13:00;2026-04-09 10:25:00;425.0;338.0;;712.0;1475.0;09.04.2026 11:35;T21;3f1daef2-33ea-11f1-b3d1-732e3191e123;1;;
TP_15619952604_TPS_19041492604;TP_15619952604;743088;58e568674bb23efb2ccfd7297d8e3d5f08d67a82b0a13010af1b529585d78bd6;2,03E+28;1;1;TPS_19041492604;T24.04.01;T24;4.0;RMG;2026-04-09 06:31:00;2026-04-09 06:38:00;2026-04-09 06:42:00;2026-04-09 07:02:00;383.0;240.0;;1208.0;1831.0;09.04.2026 08:05;T24;0cb77d84-33cd-11f1-b320-c730dec20764;1;;
TP_15620062604_TPS_18982702604;TP_15620062604;961217;a0bf795b6b2127fd247b282b14c852bbe4d9191be4d3636573a566b0562add89;2,03E+28;0;1;TPS_18982702604;HO2.27;HO2;27.0;VC;2026-04-09 06:34:00;2026-04-09 07:22:00;2026-04-09 07:30:00;2026-04-09 07:39:00;;447.0;;583.0;3905.0;09.04.2026 08:35;HO2, LL, T15;;0;2040116821;
TP_15621002604_TPS_19045772604;TP_15621002604;775646;3c1a792187fe1c81eb8539960a2cd5b9370ad4c15f4df0bd17517012ab2708f1;2,03E+28;1;1;TPS_19045772604;HO2.24;HO2;24.0;VC;2026-04-09 08:19:00;2026-04-09 08:29:00;2026-04-09 08:37:00;2026-04-09 08:42:00;559.0;491.0;;324.0;1374.0;09.04.2026 09:35;HO2;23498286-33dc-11f1-aa95-77f4ebcf276f;1;;
TP_15621452604_TPS_18982712604;TP_15621452604;891412;59dc607b341a7c8751f5735125eeacb10081f39d5ee3bd4255f077ddb84c1608;2,03E+28;0;1;TPS_18982712604;HO2.27;HO2;27.0;VC;2026-04-09 07:21:00;2026-04-09 07:46:00;2026-04-09 07:50:00;2026-04-09 07:57:00;;258.0;;423.0;2202.0;09.04.2026 09:06;HO2, T19;6da72f18-33d7-11f1-abbc-a71d2f7f2e8b;1;2040213990;
TP_15621732604_TPS_19045202604;TP_15621732604;479747;4eb2bffa2396bb06f93ed19fc856eca29b78f7a6578e06e7d1b6aab61de21b6a;2,03E+28;1;1;TPS_19045202604;T14.01.01;T14;1.0;RMG;2026-04-09 07:45:00;2026-04-09 07:50:00;2026-04-09 07:55:00;2026-04-09 08:15:00;287.0;296.0;;1211.0;1794.0;09.04.2026 09:06;T14;63212b7a-33d7-11f1-a478-2b8aa3cbd495;1;;
TP_15622402604_TPS_19043552604;TP_15622402604;360305;893356b035517dfb0573ce8bbe3fd96a39f6ad9bd6ebba835c656c093dac4fc8;2,03E+28;1;1;TPS_19043552604;HO2.25;HO2;25.0;VC;2026-04-09 09:45:00;2026-04-09 10:02:00;2026-04-09 10:20:00;2026-04-09 10:26:00;964.0;1100.0;;344.0;2408.0;09.04.2026 11:35;HO2;270431da-33e8-11f1-b226-43bd4335a846;1;;
TP_15622892604_TPS_19048262604;TP_15622892604;736186;1e2d81a12e9a5d1095a137357c24b303aecb82a712c828b6a8559e6dee17eaab;2,03E+28;0;1;TPS_19048262604;T22.04.01;T22;4.0;RMG;2026-04-09 09:30:00;2026-04-09 09:47:00;2026-04-09 10:00:00;2026-04-09 10:12:00;;764.0;;743.0;2492.0;09.04.2026 11:06;LL, T22;0df0fd6a-33e6-11f1-b5b3-777aba51da8f;1;;
TP_15622892604_20260409094146000000024253063;TP_15622892604;736186;1e2d81a12e9a5d1095a137357c24b303aecb82a712c828b6a8559e6dee17eaab;2,03E+28;1;0;2,03E+28;LL;LL;;Leerlager;2026-04-09 09:30:00;2026-04-09 09:37:00;2026-04-09 09:41:00;2026-04-09 10:12:00;387.0;261.0;337.0;;;09.04.2026 11:06;LL, T22;faad4541-33e6-11f1-abd3-2709b7d875a2;1;;
TP_15623502604_TPS_19044362604;TP_15623502604;906045;645353c68ddd6b3f1ef89c0efafc4fde9c58a753232760a940b2fb68e336f196;2,03E+28;1;1;TPS_19044362604;T15.03.01;T15;3.0;RMG;2026-04-09 11:12:00;2026-04-09 11:19:00;2026-04-09 11:21:00;2026-04-09 11:27:00;395.0;93.0;;355.0;843.0;09.04.2026 12:35;T15;4e5969e2-33f4-11f1-b969-8b1a14783bf3;1;;
TP_15624302604_TPS_19050722604;TP_15624302604;491240;10279f090f20ba589f2a7d95a9407e58403f42f3243a48dfff3f3f4324c59d5a;2,03E+28;0;1;TPS_19050722604;HO2.24;HO2;24.0;VC;2026-04-09 11:02:00;2026-04-09 11:41:00;2026-04-09 11:50:00;2026-04-09 12:11:00;;500.0;;1291.0;4150.0;09.04.2026 13:06;HO2, T12, T19;d999857a-33f2-11f1-bfeb-13fcbaf5581f;1;2041113709;
TP_15624782604_TPS_18982762604;TP_15624782604;489916;69bd365634f3fd92f9a80631d825913948641c4676b6148c8736880e74da7690;2,03E+28;0;1;TPS_18982762604;HO2.22;HO2;22.0;VC;2026-04-09 12:29:00;2026-04-09 13:09:00;2026-04-09 13:11:00;2026-04-09 13:15:00;;105.0;;275.0;2801.0;09.04.2026 14:05;HO2, T13;;0;2041366823;
TP_15625262604_TPS_18982752604;TP_15625262604;489916;69bd365634f3fd92f9a80631d825913948641c4676b6148c8736880e74da7690;2,03E+28;0;1;TPS_18982752604;HO2.27;HO2;27.0;VC;2026-04-09 11:31:00;2026-04-09 12:18:00;2026-04-09 12:23:00;2026-04-09 12:28:00;;311.0;;265.0;3380.0;09.04.2026 13:35;HO2, LL, T17;7096c294-33fd-11f1-ad94-1b793b9f2589;1;2041175979;
TP_15625342604_TPS_18973742604;TP_15625342604;256556;b6b7327411f5c079d3b617c0bec4d2d5dc3001c7912f44df82317fa38b2c78d3;2,03E+28;0;1;TPS_18973742604;HO2.27;HO2;27.0;VC;2026-04-09 11:33:00;2026-04-09 11:55:00;2026-04-09 12:00:00;2026-04-09 12:17:00;;334.0;;998.0;2634.0;09.04.2026 13:06;HO2, T20;2de46cc4-33fa-11f1-9db7-3b01d841e67c;1;2041185931;
TP_15625392604_20260409114625000000024253220;TP_15625392604;713725;16c4b183d6cd148a8ab9edb96bcd32298fb9d7bee6db5604db544f77822f7fb2;2,03E+28;1;1;2,03E+28;LL;LL;;Leerlager;2026-04-09 11:34:00;2026-04-09 11:41:00;2026-04-09 11:46:00;2026-04-09 11:50:00;388.0;298.0;;231.0;917.0;09.04.2026 12:35;LL;53df60b0-33f8-11f1-abd3-2709b7d875a2;1;;
TP_15625762604_TPS_19054152604;TP_15625762604;434025;918ba01fb987e9ae634caa6d25f3838d1d1f8f19b6a1143f84e94273e3d38fe2;2,03E+28;1;1;TPS_19054152604;HO2.35;HO2;35.0;VC;2026-04-09 12:49:00;2026-04-09 12:59:00;2026-04-09 13:01:00;2026-04-09 13:10:00;579.0;141.0;;511.0;1231.0;09.04.2026 14:05;HO2;db3da8e8-3401-11f1-9793-5b1736945abd;1;;
TP_15626382604_TPS_19039622604;TP_15626382604;352928;7f2a025564e4308be6881e48ad7fa205de8b46c1e3325a08fbf29ef15ca1c053;2,03E+28;0;1;TPS_19039622604;HO2.23;HO2;23.0;VC;2026-04-09 10:19:00;2026-04-09 10:39:00;2026-04-09 10:42:00;2026-04-09 10:51:00;;207.0;;536.0;1947.0;09.04.2026 11:35;HO2, T13;d353c3c0-33ec-11f1-b388-9b4ea3a81829;1;2040939395;
TP_15626412604_TPS_19044212604;TP_15626412604;867118;1384e15e64b904701041e071e3a01bdf95a580695b6a40c0e1412fa242727dfd;2,03E+28;0;1;TPS_19044212604;T19.02.01;T19;2.0;RMG;2026-04-09 10:20:00;2026-04-09 10:41:00;2026-04-09 10:45:00;2026-04-09 10:55:00;;200.0;;590.0;2049.0;09.04.2026 12:05;LL, T19;0a723bca-33ed-11f1-bb99-97dc7653c1c7;1;;
TP_15626412604_20260409103610000000024253138;TP_15626412604;867118;1384e15e64b904701041e071e3a01bdf95a580695b6a40c0e1412fa242727dfd;2,03E+28;1;0;2,03E+28;LL;LL;;Leerlager;2026-04-09 10:20:00;2026-04-09 10:27:00;2026-04-09 10:36:00;2026-04-09 10:55:00;399.0;512.0;348.0;;;09.04.2026 12:05;LL, T19;ea4e2a25-33ee-11f1-abd3-2709b7d875a2;1;;
TP_15626562604_TPS_19050542604;TP_15626562604;343379;cb976d4ecb7a2e933d097287fdf0ebc5c32770dba1d4d5ab9dac1b805f62fdc2;2,03E+28;1;1;TPS_19050542604;T06.02.01;T06;2.0;RMG;2026-04-09 10:55:00;2026-04-09 11:13:00;2026-04-09 11:18:00;2026-04-09 11:23:00;1053.0;309.0;;268.0;1630.0;09.04.2026 12:05;T06;ede8a28c-33f1-11f1-be20-9b8a88b82992;1;;
TP_15626742604_TPS_19049772604;TP_15626742604;552936;71d6659389d638f2526f8beeceddf1588eadfe40671baf6bc824a17d5a01260d;2,03E+28;0;1;TPS_19049772604;T25.03.01;T25;3.0;RMG;2026-04-09 11:39:00;2026-04-09 11:59:00;2026-04-09 12:05:00;2026-04-09 12:13:00;;410.0;;472.0;2025.0;09.04.2026 13:06;LL, T25;13f8094e-33f8-11f1-ac7a-aff5f0ac797b;1;;
TP_15626742604_20260409115223000000024253231;TP_15626742604;552936;71d6659389d638f2526f8beeceddf1588eadfe40671baf6bc824a17d5a01260d;2,03E+28;1;0;2,03E+28;LL;LL;;Leerlager;2026-04-09 11:39:00;2026-04-09 11:48:00;2026-04-09 11:52:00;2026-04-09 12:13:00;530.0;214.0;399.0;;;09.04.2026 13:06;LL, T25;65fc1a9d-33f9-11f1-abd3-2709b7d875a2;1;;
TP_15627652604_TPS_19050272604;TP_15627652604;325186;861011b25c6f3bbd510f47ec2e17433cda943ad68c8eeea1b02fa993680bfcf3;2,03E+28;1;1;TPS_19050272604;T27.02.01;T27;2.0;RMG;2026-04-09 10:42:00;2026-04-09 10:48:00;2026-04-09 10:52:00;2026-04-09 11:07:00;349.0;228.0;;916.0;1493.0;09.04.2026 12:05;T27;1d30a744-33f0-11f1-bcee-47d8326a827a;1;;
TP_15629382604_TPS_19052432604;TP_15629382604;699248;51cb042d193ebefb5e7f6741ec71f17c9d87ee4ff49449f3df5c950c8894acf4;2,03E+28;1;1;TPS_19052432604;T06.01.01;T06;1.0;RMG;2026-04-09 13:31:00;2026-04-09 13:50:00;2026-04-09 13:59:00;2026-04-09 14:28:00;1109.0;557.0;;1752.0;3418.0;09.04.2026 15:35;T06;b90354de-3407-11f1-9f84-b3f462c7eba5;1;;
TP_15629532604_TPS_18982772604;TP_15629532604;676681;3dceeb889b772d647b7a9e467ab13f55d9cf84e5e2a1df09ebe920ecda15fa22;2,03E+28;0;1;TPS_18982772604;HO2.24;HO2;24.0;VC;2026-04-09 13:34:00;2026-04-09 13:53:00;2026-04-09 13:57:00;2026-04-09 14:21:00;;269.0;;1409.0;2771.0;09.04.2026 15:06;HO2, T16;a95b5c90-340a-11f1-ae65-973e08af5c5e;1;2041561388;
TP_15629642604_TPS_19052792604;TP_15629642604;237352;5923c702ee8f7a06ce0360c1fae06fa45223259636a6ebe511b6d824fa2ea32b;2,03E+28;1;1;TPS_19052792604;T21.03.01;T21;3.0;RMG;2026-04-09 13:37:00;2026-04-09 13:48:00;2026-04-09 13:52:00;2026-04-09 14:11:00;625.0;251.0;;1113.0;1989.0;09.04.2026 15:06;T21;8ff65cfc-3408-11f1-a078-5f314b6fbbf2;1;;
TP_15630942604_TPS_19056442604;TP_15630942604;778280;ae8f627635acac40c4789dfedd42988e0320a35af76b4821d4148c7d1d26fb68;2,03E+28;1;1;TPS_19056442604;HO2.26;HO2;26.0;VC;2026-04-09 15:38:00;2026-04-09 15:59:00;2026-04-09 16:02:00;2026-04-09 16:08:00;1217.0;221.0;;320.0;1758.0;09.04.2026 17:06;HO2;773d3116-3419-11f1-a92b-a723c6ca405e;1;;
TP_15632432604_TPS_19053892604;TP_15632432604;353777;86784428ca12c311c14415cca42e82fa74cbb832f1767e42347b96d310a611a0;2,03E+28;0;1;TPS_19053892604;HO2.24;HO2;24.0;VC;2026-04-09 16:15:00;2026-04-09 16:55:00;2026-04-09 17:00:00;2026-04-09 17:10:00;;295.0;;574.0;3285.0;09.04.2026 18:05;HO2, T09;93164a08-341e-11f1-b521-3b53340a1a21;1;2042226794;
TP_15632632604_TPS_18973802604;TP_15632632604;384497;a61e63c21faff92156e37b5ce027aaf87d76f62611e95dadbbeaa33930faebbb;2,03E+28;0;1;TPS_18973802604;HO2.28;HO2;28.0;VC;2026-04-09 17:50:00;2026-04-09 18:20:00;2026-04-09 18:22:00;2026-04-09 18:35:00;;121.0;;816.0;2735.0;09.04.2026 19:08;HO2, T07;f26f4926-342f-11f1-a005-1318bdfab454;1;2042624599;
TP_15632862604_TPS_19056882604;TP_15632862604;640778;6cb56c309953edb72917918a99f75bf898e27160ced78f643f15b474181ca31a;2,03E+28;1;1;TPS_19056882604;T17.02.01;T17;2.0;RMG;2026-04-09 14:16:00;2026-04-09 14:22:00;2026-04-09 14:24:00;2026-04-09 14:40:00;328.0;126.0;;962.0;1416.0;09.04.2026 15:35;T17;028904a4-340e-11f1-9e19-f33cbd88e58d;1;;
TP_15632962604_TPS_19051292604;TP_15632962604;372580;f31b7adcde38319da9a911ef2611258f4792177a2a88bd71f24d9d1d02279959;2,03E+28;1;1;TPS_19051292604;T08.01.01;T08;1.0;RMG;2026-04-09 14:20:00;2026-04-09 14:35:00;2026-04-09 14:46:00;2026-04-09 14:50:00;868.0;672.0;;242.0;1782.0;09.04.2026 15:35;T08;91cd8734-340e-11f1-82db-abd620ed9d35;1;;
TP_15633112604_TPS_19051472604;TP_15633112604;713648;075e19f6970f499293ecd9a7e14881dd17b74b2fb71359c2f28d8a29d95111c3;2,03E+28;1;1;TPS_19051472604;T08.02.01;T08;2.0;RMG;2026-04-09 14:31:00;2026-04-09 14:36:00;2026-04-09 14:49:00;2026-04-09 14:53:00;271.0;765.0;;242.0;1278.0;09.04.2026 15:35;T08;1ae5c1f2-3410-11f1-832d-4f64583f0d0a;1;;
TP_15633742604_TPS_19064002604;TP_15633742604;238180;9bc0b97df82af9e9956ea63e678eebdef317a4f6ce4f0c0ae1625e0eb36b686c;2,03E+28;0;1;TPS_19064002604;T08.01.01;T08;1.0;RMG;2026-04-09 17:40:00;2026-04-09 18:16:00;2026-04-09 18:19:00;2026-04-09 18:28:00;;162.0;;508.0;2828.0;09.04.2026 19:08;HO2, T08;820363e8-342a-11f1-bd5b-03da3008cfba;1;;
TP_15633742604_TPS_19063992604;TP_15633742604;238180;9bc0b97df82af9e9956ea63e678eebdef317a4f6ce4f0c0ae1625e0eb36b686c;2,03E+28;1;0;TPS_19063992604;HO2.27;HO2;27.0;VC;2026-04-09 17:40:00;2026-04-09 17:52:00;2026-04-09 17:56:00;2026-04-09 18:28:00;714.0;232.0;1212.0;;;09.04.2026 19:08;HO2, T08;81f39fb2-342a-11f1-bd5a-0361018e548a;1;;
TP_15634612604_TPS_18973792604;TP_15634612604;222243;2121434faceef10f17adf384d66f9559df6722ef8e1aa8fbaac972f1f08996a3;2,03E+28;0;1;TPS_18973792604;HO2.26;HO2;26.0;VC;2026-04-09 15:54:00;2026-04-09 17:18:00;2026-04-09 17:36:00;2026-04-09 17:59:00;;1076.0;;1387.0;7467.0;09.04.2026 19:08;HO2, T13;4e6a48b0-3427-11f1-9fc0-8f07d9d184ff;1;2042165889;
TP_15635242604_20260409162722000000024266416;TP_15635242604;246015;e77325673ca1919f29f9009d12ec33b446e40b1e09544e423733132ee5cd4f2e;2,03E+28;1;1;2,03E+28;LL;LL;;Leerlager;2026-04-09 16:19:00;2026-04-09 16:24:00;2026-04-09 16:27:00;2026-04-09 16:30:00;280.0;163.0;;217.0;660.0;09.04.2026 17:35;LL;e2dd2425-341f-11f1-abd3-2709b7d875a2;1;;
TP_15635352604_TPS_19061832604;TP_15635352604;902747;e41418d92d18d852c76d893ae3d5159ae46a8b9504ba40fee3df8a1cc3fed6ac;2,03E+28;1;1;TPS_19061832604;T24.04.01;T24;4.0;RMG;2026-04-09 16:29:00;2026-04-09 16:34:00;2026-04-09 17:01:00;2026-04-09 17:12:00;290.0;1624.0;;607.0;2521.0;09.04.2026 18:05;T24;96d5e4b2-3420-11f1-b61a-2329140d408e,96e6e334-3420-11f1-b61b-f77bbaeb4d34;2;;
TP_15635482604_TPS_19063782604;TP_15635482604;410809;6666ab9feca6abba414ee7dead884481bfb14d732b051e8eb72c94fa24398acf;2,03E+28;1;1;TPS_19063782604;T16.02.01;T16;2.0;RMG;2026-04-09 17:33:00;2026-04-09 17:46:00;2026-04-09 18:12:00;2026-04-09 18:17:00;724.0;1601.0;;284.0;2609.0;09.04.2026 19:08;T16;87b0cb88-3429-11f1-bc0d-c71d67ddc32a;1;;
TP_15635682604_TPS_19066312604;TP_15635682604;741215;9d2a7d6542f2e623436b89be40d763cbb8a96c2690b34a6ad6de05d274bf371d;2,03E+28;0;1;TPS_19066312604;T23.02.01;T23;2.0;RMG;2026-04-09 20:49:00;2026-04-09 21:03:00;2026-04-09 21:07:00;2026-04-09 21:13:00;;289.0;;320.0;1396.0;09.04.2026 22:05;LL, T23;e960f946-3444-11f1-b3fb-2b02e63dfefe;1;;
TP_15635682604_20260409205809000000024273165;TP_15635682604;741215;9d2a7d6542f2e623436b89be40d763cbb8a96c2690b34a6ad6de05d274bf371d;2,03E+28;1;0;2,03E+28;LL;LL;;Leerlager;2026-04-09 20:49:00;2026-04-09 20:54:00;2026-04-09 20:58:00;2026-04-09 21:13:00;260.0;230.0;297.0;;;09.04.2026 22:05;LL, T23;87681979-3445-11f1-abd3-2709b7d875a2;1;;
TP_15635722604_TPS_19066372604;TP_15635722604;224253;e53bf1c1109b5ee6176067132f319eacf6a249f67bf0701f9ae5a9cfd3ad2cd1;2,03E+28;0;1;TPS_19066372604;T25.03.01;T25;3.0;RMG;2026-04-09 20:55:00;2026-04-09 21:22:00;2026-04-09 21:27:00;2026-04-09 21:35:00;;320.0;;466.0;2357.0;09.04.2026 22:35;T07, T25;bfe63f80-3445-11f1-b553-5b1c3c06394a;1;;
TP_15635722604_TPS_19066362604;TP_15635722604;224253;e53bf1c1109b5ee6176067132f319eacf6a249f67bf0701f9ae5a9cfd3ad2cd1;2,03E+28;1;0;TPS_19066362604;T07.03.01;T07;3.0;RMG;2026-04-09 20:55:00;2026-04-09 21:09:00;2026-04-09 21:19:00;2026-04-09 21:35:00;788.0;609.0;174.0;;;09.04.2026 22:35;T07, T25;bfd5f684-3445-11f1-b552-9b45573a2ad6;1;;
TP_15635742604_TPS_19066902604;TP_15635742604;825945;1e32d390a2f0b6f199c566f9985d970460e947cd527c0cc6cbf6553ba7198269;2,03E+28;1;1;TPS_19066902604;T20.03.01;T20;3.0;RMG;2026-04-09 20:56:00;2026-04-09 21:04:00;2026-04-09 21:08:00;2026-04-09 21:19:00;443.0;235.0;;657.0;1335.0;09.04.2026 22:05;T20;e36fc2aa-3445-11f1-b379-0fc9af5a5411;1;;
TP_15636962604_TPS_19062642604;TP_15636962604;392241;1e2c65960e28739413e9ddc811c6b9284b33fafa702d2a65557fb299b4af3e6e;2,03E+28;0;1;TPS_19062642604;T17.03.01;T17;3.0;RMG;2026-04-09 16:48:00;2026-04-09 17:22:00;2026-04-09 17:32:00;2026-04-09 17:42:00;;600.0;;645.0;3238.0;09.04.2026 18:35;LL, T17;3dff026c-3423-11f1-b799-97b16551ffed;1;;
TP_15636962604_20260409171553000000024266499;TP_15636962604;392241;1e2c65960e28739413e9ddc811c6b9284b33fafa702d2a65557fb299b4af3e6e;2,03E+28;1;0;2,03E+28;LL;LL;;Leerlager;2026-04-09 16:48:00;2026-04-09 17:07:00;2026-04-09 17:15:00;2026-04-09 17:42:00;1084.0;531.0;378.0;;;09.04.2026 18:35;LL, T17;d5027bdc-3425-11f1-abd3-2709b7d875a2;1;;
TP_15637432604_TPS_18973812604;TP_15637432604;251740;8b57fa557831f0c720a46c1459416193cec82285fde7867220df9cca64ba598c;2,03E+28;0;1;TPS_18973812604;HO2.25;HO2;25.0;VC;2026-04-09 18:15:00;2026-04-09 18:31:00;2026-04-09 18:36:00;2026-04-09 18:42:00;;266.0;;376.0;1627.0;09.04.2026 19:08;HO2, T23;9a4296d4-3431-11f1-a01a-a7cf8a54c880;1;2042684476;
TP_15638572604_TPS_19068832604;TP_15638572604;827792;bfeb504d90cd23cb79254520da46ed6c8a15fabf870c414065842da35e0d7f6a;2,03E+28;0;1;TPS_19068832604;HO2.28;HO2;28.0;VC;2026-04-10 06:06:00;2026-04-10 06:31:00;2026-04-10 06:35:00;2026-04-10 06:41:00;;232.0;;384.0;2111.0;10.04.2026 07:35;HO2, T15;ac569666-3492-11f1-b643-bf7777b9584d;1;2043725728;
TP_15638652604_TPS_18973832604;TP_15638652604;722298;bf2c304cb77744351ac019cf6472cc02ff2b60a77e37b3baf36ac6237983c68e;2,03E+28;0;1;TPS_18973832604;HO2.27;HO2;27.0;VC;2026-04-10 06:11:00;2026-04-10 06:36:00;2026-04-10 06:38:00;2026-04-10 06:44:00;;146.0;;369.0;2030.0;10.04.2026 07:35;HO2, T09;cb0ea662-3496-11f1-a2d0-074e4ba5e030;1;2043730770;
TP_15639032604_TPS_19057722604;TP_15639032604;469979;c602c37fa189bc89e40aea75bede57faed2ba01b2665760e317264afa7f7e7dc;2,03E+28;1;1;TPS_19057722604;T17.03.01;T17;3.0;RMG;2026-04-10 07:58:00;2026-04-10 08:10:00;2026-04-10 08:13:00;2026-04-10 08:23:00;665.0;187.0;;602.0;1454.0;10.04.2026 09:35;T17;5ec324ea-34a2-11f1-a08e-c79103da0c40;1;;
TP_15639232604_TPS_19058702604;TP_15639232604;793211;976b24612a709775a14e1e52c4b1e6ce65f0682942b11cb791fc3da42d00faf8;2,03E+28;0;1;TPS_19058702604;HO2.28;HO2;28.0;VC;2026-04-09 18:18:00;2026-04-09 18:37:00;2026-04-09 18:41:00;2026-04-09 18:48:00;;199.0;;456.0;1826.0;09.04.2026 19:08;HO2, T08;bae7c1a4-342f-11f1-a4e9-0f1f8dae1ef2;1;2042701367;
TP_15639692604_TPS_18973822604;TP_15639692604;400972;c3a6c8a640ccf503ab9fca24626f6546cdad7986187c4f5db92013c6fc43e28b;2,03E+28;0;1;TPS_18973822604;HO2.28;HO2;28.0;VC;2026-04-09 23:19:00;2026-04-10 01:07:00;2026-04-10 01:12:00;2026-04-10 01:47:00;;282.0;;2117.0;8878.0;10.04.2026 02:35;HO2, T08;ea80c7d8-3468-11f1-a1ba-97b8b4f12558;1;2043199649;
TP_15639692604_TPS_19067242604;TP_15639692604;400972;c3a6c8a640ccf503ab9fca24626f6546cdad7986187c4f5db92013c6fc43e28b;2,03E+28;1;0;TPS_19067242604;T08.03.01;T08;3.0;RMG;2026-04-09 23:19:00;2026-04-09 23:54:00;2026-04-10 00:05:00;2026-04-10 01:47:00;2078.0;673.0;3728.0;;;10.04.2026 02:35;HO2, T08;dc4c31e8-3459-11f1-8f95-03f752bd9a40;1;2043199649;
TP_15639812604_TPS_19060912604;TP_15639812604;871112;49ded74733a1332a728087dc3a78bafe2315c78707e90820bb15575594cb9297;2,03E+28;0;1;TPS_19060912604;HO2.28;HO2;28.0;VC;2026-04-10 01:19:00;2026-04-10 01:33:00;2026-04-10 01:48:00;2026-04-10 01:53:00;;910.0;;292.0;2059.0;10.04.2026 02:35;HO2, T12;871f5798-346a-11f1-a7ee-53eda7e2d314;1;2043349831;
TP_15639902604_TPS_18982822604;TP_15639902604;697243;f77f1fec5d728191fcc7fc387b38129338337cc90df422fd54a8b4b8451cd4e6;2,03E+28;0;1;TPS_18982822604;HO2.31;HO2;31.0;VC;2026-04-10 03:50:00;2026-04-10 04:04:00;2026-04-10 04:06:00;2026-04-10 04:19:00;;146.0;;789.0;1765.0;10.04.2026 05:06;HO2, T10;8ea0dcd2-3481-11f1-b44b-b36858cd99df;1;2043556396;
TP_15641512604_TPS_19069052604;TP_15641512604;860424;195356aeb3517662adae14e910d689b69841945b929bb8fe17600680a36f7396;2,03E+28;1;1;TPS_19069052604;T08.03.01;T08;3.0;RMG;2026-04-10 06:19:00;2026-04-10 06:24:00;2026-04-10 06:35:00;2026-04-10 06:40:00;241.0;702.0;;307.0;1250.0;10.04.2026 07:35;T08;89d3d2be-3494-11f1-b716-bb8f1962212b;1;;
TP_15642192604_TPS_19071182604;TP_15642192604;714748;661a0d078fcc8e1bfc9fcd5e10b36ea8fa2b0b9ccb557ea1bbe933186333a344;2,03E+28;1;1;TPS_19071182604;T10.02.01;T10;2.0;RMG;2026-04-10 06:58:00;2026-04-10 07:04:00;2026-04-10 07:18:00;2026-04-10 07:23:00;322.0;851.0;;302.0;1475.0;10.04.2026 08:35;T10;fd16652a-3499-11f1-bb9f-33e508ec30eb;1;;
TP_15642262604_TPS_19057872604;TP_15642262604;397361;d01baac222fd335cd388367ce855e1a159fd449960d541e73d60f4f710e8ed73;2,03E+28;1;1;TPS_19057872604;T13.03.01;T13;3.0;RMG;2026-04-10 08:03:00;2026-04-10 08:07:00;2026-04-10 08:10:00;2026-04-10 08:14:00;194.0;202.0;;251.0;647.0;10.04.2026 09:06;T13;111e5948-34a3-11f1-a107-2b8ef5490d06;1;;
TP_15642322604_TPS_19075892604;TP_15642322604;728136;5a49540485c329cc62381104159de32be345017d2918c283cc535ff97ed18b8a;2,03E+28;1;1;TPS_19075892604;HO2.21;HO2;21.0;VC;2026-04-10 08:59:00;2026-04-10 09:19:00;2026-04-10 09:20:00;2026-04-10 09:26:00;1152.0;83.0;;373.0;1608.0;10.04.2026 10:35;HO2;;0;;
TP_15642832604_TPS_18982872604;TP_15642832604;878435;bddfc24490709a02e57b2c27ce3a01ba190fb1883135d623d62581f1aba6131c;2,03E+28;0;1;TPS_18982872604;HO2.27;HO2;27.0;VC;2026-04-10 09:59:00;2026-04-10 10:50:00;2026-04-10 10:52:00;2026-04-10 10:58:00;;105.0;;404.0;3542.0;10.04.2026 12:05;HO2, T16;;0;2044509565;
TP_15643012604_TPS_19069702604;TP_15643012604;967195;bc323c3faec1e5fa1e631d9c4d4789416799008bd3ef48f00da46226783bf32a;2,03E+28;0;1;TPS_19069702604;HO2.28;HO2;28.0;VC;2026-04-10 02:31:00;2026-04-10 02:48:00;2026-04-10 02:55:00;2026-04-10 03:00:00;;403.0;;327.0;1731.0;10.04.2026 04:05;HO2, T18;a48f305a-3474-11f1-9b94-332ae763c41f;1;2043485418;
TP_15643022604_TPS_19069722604;TP_15643022604;231203;c109802268dff4fa5db4232fce354811fa2f25f0f4b8c5018a3d2af0ebbe9ddd;2,03E+28;0;1;TPS_19069722604;HO2.28;HO2;28.0;VC;2026-04-10 02:32:00;2026-04-10 03:02:00;2026-04-10 03:08:00;2026-04-10 03:15:00;;401.0;;382.0;2585.0;10.04.2026 04:05;HO2, T09;b7fa085e-3474-11f1-9ba5-dfbe8ac37f85;1;2043486754;
TP_15643302604_TPS_19070022604;TP_15643302604;852922;39b502c90e6ed8374e8ad99721248654825addacde90d6942497dddcbdc10f0f;2,03E+28;1;1;TPS_19070022604;T27.02.01;T27;2.0;RMG;2026-04-10 04:51:00;2026-04-10 04:57:00;2026-04-10 05:07:00;2026-04-10 05:13:00;331.0;611.0;;321.0;1263.0;10.04.2026 06:05;T27;3ed33c0c-3488-11f1-b0e2-03230d494551;1;;
TP_15643432604_TPS_19070172604;TP_15643432604;744657;dc6e906c7f149e341a5529790a9c7ffe70ff94726a013cf16ccf5cf06944774f;2,03E+28;0;1;TPS_19070172604;T23.03.01;T23;3.0;RMG;2026-04-10 05:33:00;2026-04-10 06:00:00;2026-04-10 06:08:00;2026-04-10 06:14:00;;461.0;;363.0;2425.0;10.04.2026 07:06;LL, T23;1c861556-348e-11f1-b2e0-6fc5c1b44e21;1;;
TP_15643432604_20260410055539000000024286302;TP_15643432604;744657;dc6e906c7f149e341a5529790a9c7ffe70ff94726a013cf16ccf5cf06944774f;2,03E+28;1;0;2,03E+28;LL;LL;;Leerlager;2026-04-10 05:33:00;2026-04-10 05:39:00;2026-04-10 05:55:00;2026-04-10 06:14:00;348.0;953.0;300.0;;;10.04.2026 07:06;LL, T23;b40027d5-3490-11f1-abd3-2709b7d875a2;1;;
TP_15643612604_TPS_19069102604;TP_15643612604;415370;911315e69fbae0daf69910201e7d9aa64b20843c047863a8b2a02cacc260a188;2,03E+28;1;1;TPS_19069102604;T22.02.01;T22;2.0;RMG;2026-04-10 06:22:00;2026-04-10 06:33:00;2026-04-10 06:43:00;2026-04-10 07:03:00;602.0;647.0;;1205.0;2454.0;10.04.2026 08:05;T22;f4f5a95a-3494-11f1-b735-c30602dcef3c,f506ddf6-3494-11f1-b736-2f1eb52c7770;2;;
TP_15643682604_TPS_18973842604;TP_15643682604;613177;20c7b4ac6873475d3b2829f0212e458616e073012e47b25f7d7a37dd96693ea0;2,03E+28;0;1;TPS_18973842604;HO2.27;HO2;27.0;VC;2026-04-10 06:31:00;2026-04-10 07:04:00;2026-04-10 07:15:00;2026-04-10 07:30:00;;684.0;;913.0;3560.0;10.04.2026 08:35;HO2, T09;b6358db0-349a-11f1-a2ef-27584db571e1;1;2043755265;
TP_15643952604_TPS_19073892604;TP_15643952604;844554;8d421feea4a80a9a3e5561430524fb8deba38f082b7a8d0e9c3812d4fc5d63fb;2,03E+28;0;0;TPS_19073892604;HO2.31;HO2;31.0;VC;2026-04-10 07:45:00;2026-04-10 08:09:00;2026-04-10 08:13:00;2026-04-10 09:08:00;;226.0;1078.0;;;10.04.2026 10:05;HO2, T11;6b2638e6-34a0-11f1-bfec-fb7f161adc8d;1;2043920921;
TP_15644222604_20260410071816000000024286398;TP_15644222604;947675;99f096bb83f5b8e95b6a100aea57dea7b72b38e2ed38f700f93408c62842956c;2,03E+28;1;1;2,03E+28;LL;LL;;Leerlager;2026-04-10 07:05:00;2026-04-10 07:12:00;2026-04-10 07:18:00;2026-04-10 07:22:00;404.0;333.0;;280.0;1017.0;10.04.2026 08:35;LL;eed02760-349b-11f1-abd3-2709b7d875a2;1;;
TP_15644552604_TPS_18982842604;TP_15644552604;832489;e128d89c639534bc3755c1f4d3a9cd7376506138ab41a7763d8f0edd8aaa61e6;2,03E+28;0;0;TPS_18982842604;HO2.26;HO2;26.0;VC;2026-04-10 08:17:00;2026-04-10 08:31:00;2026-04-10 08:53:00;2026-04-10 09:59:00;;1334.0;2389.0;;;10.04.2026 11:06;HO2, T11, T16;3868f21c-34a6-11f1-b614-23d900826fd1;1;2043990335;
TP_15644872604_TPS_18982852604;TP_15644872604;508132;c417525256d8c1fb13dc1487cea55c6e7e163624298d098638719da8e48c4280;2,03E+28;0;1;TPS_18982852604;T10.02.01;T10;2.0;RMG;2026-04-10 08:58:00;2026-04-10 09:28:00;2026-04-10 09:36:00;2026-04-10 09:41:00;;496.0;;271.0;2581.0;10.04.2026 10:35;T09, T10;1b795310-34ae-11f1-b6fd-53a20cc8738b;1;2044310236;
TP_15645312604_TPS_19076862604;TP_15645312604;888509;4a70c2366de0b5ae979f8c95db5713cc1f14ed6b5f84705ea1756c1671b6ee34;2,03E+28;1;1;TPS_19076862604;T13.03.01;T13;3.0;RMG;2026-04-10 10:43:00;2026-04-10 12:30:00;2026-04-10 12:55:00;2026-04-10 13:02:00;6396.0;1504.0;;425.0;8325.0;10.04.2026 14:05;T13;55ee5742-34b9-11f1-9751-77915e0e2e5b;1;;
TP_15645502604_TPS_19071722604;TP_15645502604;931645;aa4465f3428afc21e1a6124b8d3b061977283173c759d3eda20e880df6430e75;2,03E+28;1;1;TPS_19071722604;T17.02.01;T17;2.0;RMG;2026-04-10 07:23:00;2026-04-10 07:36:00;2026-04-10 07:42:00;2026-04-10 07:48:00;745.0;341.0;;375.0;1461.0;10.04.2026 08:35;T17;7a7fb7a2-349d-11f1-be82-eb5cae0bf621;1;;
TP_15646802604_TPS_19074642604;TP_15646802604;563354;27f5e616ce55eb25601b1fe144c8bfa54c164e74e96ec28ec52bf0bd5b5099c2;2,03E+28;1;1;TPS_19074642604;T06.01.01;T06;1.0;RMG;2026-04-10 08:07:00;2026-04-10 08:45:00;2026-04-10 09:16:00;2026-04-10 09:21:00;2226.0;1861.0;;334.0;4421.0;10.04.2026 10:35;T06;a09a478a-34a3-11f1-a171-53f40f51a06a,a0aae2e8-34a3-11f1-a172-13ca7a4f17bc,a0bc0e6a-34a3-11f1-a173-e387fb1a3c1e;3;;
TP_15646862604_TPS_19074752604;TP_15646862604;976362;17ec2aca1ebbd6d61b5f55baa9ff8031615dd830851f8c9041f7306cd75964dd;2,03E+28;0;1;TPS_19074752604;HO2.26;HO2;26.0;VC;2026-04-10 08:11:00;2026-04-10 09:52:00;2026-04-10 10:00:00;2026-04-10 10:32:00;;476.0;;1876.0;8453.0;10.04.2026 11:35;HO2, LL, T10, T11;11ce9938-34a4-11f1-a1d1-fb10e3791c7e;1;2043976941;
TP_15647182604_TPS_18973852604;TP_15647182604;591723;af61eabd746e5211563fee1f348b332c1d7889c36db23734ed70d0141654c31a;2,03E+28;0;1;TPS_18973852604;HO2.34;HO2;34.0;VC;2026-04-10 09:23:00;2026-04-10 10:15:00;2026-04-10 10:20:00;2026-04-10 10:35:00;;306.0;;878.0;4330.0;10.04.2026 11:35;HO2, T08, T18;774bb6f4-34b5-11f1-a938-2347f2d7faad;1;2044340591;
TP_15647422604_TPS_19079102604;TP_15647422604;828230;bb13238d7b21055a0aa4e53adc605e00713553e8c6d7e616bbcf4ffc5ccf7942;2,03E+28;1;1;TPS_19079102604;T20.03.01;T20;3.0;RMG;2026-04-10 10:32:00;2026-04-10 10:36:00;2026-04-10 10:51:00;2026-04-10 10:57:00;236.0;850.0;;390.0;1476.0;10.04.2026 12:05;T20;e1a1a6c4-34b7-11f1-a1bc-dfc332827f96;1;;
TP_15647512604_TPS_19076582604;TP_15647512604;628144;12012f15a98fd022842ac35ecc1ad13944beb8697ca51c9b8268d75fee6d9810;2,03E+28;0;1;TPS_19076582604;T20.02.01;T20;2.0;RMG;2026-04-10 10:37:00;2026-04-10 11:31:00;2026-04-10 11:34:00;2026-04-10 11:39:00;;178.0;;322.0;3705.0;10.04.2026 12:35;HO2, T20;950b7320-34b8-11f1-9670-77b503fd3c15;1;;
TP_15647512604_TPS_19076572604;TP_15647512604;628144;12012f15a98fd022842ac35ecc1ad13944beb8697ca51c9b8268d75fee6d9810;2,03E+28;1;0;TPS_19076572604;HO2.22;HO2;22.0;VC;2026-04-10 10:37:00;2026-04-10 10:45:00;2026-04-10 11:00:00;2026-04-10 11:39:00;439.0;903.0;1863.0;;;10.04.2026 12:35;HO2, T20;;0;;
TP_15648612604_TPS_18982862604;TP_15648612604;767353;ef69bbf3c51ebf4f9c52f06bd0c5e7771ed58b602ea74873345887340b03fc92;2,03E+28;0;1;TPS_18982862604;HO2.34;HO2;34.0;VC;2026-04-10 09:35:00;2026-04-10 09:50:00;2026-04-10 09:58:00;2026-04-10 10:10:00;;455.0;;732.0;2085.0;10.04.2026 11:06;HO2, T23;;0;2044481670;
TP_15650742604_TPS_18973862604;TP_15650742604;875261;9817b685ff221795396c1683d83cd983896931457be6c216c3084be73188713d;2,03E+28;0;1;TPS_18973862604;HO2.33;HO2;33.0;VC;2026-04-10 10:08:00;2026-04-10 10:26:00;2026-04-10 10:28:00;2026-04-10 10:34:00;;153.0;;355.0;1575.0;10.04.2026 11:35;HO2, T07;edb87bbe-34b6-11f1-a939-3b02c906cb25;1;2044577341;
TP_15651002604_TPS_18973872604;TP_15651002604;350242;bc29abffd6caf7c8a51d3fe74678a31fd44fa7d0e8b9275cf0af5c3aef44cd09;2,03E+28;0;0;TPS_18973872604;HO2.28;HO2;28.0;VC;2026-04-10 11:02:00;2026-04-10 11:29:00;2026-04-10 11:31:00;2026-04-10 12:34:00;;100.0;2671.0;;;10.04.2026 13:35;HO2, T16;671714d6-34bf-11f1-a974-abb1cdc4b158;1;2044839865;
TP_15651052604_TPS_19079972604;TP_15651052604;368786;0e7aaa793712707d4198013974e25ed80e6e9a101ef51d97ee6fac14c0ff0968;2,03E+28;0;1;TPS_19079972604;HO2.35;HO2;35.0;VC;2026-04-10 11:03:00;2026-04-10 11:48:00;2026-04-10 11:53:00;2026-04-10 12:20:00;;280.0;;1624.0;4600.0;10.04.2026 13:06;HO2, T15;3100451e-34bc-11f1-9d04-2bcf8d420ced;1;2044844252;
TP_15651802604_TPS_19081992604;TP_15651802604;812058;91cd460d120eae5483c2cbde642addd5b890868f28c456d429e8e21c1e0dc887;2,03E+28;1;1;TPS_19081992604;T22.02.01;T22;2.0;RMG;2026-04-10 11:54:00;2026-04-10 12:03:00;2026-04-10 12:08:00;2026-04-10 12:25:00;513.0;319.0;;1005.0;1837.0;10.04.2026 13:35;T22;55cd566e-34c3-11f1-aa77-8b6ed1882504,55dd6040-34c3-11f1-aa78-7fa4bdc77a6c;2;;
TP_15652102604_TPS_18973892604;TP_15652102604;914895;30320f42b544c26d8f0d5fbe91d05e83084ba60a5a414663540b9236a62152c8;2,03E+28;0;1;TPS_18973892604;HO2.33;HO2;33.0;VC;2026-04-10 11:39:00;2026-04-10 12:15:00;2026-04-10 12:19:00;2026-04-10 12:23:00;;196.0;;282.0;2635.0;10.04.2026 13:35;HO2, T18;;0;2045003388;
TP_15652102604_TPS_19081212604;TP_15652102604;914895;30320f42b544c26d8f0d5fbe91d05e83084ba60a5a414663540b9236a62152c8;2,03E+28;1;0;TPS_19081212604;T18.03.01;T18;3.0;RMG;2026-04-10 11:39:00;2026-04-10 11:44:00;2026-04-10 11:52:00;2026-04-10 12:23:00;256.0;474.0;1427.0;;;10.04.2026 13:35;HO2, T18;3cdd1150-34c1-11f1-a6c0-5317ab51edec;1;2045003388;
TP_15652112604_TPS_19081222604;TP_15652112604;865962;3ad88f971852fcc58bbd85c61a1a2ad13708fdd399e41ff6748c9a01379b37d3;2,03E+28;1;1;TPS_19081222604;T24.03.01;T24;3.0;RMG;2026-04-10 11:39:00;2026-04-10 11:46:00;2026-04-10 12:01:00;2026-04-10 12:26:00;395.0;885.0;;1512.0;2792.0;10.04.2026 13:35;T24;3defcab0-34c1-11f1-a6c3-4fc4868394fc,3e015bfe-34c1-11f1-a6c4-cbf7aa88a05b;2;;
TP_15652322604_TPS_18973902604;TP_15652322604;568403;9daf2a3914c99089d1d13ae49c90e6879ffb923cd40666389de6224a5c54eacf;2,03E+28;0;1;TPS_18973902604;HO2.26;HO2;26.0;VC;2026-04-10 12:03:00;2026-04-10 12:30:00;2026-04-10 12:33:00;2026-04-10 12:41:00;;190.0;;469.0;2306.0;10.04.2026 13:35;HO2, T06;49d0cb5c-34c8-11f1-aa26-c3ed52921b5a;1;2045165796;
TP_15652502604_TPS_19085102604;TP_15652502604;713739;ce2f802bc0d2b751348cddf0fa05c498fad1ff72c507eb7d584b77b0ad3fde9b;2,03E+28;0;1;TPS_19085102604;T10.02.01;T10;2.0;RMG;2026-04-10 12:38:00;2026-04-10 13:07:00;2026-04-10 13:24:00;2026-04-10 13:35:00;;1002.0;;668.0;3391.0;10.04.2026 14:35;T10, T15;7ca6b4dc-34c9-11f1-b322-5b2604ec8485;1;;
TP_15652502604_TPS_19085092604;TP_15652502604;713739;ce2f802bc0d2b751348cddf0fa05c498fad1ff72c507eb7d584b77b0ad3fde9b;2,03E+28;1;0;TPS_19085092604;T15.02.01;T15;2.0;RMG;2026-04-10 12:38:00;2026-04-10 12:49:00;2026-04-10 12:53:00;2026-04-10 13:35:00;631.0;266.0;824.0;;;10.04.2026 14:35;T10, T15;7c9528ca-34c9-11f1-b321-e7ecf0d88e12;1;;
TP_15652702604_TPS_19077852604;TP_15652702604;457875;0acc410d582a3c51231b0a5590b176abdd055e5b9f8739b10ead786887c5816c;2,03E+28;0;1;TPS_19077852604;T17.01.01;T17;1.0;RMG;2026-04-10 12:52:00;2026-04-10 13:54:00;2026-04-10 14:00:00;2026-04-10 14:29:00;;353.0;;1702.0;5763.0;10.04.2026 15:35;T08, T17;708963a0-34cb-11f1-9d6f-17f30735802d;1;;
TP_15652702604_TPS_19077842604;TP_15652702604;457875;0acc410d582a3c51231b0a5590b176abdd055e5b9f8739b10ead786887c5816c;2,03E+28;1;0;TPS_19077842604;T08.02.01;T08;2.0;RMG;2026-04-10 12:52:00;2026-04-10 13:16:00;2026-04-10 13:48:00;2026-04-10 14:29:00;1395.0;1922.0;391.0;;;10.04.2026 15:35;T08, T17;70642ed2-34cb-11f1-9d6d-87a0d0bda6eb,7075eeb0-34cb-11f1-9d6e-fb26aff20c03;2;;
TP_15652832604_TPS_19086282604;TP_15652832604;230140;d9e628aeebc422853b0c39677dbe1c48b949fb39bdea7a27f6fa97ab22d41ed8;2,03E+28;1;1;TPS_19086282604;T27.03.01;T27;3.0;RMG;2026-04-10 13:32:00;2026-04-10 13:41:00;2026-04-10 13:48:00;2026-04-10 14:06:00;519.0;429.0;;1054.0;2002.0;10.04.2026 15:06;T27;0706a068-34d1-11f1-ba99-efd67d5a518c,07174206-34d1-11f1-ba9a-c3e33ceb57c0;2;;
TP_15653342604_TPS_18973922604;TP_15653342604;914895;30320f42b544c26d8f0d5fbe91d05e83084ba60a5a414663540b9236a62152c8;2,03E+28;0;1;TPS_18973922604;HO2.23;HO2;23.0;VC;2026-04-10 12:24:00;2026-04-10 12:42:00;2026-04-10 12:47:00;2026-04-10 12:50:00;;267.0;;206.0;1562.0;10.04.2026 13:35;HO2, T20;;0;2045251383;
TP_15653582604_TPS_19083882604;TP_15653582604;949975;2c99d69bfdcf3fae574c4bf183e6b9bbec06d00f38c6164cd4ffed8e61ade3f6;2,03E+28;1;1;TPS_19083882604;T27.02.01;T27;2.0;RMG;2026-04-10 12:42:00;2026-04-10 12:56:00;2026-04-10 13:07:00;2026-04-10 13:14:00;816.0;682.0;;368.0;1866.0;10.04.2026 14:05;T27;0b281b2e-34ca-11f1-b94d-2b09339fb3dd,0b3aa992-34ca-11f1-b94e-735d94efaa7f;2;;
TP_15654452604_TPS_18973912604;TP_15654452604;256556;b6b7327411f5c079d3b617c0bec4d2d5dc3001c7912f44df82317fa38b2c78d3;2,03E+28;0;1;TPS_18973912604;HO2.31;HO2;31.0;VC;2026-04-10 12:17:00;2026-04-10 12:32:00;2026-04-10 12:37:00;2026-04-10 12:47:00;;332.0;;624.0;1843.0;10.04.2026 13:35;HO2, T19;7d590fac-34c8-11f1-aa2b-7b8662be37f0;1;2045211251;
TP_15654492604_TPS_19083532604;TP_15654492604;826866;aeca37065ff5c19e8c9b08f58c3334d65971e9961a2f90008663035256d3ac58;2,03E+28;0;0;TPS_19083532604;HO2.26;HO2;26.0;VC;2026-04-10 12:20:00;2026-04-10 12:46:00;2026-04-10 12:53:00;2026-04-10 13:19:00;;391.0;732.0;;;10.04.2026 14:05;HO2, T10, T27;f72e3fac-34c6-11f1-b3db-3b559da96d82;1;2045206086;
TP_15654982604_TPS_19084582604;TP_15654982604;491315;fe6fe393435401b2a813f1b0673d29eea2aaeffda7a61cb3941a7aa5d7b34c59;2,03E+28;1;1;TPS_19084582604;T14.03.01;T14;3.0;RMG;2026-04-10 13:58:00;2026-04-10 14:05:00;2026-04-10 14:17:00;2026-04-10 20:54:00;379.0;735.0;;23797.0;24911.0;10.04.2026 22:05;T14;a91f38c6-34d4-11f1-87d8-33c359223845;1;;
TP_15655282604_TPS_19088842604;TP_15655282604;502973;e04b5944d9061db42ac6096171c806eaf72944cc4d514fc31c505496cf4879e9;2,03E+28;1;1;TPS_19088842604;T15.01.01;T15;1.0;RMG;2026-04-10 14:11:00;2026-04-10 14:21:00;2026-04-10 14:24:00;2026-04-10 14:31:00;582.0;161.0;;455.0;1198.0;10.04.2026 15:35;T15;79e12b80-34d6-11f1-8aa6-d751d265a31e;1;;
TP_15655332604_TPS_19077972604;TP_15655332604;713549;71c235bf84c6f5dae55607ec61cebab557bceda8ea87f31a440436fae353818c;2,03E+28;1;1;TPS_19077972604;T22.04.01;T22;4.0;RMG;2026-04-10 14:18:00;2026-04-10 14:28:00;2026-04-10 14:50:00;2026-04-10 14:57:00;590.0;1275.0;;423.0;2288.0;10.04.2026 16:05;T22;7401c7f0-34d7-11f1-addb-3b442225fda5;1;;
TP_15655582604_TPS_19091182604;TP_15655582604;659016;f03603e993bc56949313cf0c29ef2803c1c599fc42a2c34d59178313513fec21;2,03E+28;1;1;TPS_19091182604;T21.04.01;T21;4.0;RMG;2026-04-10 15:35:00;2026-04-10 15:40:00;2026-04-10 16:01:00;2026-04-10 16:07:00;326.0;1229.0;;392.0;1947.0;10.04.2026 17:06;T21;1edba812-34e2-11f1-ba12-6f03c30acc15,1eec504a-34e2-11f1-ba13-e79d90141ccf;2;;
TP_15655922604_TPS_18982892604;TP_15655922604;714306;4da2659f9fc22165ae68c81273f8904e58d1912311dba9fab0ae4325aa8ec585;2,03E+28;0;0;TPS_18982892604;HO2.22;HO2;22.0;VC;2026-04-10 12:59:00;2026-04-10 13:51:00;2026-04-10 13:55:00;2026-04-10 14:39:00;;212.0;518.0;;;10.04.2026 15:35;HO2, T06, T20;386fa086-34d2-11f1-ba12-47a19b562987;1;2045387624;
TP_15657062604_TPS_18982902604;TP_15657062604;448333;4deb4e66bca0c6e92de29ad744e34a893ec2a9b6cfa434539f6a86b8a34296eb;2,03E+28;0;1;TPS_18982902604;HO2.29;HO2;29.0;VC;2026-04-10 14:26:00;2026-04-10 15:06:00;2026-04-10 15:22:00;2026-04-10 15:28:00;;943.0;;389.0;3760.0;10.04.2026 16:35;HO2, T16;;0;2045726825;
TP_15657232604_TPS_18982912604;TP_15657232604;587050;495bb7017d30b58cedc066a084354480403642e6391844301cffce7e3c8dd297;2,03E+28;0;1;TPS_18982912604;HO2.35;HO2;35.0;VC;2026-04-10 14:34:00;2026-04-10 15:29:00;2026-04-10 15:31:00;2026-04-10 15:48:00;;135.0;;999.0;4407.0;10.04.2026 16:35;HO2, T11;3e500f0e-34e1-11f1-bac6-c30b5ff6bd6e;1;2045748337;
TP_15657842604_TPS_19087722604;TP_15657842604;472053;865785930e4ccf06c5f2325f57b81b9f912b71099867c9ca0d808eb65608cfd1;2,03E+28;0;1;TPS_19087722604;T11.01.01;T11;1.0;RMG;2026-04-10 16:32:00;2026-04-10 16:58:00;2026-04-10 17:04:00;2026-04-10 17:09:00;;354.0;;304.0;2188.0;10.04.2026 18:05;T11, T17;2d4a330c-34ea-11f1-ad04-33f5f54d1664;1;;
TP_15657842604_TPS_19087712604;TP_15657842604;472053;865785930e4ccf06c5f2325f57b81b9f912b71099867c9ca0d808eb65608cfd1;2,03E+28;1;0;TPS_19087712604;T17.02.01;T17;2.0;RMG;2026-04-10 16:32:00;2026-04-10 16:38:00;2026-04-10 16:54:00;2026-04-10 17:09:00;338.0;966.0;226.0;;;10.04.2026 18:05;T11, T17;2d382c8e-34ea-11f1-ad03-ef39237cc92e;1;;
TP_15657852604_TPS_19087742604;TP_15657852604;417839;b9885c8bf235f1c31afdcfdeabc30fd8c6a859875a84f8c78bb3c9c235c82d52;2,03E+28;0;1;TPS_19087742604;HO2.26;HO2;26.0;VC;2026-04-10 16:33:00;2026-04-10 17:48:00;2026-04-10 17:52:00;2026-04-10 19:05:00;;279.0;;4388.0;9152.0;10.04.2026 20:05;HO2, T11;379f19bc-34ea-11f1-ad0f-27eb1010f660;1;2046078030;
TP_15657902604_TPS_19088352604;TP_15657902604;449373;63b08c73fa694f51b4562fea1827e2ffef114552f708bd0a59cbd42451eda0fe;2,03E+28;0;1;TPS_19088352604;T19.01.01;T19;1.0;RMG;2026-04-10 16:47:00;2026-04-10 16:59:00;2026-04-10 17:04:00;2026-04-10 17:09:00;;314.0;;292.0;1306.0;10.04.2026 18:05;T15, T19;45e5ae94-34ec-11f1-af56-5bf2051d2b1a;1;;
TP_15657902604_TPS_19088342604;TP_15657902604;449373;63b08c73fa694f51b4562fea1827e2ffef114552f708bd0a59cbd42451eda0fe;2,03E+28;1;0;TPS_19088342604;T15.01.01;T15;1.0;RMG;2026-04-10 16:47:00;2026-04-10 16:53:00;2026-04-10 16:56:00;2026-04-10 17:09:00;302.0;221.0;177.0;;;10.04.2026 18:05;T15, T19;45d46e7c-34ec-11f1-af55-6b100247ce4e;1;;
TP_15658002604_TPS_19088502604;TP_15658002604;246709;a4ac292b2d548a9187de30fa5c3f590a12b854c83e0a34f4422f00eb476eb89b;2,03E+28;0;1;TPS_19088502604;HO2.31;HO2;31.0;VC;2026-04-10 16:49:00;2026-04-10 20:10:00;2026-04-10 20:15:00;2026-04-10 20:25:00;;326.0;;577.0;12957.0;10.04.2026 21:09;HO2, T10, T13;7ed13138-34ec-11f1-afa4-e303b97d6798;1;2046089760;
TP_15658182604_TPS_19095182604;TP_15658182604;315300;2cf21bbd36e7c83a38acd990518425999c9e43e680b35c2c88fcf5d446e71335;2,03E+28;0;1;TPS_19095182604;HO2.24;HO2;24.0;VC;2026-04-10 17:01:00;2026-04-10 18:07:00;2026-04-10 18:16:00;2026-04-10 18:32:00;;505.0;;984.0;5448.0;10.04.2026 19:08;HO2, T10, T27;332cb886-34ee-11f1-9fed-d3769a81f861;1;2046258629;
TP_15658622604_TPS_19091692604;TP_15658622604;414926;87be6221cc14c1f608a90a68527292ba0be741c3d89567fd9ba32737fe92f0e0;2,03E+28;1;1;TPS_19091692604;HO2.35;HO2;35.0;VC;2026-04-10 15:53:00;2026-04-10 16:09:00;2026-04-10 16:16:00;2026-04-10 16:23:00;935.0;416.0;;416.0;1767.0;10.04.2026 17:35;HO2;;0;;
TP_15658662604_TPS_19092542604;TP_15658662604;668153;d3b3eaa99665e2a6f22127b898607c12c2df1be9f10272ad5705eff1f19ec485;2,03E+28;1;1;TPS_19092542604;T27.03.01;T27;3.0;RMG;2026-04-10 15:59:00;2026-04-10 16:06:00;2026-04-10 16:37:00;2026-04-10 17:06:00;407.0;1873.0;;1719.0;3999.0;10.04.2026 18:05;T27;912a4f38-34e5-11f1-9064-57be76dfe303;1;;
TP_15658702604_TPS_19083202604;TP_15658702604;664334;c9e886feb163b4cf35e51fd3e0f9302da3b2772c7fa948231557a950bc88df41;2,03E+28;1;1;TPS_19083202604;T10.02.01;T10;2.0;RMG;2026-04-10 16:22:00;2026-04-10 16:26:00;2026-04-10 16:39:00;2026-04-10 16:45:00;236.0;738.0;;387.0;1361.0;10.04.2026 17:35;T10;c6c9777e-34e8-11f1-998e-6bd9a1f00ea6;1;;
TP_15658812604_TPS_18982952604;TP_15658812604;602766;c24d39b50b5de01f088760b72c034b4b3d4ef3058a02b5f276b35903e030716c;2,03E+28;0;1;TPS_18982952604;HO2.30;HO2;30.0;VC;2026-04-10 16:37:00;2026-04-10 18:13:00;2026-04-10 18:15:00;2026-04-10 18:26:00;;151.0;;630.0;6568.0;10.04.2026 19:08;HO2, T15;;0;2046082870;
TP_15659332604_TPS_19093792604;TP_15659332604;271286;3b57bbeed3f0048e64dec7f92ee0776b38b8e5b5f9cfd3ef283f5b94986f7191;2,03E+28;0;0;TPS_19093792604;HO2.34;HO2;34.0;VC;2026-04-10 18:21:00;2026-04-10 18:49:00;2026-04-10 19:14:00;2026-04-10 19:31:00;;1463.0;289.0;;;10.04.2026 20:35;HO2, T14, T18;4f7530fa-34fc-11f1-87cf-c363c870b085;1;2046438995;
TP_15659542604_TPS_19082482604;TP_15659542604;772604;fc02dccf894b36bc05b31d41616bb490e6add177f9eb85739c74353cc16acc5c;2,03E+28;0;0;TPS_19082482604;HO2.22;HO2;22.0;VC;2026-04-10 14:44:00;2026-04-10 15:58:00;2026-04-10 16:01:00;2026-04-10 16:23:00;;179.0;329.0;;;10.04.2026 17:35;HO2, T07, T11;f3776fd2-34da-11f1-8447-23743c365990;1;2045768481;
TP_15659872604_TPS_19090252604;TP_15659872604;531611;31936dcd85b765c37948750d72c9cfae12c8b5526a1e12f85465e8f255c6fa37;2,03E+28;0;1;TPS_19090252604;HO2.25;HO2;25.0;VC;2026-04-10 14:58:00;2026-04-10 19:22:00;2026-04-10 19:42:00;2026-04-10 19:51:00;;1183.0;;543.0;17582.0;10.04.2026 20:35;HO2, T13;fa559a5c-34dc-11f1-b5e1-23cfcdaf2e78;1;2045665103;
TP_15659992604_TPS_18982922604;TP_15659992604;722757;dd056bd4f1939196ee9e041b9f55cf1e3b7256e9e48f4e0671c31cf7aa9ae83d;2,03E+28;0;1;TPS_18982922604;HO2.35;HO2;35.0;VC;2026-04-10 15:16:00;2026-04-10 15:57:00;2026-04-10 16:00:00;2026-04-10 16:10:00;;160.0;;567.0;3212.0;10.04.2026 17:06;HO2, LL, T11;416ca298-34e5-11f1-bb24-0b5af4197716;1;2045811573;
TP_15660202604_TPS_18982962604;TP_15660202604;522546;fc4a46167dc4dfb8817de05863a00b1554ed46c9a22f3368f23634fcc377762f;2,03E+28;0;1;TPS_18982962604;HO2.30;HO2;30.0;VC;2026-04-10 15:43:00;2026-04-10 18:23:00;2026-04-10 18:27:00;2026-04-10 19:08:00;;264.0;;2455.0;12294.0;10.04.2026 20:05;HO2, T20;974040d0-34f9-11f1-bed8-532400fbe555;1;2045928431;
TP_15660952604_TPS_19087242604;TP_15660952604;451137;338c2946ff5279fd8e75a2ee53f9f8a98b9568fc92fed4bf2ac4f0c79678ee8e;2,03E+28;0;1;TPS_19087242604;HO2.27;HO2;27.0;VC;2026-04-10 15:42:00;2026-04-10 17:23:00;2026-04-10 17:29:00;2026-04-10 17:38:00;;391.0;;521.0;6969.0;10.04.2026 18:35;HO2, T11, T25;1b774c16-34e3-11f1-be99-4f4794bd62d2;1;2045919197;
TP_15662072604_TPS_19100652604;TP_15662072604;235485;0c1900438a822e803b966bd54e0ae4b604b5bb90519712c03961700213e67662;2,03E+28;0;1;TPS_19100652604;HO2.28;HO2;28.0;VC;2026-04-10 20:35:00;2026-04-10 20:55:00;2026-04-10 21:03:00;2026-04-10 21:13:00;;492.0;;551.0;2226.0;10.04.2026 22:05;HO2, T08;;0;2046645185;
TP_15662972604_TPS_19097752604;TP_15662972604;280028;c864721f75800905d14abddfdd52d4ba8543af25d79957c714cea16d861b4e53;2,03E+28;0;1;TPS_19097752604;HO2.27;HO2;27.0;VC;2026-04-10 18:36:00;2026-04-10 19:52:00;2026-04-10 19:56:00;2026-04-10 20:02:00;;208.0;;417.0;5186.0;10.04.2026 21:09;HO2, T07, T27;6f12865c-34fb-11f1-ba14-9b417ef49493;1;2046459138;
TP_15663492604_TPS_19093822604;TP_15663492604;305498;7402d040ad485abf2e7aef44e0f1f781de4cff1fd64e256e3f27758cda2fc5c4;2,03E+28;0;1;TPS_19093822604;HO2.31;HO2;31.0;VC;2026-04-10 17:38:00;2026-04-10 21:34:00;2026-04-10 21:41:00;2026-04-10 22:24:00;;427.0;;2598.0;17193.0;10.04.2026 23:35;HO2, T07, T10, T11;da4b0314-3513-11f1-8976-4f27e909f1b1,e34c7ae2-3513-11f1-8977-8fd74c39ce0a;2;2046344819;
TP_15663492604_TPS_19096442604;TP_15663492604;305498;7402d040ad485abf2e7aef44e0f1f781de4cff1fd64e256e3f27758cda2fc5c4;2,03E+28;0;0;TPS_19096442604;HO2.22;HO2;22.0;VC;2026-04-10 17:38:00;2026-04-10 19:49:00;2026-04-10 19:53:00;2026-04-10 22:24:00;;239.0;6034.0;;;10.04.2026 23:35;HO2, T07, T10, T11;43fa5cd6-34f3-11f1-9506-bbc3ac1395b5;1;2046344819;
TP_15663532604_TPS_19093802604;TP_15663532604;321147;c420295dcb64477507ac478dd9bcdf4a21fd0726498c1fa10cac54b560c221c0;2,03E+28;0;1;TPS_19093802604;HO2.26;HO2;26.0;VC;2026-04-10 17:53:00;2026-04-10 18:43:00;2026-04-10 18:49:00;2026-04-10 19:07:00;;337.0;;1062.0;4392.0;10.04.2026 20:05;HO2, T16;6931c850-34fc-11f1-87d2-a7da1989b381;1;2046386260;
TP_15663942604_TPS_19097292604;TP_15663942604;239288;4b224ff2159a7bbb2ef98016a40c2415587aa7022405b5d2c7d13c0a6993a7e6;2,03E+28;1;1;TPS_19097292604;T11.02.01;T11;2.0;RMG;2026-04-10 22:24:00;2026-04-10 22:27:00;2026-04-10 22:53:00;2026-04-10 22:57:00;166.0;1556.0;;228.0;1950.0;11.04.2026 00:05;T11;58e355f8-351b-11f1-b948-3b97209400f0;1;;
TP_15664082604_TPS_18982982604;TP_15664082604;403926;d21be46964135c3b5673c9f1dedff89612033d2b0c78fcdb6d59bb5a8273065a;2,03E+28;0;1;TPS_18982982604;HO2.31;HO2;31.0;VC;2026-04-10 22:40:00;2026-04-10 23:08:00;2026-04-10 23:16:00;2026-04-10 23:21:00;;504.0;;313.0;2502.0;11.04.2026 00:05;HO2, T08;a5e74f0e-351f-11f1-b42e-7353733a82c3;1;2046766754;
TP_15664142604_TPS_19097572604;TP_15664142604;489511;a5921e6b6fa30e61b9e8bf8278e4ab32a2adf91d9f56d658c23ceff48b2a0c03;2,03E+28;1;1;TPS_19097572604;T25.02.01;T25;2.0;RMG;2026-04-10 22:57:00;2026-04-10 23:03:00;2026-04-10 23:43:00;2026-04-10 23:47:00;327.0;2411.0;;232.0;2970.0;11.04.2026 00:35;T25;f53a86b6-351f-11f1-bad9-4795ef8f16ba,f54e24a0-351f-11f1-bada-b3cfa3ac0b6a;2;;
TP_15664422604_TPS_19098152604;TP_15664422604;304494;881c1afd643f06ee0b564304c660be00a8fd2f6bb6c06e7dd3c6b4969360e2dd;2,03E+28;1;1;TPS_19098152604;HO2.27;HO2;27.0;VC;2026-04-11 01:33:00;2026-04-11 01:40:00;2026-04-11 01:52:00;2026-04-11 02:02:00;368.0;732.0;;631.0;1731.0;11.04.2026 03:06;HO2;c0843050-3535-11f1-b024-0ba7f4baccb5,c0953e2c-3535-11f1-b025-9bceac48663f;2;;
TP_15664882604_TPS_19099022604;TP_15664882604;349439;271622c09f406a809d23cb3098a80cc7c22aceb6257c29150024a70ebfc305e1;2,03E+28;1;1;TPS_19099022604;T20.02.01;T20;2.0;RMG;2026-04-10 18:40:00;2026-04-10 18:51:00;2026-04-10 18:59:00;2026-04-10 19:08:00;601.0;501.0;;528.0;1630.0;10.04.2026 20:05;T20;0ddc3206-34fc-11f1-b665-4ba5ae9d6b2d;1;;
TP_15666212604_TPS_19096992604;TP_15666212604;399878;7f9c744961f222eb6b4f551f2e2d5fa843a3def001982b5321b43cb4cbb0ddb2;2,03E+28;1;1;TPS_19096992604;T25.02.01;T25;2.0;RMG;2026-04-10 21:33:00;2026-04-10 21:41:00;2026-04-10 21:47:00;2026-04-10 21:54:00;453.0;369.0;;430.0;1252.0;10.04.2026 23:06;T25;396ca7f8-3514-11f1-b700-e3bd150ec8ce,397fda12-3514-11f1-b701-77832541b5c2;2;;
TP_15667352604_TPS_19102752604;TP_15667352604;326994;86abd759004ed4bce71233f5f66412c17643030d847c7008c65133768376f323;2,03E+28;1;1;TPS_19102752604;T11.02.01;T11;2.0;RMG;2026-04-11 00:10:00;2026-04-11 00:15:00;2026-04-11 00:37:00;2026-04-11 01:00:00;296.0;1270.0;;1431.0;2997.0;11.04.2026 02:05;T11;27e8c636-352a-11f1-913c-232110a52741;1;;
TP_15667432604_TPS_19095882604;TP_15667432604;440941;69143e40f70f8b9fc58b7d191e1b563e0d8dda12bfffd7b3a5eb5d96f6d91a9f;2,03E+28;1;1;TPS_19095882604;T15.02.01;T15;2.0;RMG;2026-04-11 04:31:00;2026-04-11 04:38:00;2026-04-11 04:44:00;2026-04-11 04:59:00;382.0;383.0;;899.0;1664.0;11.04.2026 06:05;T15;9e03146a-354e-11f1-b500-bf8b396f7750,9e141de6-354e-11f1-b501-f3ad09cf0718;2;;
TP_15667442604_TPS_19104122604;TP_15667442604;351570;a0efac6b7d3c3dc8fc1c94007a0493e2d1634daf29421caa465ce15eabc8c00c;2,03E+28;1;1;TPS_19104122604;T16.03.01;T16;3.0;RMG;2026-04-11 05:52:00;2026-04-11 06:00:00;2026-04-11 06:13:00;2026-04-11 06:24:00;441.0;799.0;;666.0;1906.0;11.04.2026 07:06;T16;ef2126f6-3559-11f1-ba5a-bbe118066104,ef32d054-3559-11f1-ba5b-037a2f5a2388;2;;
TP_15667682604_TPS_19093862604;TP_15667682604;404129;9f6fb0eb0232ef52362c7771e96757c485d6c8b06e9c91eb790bf26e0ac1631c;2,03E+28;0;0;TPS_19093862604;HO2.26;HO2;26.0;VC;2026-04-11 06:47:00;2026-04-11 07:26:00;2026-04-11 07:36:00;2026-04-11 08:03:00;;571.0;381.0;;;11.04.2026 09:06;HO2, T13, T15;011eebf6-3567-11f1-8d8a-2fce2b5c6a4b;1;2047368096;
TP_15667912604_20260411091631000000024332691;TP_15667912604;295293;0044edb4c52f50d1a672eed4d913a905bec57753285c7d94bbfd73b76de44be4;2,03E+28;1;0;2,03E+28;LL;LL;;Leerlager;2026-04-11 09:00:00;2026-04-11 09:05:00;2026-04-11 09:16:00;2026-04-11 09:42:00;288.0;675.0;462.0;;;11.04.2026 10:35;LL, T20;cf9c47bc-3574-11f1-abd3-2709b7d875a2;1;2047559808;
TP_15667922604_20260411091901000000024332693;TP_15667922604;811451;11c5a8e383a32ce87102a86a19be92551058a4e4d9c8ec854edd2f0897d0aae8;2,03E+28;1;0;2,03E+28;LL;LL;;Leerlager;2026-04-11 09:01:00;2026-04-11 09:05:00;2026-04-11 09:19:00;2026-04-11 09:45:00;209.0;821.0;671.0;;;11.04.2026 10:35;LL, T21;d18f8c3d-3574-11f1-abd3-2709b7d875a2;1;2047557505;
TP_15668532604_TPS_19102782604;TP_15668532604;810182;718cfeb4ce8f6e9c95095e5d164961489757f759ef9ebc86799f03cb415b5b70;2,03E+28;0;1;TPS_19102782604;HO2.24;HO2;24.0;VC;2026-04-11 00:37:00;2026-04-11 01:51:00;2026-04-11 01:53:00;2026-04-11 02:47:00;;160.0;;3193.0;7784.0;11.04.2026 03:35;HO2, T11;d8f6d8e8-352d-11f1-951d-ffe754048262;1;2046915949;
TP_15668582604_TPS_19102882604;TP_15668582604;434792;356c773ed2084f388977ac0a1a00656cad0cf3ef097446d13315562ff6083755;2,03E+28;1;1;TPS_19102882604;T21.03.01;T21;3.0;RMG;2026-04-11 01:55:00;2026-04-11 02:00:00;2026-04-11 02:07:00;2026-04-11 02:10:00;243.0;466.0;;176.0;885.0;11.04.2026 03:06;T21;d319a062-3538-11f1-a6cd-2b702ca117f3;1;;
TP_15668682604_TPS_19105812604;TP_15668682604;542666;aac7a84e95945a2d019b447342234437145f6ffeb97f53481fa9d591bd97af37;2,03E+28;0;1;TPS_19105812604;T12.02.01;T12;2.0;RMG;2026-04-11 07:03:00;2026-04-11 07:19:00;2026-04-11 07:23:00;2026-04-11 07:31:00;;280.0;;476.0;1658.0;11.04.2026 08:35;LL, T12;da22f9d2-3563-11f1-aecf-8fc0d5d39469;1;;
TP_15668682604_20260411071257000000024326138;TP_15668682604;542666;aac7a84e95945a2d019b447342234437145f6ffeb97f53481fa9d591bd97af37;2,03E+28;1;0;2,03E+28;LL;LL;;Leerlager;2026-04-11 07:03:00;2026-04-11 07:07:00;2026-04-11 07:12:00;2026-04-11 07:31:00;239.0;299.0;364.0;;;11.04.2026 08:35;LL, T12;8fa14b20-3564-11f1-abd3-2709b7d875a2;1;;
TP_15669012604_TPS_19107892604;TP_15669012604;449745;e2a0768a80fbb66a76e45c5af1861c2d454e1979c194a3e9dd4fbc9f4a2ecbcd;2,03E+28;0;1;TPS_19107892604;T27.02.01;T27;2.0;RMG;2026-04-11 08:49:00;2026-04-11 09:17:00;2026-04-11 09:21:00;2026-04-11 09:27:00;;220.0;;323.0;2223.0;11.04.2026 10:05;LL, T27;a8ff3654-3572-11f1-addd-ffe76a89a23a;1;;
TP_15669012604_20260411091236000000024332687;TP_15669012604;449745;e2a0768a80fbb66a76e45c5af1861c2d454e1979c194a3e9dd4fbc9f4a2ecbcd;2,03E+28;1;0;2,03E+28;LL;LL;;Leerlager;2026-04-11 08:49:00;2026-04-11 08:55:00;2026-04-11 09:12:00;2026-04-11 09:27:00;306.0;1051.0;323.0;;;11.04.2026 10:05;LL, T27;a66792f7-3574-11f1-abd3-2709b7d875a2;1;;
TP_15671062604_TPS_19093842604;TP_15671062604;D567105;;2,03E+28;1;1;TPS_19093842604;T25.02.01;T25;2.0;RMG;2026-04-11 02:19:00;2026-04-11 02:19:00;2026-04-11 02:34:00;2026-04-11 02:34:00;0.0;909.0;;0.0;909.0;11.04.2026 03:35;T25;175e2ccc-353c-11f1-8c4b-cf80ce6c663a;1;;
TP_15672342604_TPS_19093852604;TP_15672342604;940323;fec5ae2972c69c9edd78ba1a2a225b31d8a18b7462a1f5aad07e43e360f62801;2,03E+28;0;1;TPS_19093852604;HO2.28;HO2;28.0;VC;2026-04-11 05:33:00;2026-04-11 06:04:00;2026-04-11 06:08:00;2026-04-11 06:18:00;;265.0;;558.0;2701.0;11.04.2026 07:06;HO2, T21;;0;2047292535;
TP_15672352604_TPS_19104102604;TP_15672352604;313859;a204848f24b697ed362f591a0db4520f393a334ae952e28f2dcfbf9ea040b49a;2,03E+28;0;1;TPS_19104102604;HO2.28;HO2;28.0;VC;2026-04-11 05:36:00;2026-04-11 06:25:00;2026-04-11 06:27:00;2026-04-11 06:33:00;;146.0;;321.0;3420.0;11.04.2026 07:35;HO2, T08, T13;9620e4b2-3557-11f1-b6fe-afab6d4329d2;1;2047296591;
TP_15672692604_TPS_19127052604;TP_15672692604;260309;33b7311d520ae6092d6c30e970791008bed5f8a04d2c22b8813923e7c8f8ea98;2,03E+28;0;1;TPS_19127052604;HO2.21;HO2;21.0;VC;2026-04-13 06:42:00;2026-04-13 07:57:00;2026-04-13 07:58:00;2026-04-13 08:05:00;;111.0;;364.0;4975.0;13.04.2026 09:06;HO2, T12;;0;2051617467;
TP_15673212604_TPS_19126062604;TP_15673212604;623721;f393d427391ed26e6bec897c96392a569411177e11534a706770fdfd6cf2267d;2,03E+28;1;1;TPS_19126062604;T23.01.01;T23;1.0;RMG;2026-04-13 07:57:00;2026-04-13 08:05:00;2026-04-13 08:12:00;2026-04-13 08:28:00;464.0;423.0;;932.0;1819.0;13.04.2026 09:06;T23;b99dee74-36fd-11f1-aaf1-7b6621b9cb96;1;;
TP_15675032604_TPS_19105912604;TP_15675032604;575259;7ab581c2882c2db9885b3d6f1f653d051b7f84a94c021a4f791cc217f4923db0;2,03E+28;1;1;TPS_19105912604;T23.02.01;T23;2.0;RMG;2026-04-11 09:43:00;2026-04-11 09:47:00;2026-04-11 09:58:00;2026-04-11 10:03:00;229.0;647.0;;280.0;1156.0;11.04.2026 11:06;T23;33e89a38-357a-11f1-98d2-5331e24bf1cc;1;;
TP_15676672604_TPS_18982992604;TP_15676672604;887541;c5cc761e39acf8ccc81e44b8b6487cba6238988a8d3f551ef9db4dda0c47ab8a;2,03E+28;0;1;TPS_18982992604;HO2.25;HO2;25.0;VC;2026-04-13 05:41:00;2026-04-13 06:04:00;2026-04-13 07:24:00;2026-04-13 07:28:00;;4802.0;;286.0;6474.0;13.04.2026 08:05;HO2, T20;;0;2051544980;
TP_15692892604_TPS_19108742604;TP_15692892604;428002;24c2abc739be13d7f2053d8800b935ec5e256fe4c690fe15295a5693170aea32;2,03E+28;1;1;TPS_19108742604;T20.01.01;T20;1.0;RMG;2026-04-13 07:35:00;2026-04-13 07:45:00;2026-04-13 07:58:00;2026-04-13 08:11:00;584.0;760.0;;804.0;2148.0;13.04.2026 09:06;T20;a6b5a78c-36fa-11f1-a4dc-339f59800665;1;;
TP_15693192604_TPS_19128782604;TP_15693192604;213650;4158f20d8a2f7633b93f34f752645c468025f1a047fff4b8973309e0980e9815;2,03E+28;1;1;TPS_19128782604;T16.03.01;T16;3.0;RMG;2026-04-13 08:39:00;2026-04-13 08:50:00;2026-04-13 09:49:00;2026-04-13 09:59:00;644.0;3551.0;;595.0;4790.0;13.04.2026 10:35;T16;9895db64-3703-11f1-ae95-234b32d2657b,98a4c354-3703-11f1-ae96-97a95e9e0b89;2;;
TP_15693312604_TPS_19127082604;TP_15693312604;715643;146d9d9daa6ecd3f9d5fcfb3f96c4a0c59a9106d84d56c48e7c3d29f30d0921a;2,03E+28;0;1;TPS_19127082604;HO2.26;HO2;26.0;VC;2026-04-13 09:42:00;2026-04-13 11:06:00;2026-04-13 11:10:00;2026-04-13 11:37:00;;264.0;;1615.0;6941.0;13.04.2026 12:35;HO2, T07, T08;048fcd52-3718-11f1-bc7c-5b2a9408a157;1;2052433929;
TP_15693532604_TPS_19132692604;TP_15693532604;536075;85e7037f3f7d50b7e0d1d48bc2f1d1850eb358a9fdc81a12183c455d2565544d;2,03E+28;1;1;TPS_19132692604;T23.03.01;T23;3.0;RMG;2026-04-13 09:48:00;2026-04-13 10:00:00;2026-04-13 10:13:00;2026-04-13 10:51:00;681.0;780.0;;2305.0;3766.0;13.04.2026 12:05;T23;3bbd61be-370d-11f1-9e29-57aa5176a0bb,3bccb830-370d-11f1-9e2a-b7f1a9fecee7;2;;
TP_15694122604_20260413081445000000024411273;TP_15694122604;657902;ae0a9af0b1499d07275fe660193c0d2fa092ee5cd06bda44f29c0a03fca445c8;2,03E+28;0;1;2,03E+28;LL;LL;;Leerlager;2026-04-13 06:06:00;2026-04-13 08:08:00;2026-04-13 08:14:00;2026-04-13 08:26:00;;359.0;;716.0;8399.0;13.04.2026 09:06;LL, T22;3eb2ee38-36ff-11f1-abd3-2709b7d875a2;1;2051563278;
TP_15694182604_TPS_19123212604;TP_15694182604;784847;74f72780e6d9b46b28da1c5047564ba4dfd331771178e530fab2e44c40506f76;2,03E+28;1;1;TPS_19123212604;T16.02.01;T16;2.0;RMG;2026-04-13 06:14:00;2026-04-13 06:20:00;2026-04-13 06:22:00;2026-04-13 06:38:00;313.0;163.0;;940.0;1416.0;13.04.2026 07:35;T16;569a30f2-36ef-11f1-ae2f-873884aa8cea;1;;
TP_15694792604_TPS_19108962604;TP_15694792604;676869;e76e825be2013bf3f838fc2238146682c8beb82909dbd0fd7cdfdaaf74c6eef5;2,03E+28;1;1;TPS_19108962604;T11.01.01;T11;1.0;RMG;2026-04-13 07:38:00;2026-04-13 08:08:00;2026-04-13 08:17:00;2026-04-13 08:30:00;1800.0;506.0;;814.0;3120.0;13.04.2026 09:56;T11;0fc79d0c-36fb-11f1-a556-47c17119d42b;1;;
TP_15694802604_TPS_19108972604;TP_15694802604;268401;06d1ec3e7be0d080f550ad70599616134dcf556164cfe4ba0a72791d4e74a9ab;2,03E+28;1;1;TPS_19108972604;T22.01.01;T22;1.0;RMG;2026-04-13 07:38:00;2026-04-13 07:48:00;2026-04-13 08:00:00;2026-04-13 08:19:00;559.0;743.0;;1136.0;2438.0;13.04.2026 09:06;T22;121649b4-36fb-11f1-a55a-57611eec57d9;1;;
TP_15694912604_TPS_19128522604;TP_15694912604;291325;0c85e8d26d70a7d1b59ca07df0a01f6ae9066cf78a07ae7910bc3d0b1c579f38;2,03E+28;1;1;TPS_19128522604;T11.02.01;T11;2.0;RMG;2026-04-13 08:15:00;2026-04-13 08:23:00;2026-04-13 08:38:00;2026-04-13 08:58:00;451.0;912.0;;1214.0;2577.0;13.04.2026 09:56;T11;3d7a5dca-3700-11f1-aaab-33f460719a2b;1;;
TP_15695402604_TPS_18983012604;TP_15695402604;860424;195356aeb3517662adae14e910d689b69841945b929bb8fe17600680a36f7396;2,03E+28;0;0;TPS_18983012604;HO2.24;HO2;24.0;VC;2026-04-13 06:44:00;2026-04-13 07:45:00;2026-04-13 08:11:00;2026-04-13 08:42:00;;1585.0;286.0;;;13.04.2026 09:56;HO2, T15;;0;2051602528;
TP_15695532604_TPS_19123992604;TP_15695532604;551272;2dddea95169d64adb4413a60fff45b6ebf7a8af92cbc38e5bc1cf5d17a83aba5;2,03E+28;1;1;TPS_19123992604;T06.02.01;T06;2.0;RMG;2026-04-13 06:46:00;2026-04-13 06:50:00;2026-04-13 06:57:00;2026-04-13 07:05:00;219.0;440.0;;450.0;1109.0;13.04.2026 08:05;T06;ceb40da2-36f3-11f1-b037-8f72879477ac;1;;
TP_15695762604_TPS_18983032604;TP_15695762604;941020;96a0d461cb654996f1437d20c537dac76f33413ade425b43d9ae0f23e37c2f87;2,03E+28;0;1;TPS_18983032604;HO2.21;HO2;21.0;VC;2026-04-13 07:40:00;2026-04-13 08:17:00;2026-04-13 09:10:00;2026-04-13 09:17:00;;3177.0;;376.0;5818.0;13.04.2026 10:05;HO2, T16;45029dda-36fd-11f1-b062-d78b2246c776;1;2051787922;
TP_15696822604_20260413075439000000024404804;TP_15696822604;423144;38a62170367bf791ea13375e314dd66d103fc3689697ea379c6dc5cab9e50ac3;2,03E+28;1;1;2,03E+28;LL;LL;;Leerlager;2026-04-13 07:33:00;2026-04-13 07:41:00;2026-04-13 07:54:00;2026-04-13 08:00:00;455.0;785.0;;376.0;1616.0;13.04.2026 09:06;LL;ba36d4a8-36fc-11f1-abd3-2709b7d875a2;1;;
TP_15697432604_TPS_19129002604;TP_15697432604;350269;42b76717d5bc7996c7b0a96b4de9f1ff585abd9509e76cefd68aec32c842a0f3;2,03E+28;1;1;TPS_19129002604;HO2.26;HO2;26.0;VC;2026-04-13 08:47:00;2026-04-13 09:31:00;2026-04-13 09:54:00;2026-04-13 10:05:00;2632.0;1364.0;;644.0;4640.0;13.04.2026 11:06;HO2;b621591e-3704-11f1-af8b-0f3e0f7079e6,b6319d1a-3704-11f1-af8c-17bb7bf5529c;2;;
TP_15697862604_TPS_19126322604;TP_15697862604;250411;a1ef2b5f5000870015554b962a112b62310d05b54da0409860444e7dacd26c9a;2,03E+28;1;1;TPS_19126322604;T27.03.01;T27;3.0;RMG;2026-04-13 09:32:00;2026-04-13 09:38:00;2026-04-13 09:41:00;2026-04-13 09:51:00;312.0;188.0;;636.0;1136.0;13.04.2026 10:35;T27;ff69b728-370a-11f1-bd50-237151322c99;1;;
TP_15698012604_TPS_19126182604;TP_15698012604;798816;1a63d53fd20e479180c8d9d6dcd9ae6e7c8fc91a62760e81e5d79642ef877c4d;2,03E+28;1;1;TPS_19126182604;T27.02.01;T27;2.0;RMG;2026-04-13 09:29:00;2026-04-13 09:36:00;2026-04-13 09:49:00;2026-04-13 10:01:00;412.0;751.0;;738.0;1901.0;13.04.2026 11:06;T27;939e65ca-370a-11f1-bd08-eb6c4629e731;1;;
TP_15698632604_TPS_19136372604;TP_15698632604;455943;6383804866658c4777d55c540114ddfa3be10cd92b187599db5660d58cc8c743;2,03E+28;0;0;TPS_19136372604;HO2.33;HO2;33.0;VC;2026-04-13 11:00:00;2026-04-13 12:39:00;2026-04-13 12:40:00;2026-04-13 14:09:00;;27.0;3951.0;;;13.04.2026 15:06;HO2, LL, T06, T15;;0;2052795196;
TP_15699932604_TPS_19127102604;TP_15699932604;838492;05f5f91bfbd93f6d3f0d05f5d9002a025abf927059f08b0746cd8a1c1907491e;2,03E+28;0;1;TPS_19127102604;HO2.25;HO2;25.0;VC;2026-04-13 11:57:00;2026-04-13 13:20:00;2026-04-13 13:27:00;2026-04-13 13:36:00;;429.0;;527.0;5945.0;13.04.2026 14:35;HO2, T08;;0;2052936147;
TP_15700912604_TPS_19129472604;TP_15700912604;742837;4bbc8ad101ff2732052635661a7dbd65920781ce5c4137aee3f669309414057e;2,03E+28;0;1;TPS_19129472604;HO2.27;HO2;27.0;VC;2026-04-13 11:16:00;2026-04-13 12:13:00;2026-04-13 12:27:00;2026-04-13 12:34:00;;815.0;;430.0;4665.0;13.04.2026 14:15;HO2, LL;8696bc9c-3719-11f1-904e-77000ec24c0d;1;;
TP_15700912604_20260413112618000000024411642;TP_15700912604;742837;4bbc8ad101ff2732052635661a7dbd65920781ce5c4137aee3f669309414057e;2,03E+28;1;0;2,03E+28;LL;LL;;Leerlager;2026-04-13 11:16:00;2026-04-13 11:22:00;2026-04-13 11:26:00;2026-04-13 12:34:00;341.0;218.0;2861.0;;;13.04.2026 14:15;HO2, LL;6e5b98c0-371a-11f1-abd3-2709b7d875a2;1;;
TP_15701222604_TPS_19133742604;TP_15701222604;789201;77c847505b6df996757815c22653d46013b40ba1201a4d114ea3cd7549325bb0;2,03E+28;0;1;TPS_19133742604;T19.03.01;T19;3.0;RMG;2026-04-13 12:05:00;2026-04-13 13:03:00;2026-04-13 13:13:00;2026-04-13 13:26:00;;629.0;;786.0;4849.0;13.04.2026 14:35;T07, T19;5ef48c8a-3720-11f1-b9a1-07a9f027274b;1;;
TP_15701222604_TPS_19133732604;TP_15701222604;789201;77c847505b6df996757815c22653d46013b40ba1201a4d114ea3cd7549325bb0;2,03E+28;1;0;TPS_19133732604;T07.03.01;T07;3.0;RMG;2026-04-13 12:05:00;2026-04-13 12:35:00;2026-04-13 12:57:00;2026-04-13 13:26:00;1790.0;1294.0;350.0;;;13.04.2026 14:35;T07, T19;5ee392f4-3720-11f1-b9a0-97f6bcc7525a;1;;
TP_15701352604_TPS_19138202604;TP_15701352604;466847;c335a4b87bb74e34087c2ce40085ede762d05fbb64456da423cfc93d591b9b4c;2,03E+28;1;1;TPS_19138202604;T17.02.01;T17;2.0;RMG;2026-04-13 12:38:00;2026-04-13 12:44:00;2026-04-13 13:06:00;2026-04-13 13:32:00;357.0;1299.0;;1574.0;3230.0;13.04.2026 14:35;T17;fb88873c-3724-11f1-a9ba-c385c3baca99,fb9ade0a-3724-11f1-a9bb-8355a5ade5de;2;;
TP_15701402604_TPS_19138282604;TP_15701402604;465064;22b43a0d9a96b583f333ea7f363507e9bce372ecbde8a05a5f8ff146643a244d;2,03E+28;1;1;TPS_19138282604;HO2.24;HO2;24.0;VC;2026-04-13 12:39:00;2026-04-13 13:03:00;2026-04-13 13:06:00;2026-04-13 13:23:00;1391.0;181.0;;1060.0;2632.0;13.04.2026 14:35;HO2;1f101116-3725-11f1-aa54-83f8fb68b59b;1;;
TP_15701902604_TPS_19135572604;TP_15701902604;291348;6be44a4b12eaa67f80dab35e3aeb08b84fc5aa6da207e6716e2d01e6c6301e42;2,03E+28;0;1;TPS_19135572604;T11.01.01;T11;1.0;RMG;2026-04-13 10:36:00;2026-04-13 11:24:00;2026-04-13 11:35:00;2026-04-13 11:51:00;;659.0;;904.0;4441.0;13.04.2026 13:06;LL, T11;f02986f4-3713-11f1-84ed-5fb8ee305c8e;1;;
TP_15701902604_20260413110436000000024411609;TP_15701902604;291348;6be44a4b12eaa67f80dab35e3aeb08b84fc5aa6da207e6716e2d01e6c6301e42;2,03E+28;1;0;2,03E+28;LL;LL;;Leerlager;2026-04-13 10:36:00;2026-04-13 10:41:00;2026-04-13 11:04:00;2026-04-13 11:51:00;277.0;1380.0;1221.0;;;13.04.2026 13:06;LL, T11;b54a9d15-3716-11f1-abd3-2709b7d875a2;1;;
TP_15702602604_20260413124502000000024418304;TP_15702602604;392720;0d8afeffb750282b64afefb997f058252145cc037f25524ed46dc6c71a655541;2,03E+28;1;1;2,03E+28;LL;LL;;Leerlager;2026-04-13 12:22:00;2026-04-13 12:30:00;2026-04-13 12:45:00;2026-04-13 13:09:00;422.0;901.0;;1475.0;2798.0;13.04.2026 14:35;LL;0bd45126-3724-11f1-abd3-2709b7d875a2;1;;
TP_15702632604_TPS_19137812604;TP_15702632604;613294;218f7c79777f68291c07210e319a9e929bcec77d690180194758710724bd6069;2,03E+28;1;1;TPS_19137812604;T19.01.01;T19;1.0;RMG;2026-04-13 12:23:00;2026-04-13 12:30:00;2026-04-13 12:50:00;2026-04-13 12:59:00;382.0;1182.0;;538.0;2102.0;13.04.2026 14:35;T19;e2bcd674-3722-11f1-a641-c34ddacf0056;1;;
TP_15702882604_TPS_19138762604;TP_15702882604;982886;b714013edd22b5f6357f3c8b09de0b1cbfb8f392d05dcc5212ec0ddd249898b4;2,03E+28;1;1;TPS_19138762604;T11.03.01;T11;3.0;RMG;2026-04-13 12:58:00;2026-04-13 13:04:00;2026-04-13 13:13:00;2026-04-13 13:52:00;325.0;546.0;;2312.0;3183.0;13.04.2026 14:35;T11;c639621a-3727-11f1-b579-f75780fcd5ea;1;;
TP_15702962604_TPS_19138882604;TP_15702962604;229264;1abd08cfb2fa64fd451911ee2d6fffc19d81778e4db4d9e7cf45ccdf0a33ac54;2,03E+28;1;1;TPS_19138882604;HO2.22;HO2;22.0;VC;2026-04-13 13:01:00;2026-04-13 13:18:00;2026-04-13 13:26:00;2026-04-13 13:42:00;1016.0;473.0;;955.0;2444.0;13.04.2026 14:35;HO2;2472b322-3728-11f1-b5b2-0bf35f810573;1;;
TP_15703072604_TPS_19133892604;TP_15703072604;705471;f2c40afe2bef01f7429bff54887d09805e820560c0f9fe5a33ac00962de20d8e;2,03E+28;1;1;TPS_19133892604;T17.02.01;T17;2.0;RMG;2026-04-13 12:11:00;2026-04-13 12:24:00;2026-04-13 12:36:00;2026-04-13 12:43:00;779.0;695.0;;437.0;1911.0;13.04.2026 14:15;T17;35ad32b8-3721-11f1-bb25-637f5a94526d;1;;
TP_15703212604_20260413124634000000024418308;TP_15703212604;228406;9d228517f0931decba79475ce844ea87c079926af9fa32d15227ab5f6788777f;2,03E+28;1;1;2,03E+28;LL;LL;;Leerlager;2026-04-13 12:34:00;2026-04-13 12:40:00;2026-04-13 12:46:00;2026-04-13 14:24:00;346.0;350.0;;5903.0;6599.0;13.04.2026 15:35;LL;5a5874f0-3725-11f1-abd3-2709b7d875a2;1;;
TP_15703452604_TPS_19127132604;TP_15703452604;259060;ded4a10c121cd00590ebd5d7ade182265f09ff41cf387309cbddcba4e0ac47ae;2,03E+28;1;1;TPS_19127132604;T12.04.01;T12;4.0;RMG;2026-04-13 15:04:00;2026-04-13 15:31:00;2026-04-13 15:38:00;2026-04-13 16:26:00;1612.0;392.0;;2917.0;4921.0;13.04.2026 17:35;T12;89956d26-373c-11f1-bfc3-df7a81b7dbae,89b91ffa-373c-11f1-bfc4-c380a94d1fe2;2;2053548822;
TP_15703732604_TPS_19145052604;TP_15703732604;806150;3e2d01e88253c71e2b0cac478cf04b97f324b0d230ff28e17c856f9cb03a0ebd;2,03E+28;0;1;TPS_19145052604;T07.01.01;T07;1.0;RMG;2026-04-13 15:16:00;2026-04-13 16:16:00;2026-04-13 16:30:00;2026-04-13 16:43:00;;872.0;;782.0;5221.0;13.04.2026 17:35;T07, T14;0db740f4-373b-11f1-b275-bf44abd95806;1;;
TP_15703732604_TPS_19145042604;TP_15703732604;806150;3e2d01e88253c71e2b0cac478cf04b97f324b0d230ff28e17c856f9cb03a0ebd;2,03E+28;1;0;TPS_19145042604;T14.04.01;T14;4.0;RMG;2026-04-13 15:16:00;2026-04-13 15:26:00;2026-04-13 15:36:00;2026-04-13 16:43:00;581.0;564.0;2422.0;;;13.04.2026 17:35;T07, T14;0da6d5d4-373b-11f1-b274-6b47bada7720;1;;
TP_15703742604_TPS_19145072604;TP_15703742604;942312;9c6a786fef867c15fa4346b9bc0b0697f3b288da618ecf582cad3a9f82d3d5e8;2,03E+28;0;1;TPS_19145072604;T16.02.01;T16;2.0;RMG;2026-04-13 15:18:00;2026-04-13 15:36:00;2026-04-13 16:07:00;2026-04-13 17:14:00;;1881.0;;4029.0;6999.0;13.04.2026 18:05;LL, T16;3e4d03b6-373b-11f1-b282-df070dc194c2;1;2053571808;
TP_15703902604_TPS_19146452604;TP_15703902604;753838;6fb91fd85a81682f919a3a0d40a812ab4b7cdd97783a668e73a4b87d4022f38a;2,03E+28;1;1;TPS_19146452604;T12.01.01;T12;1.0;RMG;2026-04-13 15:43:00;2026-04-13 15:56:00;2026-04-13 16:22:00;2026-04-13 16:48:00;766.0;1532.0;;1559.0;3857.0;13.04.2026 17:35;T12;d32201dc-373e-11f1-af3a-9baa62289bfb,d332b554-373e-11f1-af3b-576f2649a598;2;;
TP_15704392604_TPS_19130602604;TP_15704392604;446857;c6031b6a6260f9998374036ad664910e2c4b0db52848fe33d75a31cc499736a9;2,03E+28;1;1;TPS_19130602604;T22.02.01;T22;2.0;RMG;2026-04-13 12:42:00;2026-04-13 12:47:00;2026-04-13 12:59:00;2026-04-13 13:08:00;272.0;742.0;;534.0;1548.0;13.04.2026 14:35;T22;8a1c6be4-3725-11f1-9aeb-bb8787df5863;1;;
TP_15704952604_TPS_19127172604;TP_15704952604;582777;aeeec57b51c43459a0c89a0f1330ac22390cbf04d78d1cdc94bfaaf6d5cc3307;2,03E+28;0;1;TPS_19127172604;HO2.29;HO2;29.0;VC;2026-04-13 17:21:00;2026-04-13 17:56:00;2026-04-13 18:09:00;2026-04-13 20:15:00;;770.0;;7582.0;10483.0;13.04.2026 21:09;HO2, T24;;0;2053886514;
TP_15705102604_TPS_19150302604;TP_15705102604;500746;9a0063482f321b0b2d285d5acece87713b3fa72441d7d4127c7784b85efa9630;2,03E+28;1;1;TPS_19150302604;HO2.23;HO2;23.0;VC;2026-04-13 17:27:00;2026-04-13 18:02:00;2026-04-13 18:12:00;2026-04-13 18:39:00;2041.0;654.0;;1614.0;4309.0;13.04.2026 19:09;HO2;5b2cc05e-374d-11f1-bc82-ff6b78c5db76;1;;
TP_15705492604_TPS_19150762604;TP_15705492604;476656;09d7f93ba8408b181516c368164a24a5183b6527ad54b9e030e51aa36ac6130e;2,03E+28;1;1;TPS_19150762604;T13.04.01;T13;4.0;RMG;2026-04-13 17:34:00;2026-04-13 18:09:00;2026-04-13 18:21:00;2026-04-13 18:42:00;2053.0;741.0;;1262.0;4056.0;13.04.2026 19:09;T13;54e0580e-374e-11f1-bd4d-4b5988c27955;1;;
TP_15706442604_TPS_19146822604;TP_15706442604;389979;1cb9cd8fa81058d5d3b29466da9b984df15cf28cc83ac2ee23e334ca447f0450;2,03E+28;1;1;TPS_19146822604;HO2.22;HO2;22.0;VC;2026-04-13 16:01:00;2026-04-13 16:31:00;2026-04-13 16:47:00;2026-04-13 17:34:00;1755.0;964.0;;2843.0;5562.0;13.04.2026 18:35;HO2;5731115a-3741-11f1-b15a-1b80f5ae0441;1;;
TP_15707312604_TPS_19142482604;TP_15707312604;657902;ae0a9af0b1499d07275fe660193c0d2fa092ee5cd06bda44f29c0a03fca445c8;2,03E+28;1;1;TPS_19142482604;T12.03.01;T12;3.0;RMG;2026-04-13 14:16:00;2026-04-13 14:27:00;2026-04-13 14:48:00;2026-04-13 15:20:00;635.0;1270.0;;1897.0;3802.0;13.04.2026 16:05;T12;ac743156-3732-11f1-9d77-5398c80d75d6;1;;
TP_15708782604_TPS_19145162604;TP_15708782604;513505;4862ff14775e6967b85fdbd62e701368af57f2b9065e4805010d8a3cee5d8f6b;2,03E+28;1;1;TPS_19145162604;T27.03.01;T27;3.0;RMG;2026-04-13 15:45:00;2026-04-13 15:58:00;2026-04-13 16:04:00;2026-04-13 17:11:00;740.0;391.0;;4020.0;5151.0;13.04.2026 18:05;T27;1ac968a4-373f-11f1-b5d6-07c9c48f877b;1;;
TP_15709112604_TPS_18983092604;TP_15709112604;812043;805f03d8613617e5b1d870dbeab2f9a92aaa338075cb25a069ef0cfea60d354a;2,03E+28;1;1;TPS_18983092604;HO2.24;HO2;24.0;VC;2026-04-13 17:12:00;2026-04-13 17:34:00;2026-04-13 18:03:00;2026-04-13 18:26:00;1270.0;1786.0;;1339.0;4395.0;13.04.2026 19:09;HO2;26ba8ca6-374e-11f1-b5c7-433948844ab1,2cc7a566-374e-11f1-b5ca-57e21d42139b;2;2053871544;
TP_15709142604_TPS_19144682604;TP_15709142604;763244;84d9886d236cca4f5d6c442d029eb20b6d2530529cd583a1f2c9b1dd4ab84fcc;2,03E+28;0;1;TPS_19144682604;HO2.27;HO2;27.0;VC;2026-04-13 17:13:00;2026-04-13 19:19:00;2026-04-13 19:26:00;2026-04-13 19:47:00;;415.0;;1254.0;9194.0;13.04.2026 20:35;HO2, LL, T06;5ea5bf8a-374b-11f1-be4a-039facfd2927;1;2053829281;
TP_15709912604_TPS_19147602604;TP_15709912604;394110;836d50979f645a0681dd411331b9921a32de353f4277879e8cab026ce5dc83ee;2,03E+28;1;1;TPS_19147602604;T08.01.01;T08;1.0;RMG;2026-04-13 17:08:00;2026-04-13 17:31:00;2026-04-13 17:41:00;2026-04-13 17:53:00;1338.0;583.0;;773.0;2694.0;13.04.2026 19:09;T08;b31db316-374a-11f1-bd59-5734c7d9fbde;1;;
TP_15711332604_20260413221442000000024432053;TP_15711332604;714112;dda36f0f92761acb5cdb522390d00282ba5f3383b1ef2ca70bf39ca15f31be81;2,03E+28;1;0;2,03E+28;LL;LL;;Leerlager;2026-04-13 21:54:00;2026-04-13 22:05:00;2026-04-13 22:14:00;2026-04-13 22:42:00;660.0;544.0;294.0;;;13.04.2026 23:35;LL, T11;275bafb9-3774-11f1-abd3-2709b7d875a2,26246838-3774-11f1-abd3-2709b7d875a2;2;2054534088;
TP_15711352604_20260413220041000000024432050;TP_15711352604;328309;edbd1e3731b1be11a182324906146117f06319e2c04406e31aaa39cd0700ffc5;2,03E+28;1;0;2,03E+28;LL;LL;;Leerlager;2026-04-13 21:55:00;2026-04-13 21:59:00;2026-04-13 22:00:00;2026-04-13 22:44:00;253.0;72.0;396.0;;;13.04.2026 23:35;LL, T25;49ace48e-3773-11f1-abd3-2709b7d875a2;1;2054535397;
TP_15711452604_TPS_19153292604;TP_15711452604;321175;733e9b334200ff7275f542d863f51a17402f4ff7dca987a2407c1576afef12b5;2,03E+28;0;1;TPS_19153292604;T23.03.01;T23;3.0;RMG;2026-04-14 00:42:00;2026-04-14 00:54:00;2026-04-14 00:56:00;2026-04-14 01:02:00;;126.0;;355.0;1187.0;14.04.2026 02:05;T09, T23;1fe1a09a-378a-11f1-b6af-9ba8a4f407db;1;;
TP_15711452604_TPS_19153282604;TP_15711452604;321175;733e9b334200ff7275f542d863f51a17402f4ff7dca987a2407c1576afef12b5;2,03E+28;1;0;TPS_19153282604;T09.03.01;T09;3.0;RMG;2026-04-14 00:42:00;2026-04-14 00:46:00;2026-04-14 00:52:00;2026-04-14 01:02:00;210.0;349.0;147.0;;;14.04.2026 02:05;T09, T23;1fd16928-378a-11f1-b6ae-2754c921cafe;1;;
TP_15711602604_TPS_19156702604;TP_15711602604;795053;ca05849411a641595303c4320a828f74615218859b3fa05ec4602fc5affe5a6a;2,03E+28;1;1;TPS_19156702604;T13.03.01;T13;3.0;RMG;2026-04-14 01:27:00;2026-04-14 01:34:00;2026-04-14 01:39:00;2026-04-14 01:43:00;418.0;295.0;;231.0;944.0;14.04.2026 02:35;T13;68c96bfc-3790-11f1-9d65-fbf555791aed;1;;
TP_15712632604_TPS_19127222604;TP_15712632604;748774;3550ec81d45aef8a942cca1a06801935797d15067f0422f8cae118ad2005534d;2,03E+28;0;1;TPS_19127222604;HO2.24;HO2;24.0;VC;2026-04-13 18:41:00;2026-04-13 20:11:00;2026-04-13 20:15:00;2026-04-13 20:34:00;;230.0;;1165.0;6781.0;13.04.2026 21:09;HO2, T07;2d76a82a-3764-11f1-9183-0bad615fb51d;1;2054137199;
TP_15712892604_TPS_19147932604;TP_15712892604;457521;a7657bb64d013452f0fb452478102f16f9da39e3c6ff856ec1af2524d86b8e95;2,03E+28;1;1;TPS_19147932604;T06.02.01;T06;2.0;RMG;2026-04-13 19:47:00;2026-04-13 20:19:00;2026-04-13 20:30:00;2026-04-13 20:37:00;1891.0;640.0;;425.0;2956.0;13.04.2026 21:09;T06;e9b430f6-3760-11f1-8236-9f28b104a2c5;1;;
TP_15712962604_TPS_19148732604;TP_15712962604;872427;68e5f7ca8f68a8a8ced6fcb8b08d9145ce9115a1756cfed6186c10791a8d4829;2,03E+28;0;1;TPS_19148732604;HO2.25;HO2;25.0;VC;2026-04-13 20:37:00;2026-04-13 21:05:00;2026-04-13 21:16:00;2026-04-13 21:23:00;;680.0;;408.0;2742.0;13.04.2026 22:35;HO2, T21;d3c11596-3767-11f1-8651-23f037fe40f6;1;2054426614;
TP_15714302604_TPS_19148072604;TP_15714302604;587370;6fe805ddb7809cf91ca167bf1a1a8048ac8a2249f87bdb9e9fe1900cf4736a59;2,03E+28;1;1;TPS_19148072604;T15.01.01;T15;1.0;RMG;2026-04-13 19:51:00;2026-04-13 20:05:00;2026-04-13 20:17:00;2026-04-13 20:34:00;817.0;740.0;;971.0;2528.0;13.04.2026 21:09;T15;;0;;
TP_15715162604_TPS_19141092604;TP_15715162604;280922;bb34e31a6fb09c02f1ce6f2151a5226ad760c38509249d7848e20a8f37a34d3d;2,03E+28;0;1;TPS_19141092604;T12.03.01;T12;3.0;RMG;2026-04-13 23:59:00;2026-04-14 00:14:00;2026-04-14 00:16:00;2026-04-14 00:21:00;;170.0;;253.0;1268.0;14.04.2026 01:07;LL, T12;1df358e2-3784-11f1-b3ee-932dc959f473;1;;
TP_15715162604_20260414000852000000024438668;TP_15715162604;280922;bb34e31a6fb09c02f1ce6f2151a5226ad760c38509249d7848e20a8f37a34d3d;2,03E+28;1;0;2,03E+28;LL;LL;;Leerlager;2026-04-13 23:59:00;2026-04-14 00:04:00;2026-04-14 00:08:00;2026-04-14 00:21:00;288.0;245.0;312.0;;;14.04.2026 01:07;LL, T12;03481699-3785-11f1-abd3-2709b7d875a2;1;;
TP_15715272604_TPS_19157002604;TP_15715272604;828684;e006ee20a55a09151daceb2506ad1772142b9d6028cd8aa0ad2009d00d9ee394;2,03E+28;0;1;TPS_19157002604;HO2.27;HO2;27.0;VC;2026-04-14 02:19:00;2026-04-14 02:38:00;2026-04-14 02:43:00;2026-04-14 02:57:00;;270.0;;813.0;2267.0;14.04.2026 04:05;HO2, T22;91b7f3ce-3797-11f1-a700-fb536c4bf396;1;2054898187;
TP_15715442604_TPS_19157862604;TP_15715442604;907113;fa124bd729e3ffe1a9cfec2e03d0d86199cf263efd6b15413ca3ce2cc246db1b;2,03E+28;0;1;TPS_19157862604;HO2.31;HO2;31.0;VC;2026-04-14 03:19:00;2026-04-14 03:52:00;2026-04-14 03:59:00;2026-04-14 04:09:00;;402.0;;615.0;3004.0;14.04.2026 05:06;HO2, LL, T11;090039a2-37a0-11f1-b207-8f1675d5e86d;1;2054970106;
TP_15715852604_TPS_19151812604;TP_15715852604;676869;03edab1bfd35d8769c3e606a5bd9d633edf6451604c9352e038f38075ac634b3;2,03E+28;1;1;TPS_19151812604;T23.04.01;T23;4.0;RMG;2026-04-13 18:20:00;2026-04-13 18:39:00;2026-04-13 18:50:00;2026-04-13 19:18:00;1130.0;640.0;;1715.0;3485.0;13.04.2026 20:05;T23;bcee81ea-3754-11f1-9550-5b285e85faf9;1;;
TP_15716772604_TPS_19161772604;TP_15716772604;810778;c4028d93d36cd6dacd3153ce90dda612fbc1b1cc1c842624d2cd1f7aca8bc9ac;2,03E+28;1;1;TPS_19161772604;T21.02.01;T21;2.0;RMG;2026-04-14 06:37:00;2026-04-14 06:42:00;2026-04-14 06:47:00;2026-04-14 06:55:00;262.0;316.0;;455.0;1033.0;14.04.2026 07:35;T21;b7234748-37bb-11f1-a5f9-4bb8a7254a26;1;;
TP_15717192604_TPS_18983172604;TP_15717192604;795053;ca05849411a641595303c4320a828f74615218859b3fa05ec4602fc5affe5a6a;2,03E+28;0;1;TPS_18983172604;HO2.32;HO2;32.0;VC;2026-04-13 20:24:00;2026-04-13 21:00:00;2026-04-13 21:04:00;2026-04-13 21:11:00;;213.0;;445.0;2824.0;13.04.2026 22:05;HO2, T21;15c742b4-376b-11f1-b7cb-63ec7a9815af;1;2054401905;
TP_15717402604_TPS_18983182604;TP_15717402604;534247;65dbce9c28344de1d1a4f2eab7a8ab8f62bbb402a6ad27a4a0c6cc03a9413878;2,03E+28;0;1;TPS_18983182604;HO2.24;HO2;24.0;VC;2026-04-13 20:44:00;2026-04-13 21:09:00;2026-04-13 21:13:00;2026-04-13 21:20:00;;287.0;;387.0;2126.0;13.04.2026 22:05;HO2, T27;396687f6-376c-11f1-b7e9-33fdb85919e2;1;2054435741;
TP_15718412604_TPS_19142872604;TP_15718412604;635544;c73a9748aa9c917bd39fe0b0857ab134e03ab51f55b54f8a8aef8d00fead3e87;2,03E+28;0;1;TPS_19142872604;HO2.31;HO2;31.0;VC;2026-04-13 23:19:00;2026-04-13 23:51:00;2026-04-13 23:55:00;2026-04-14 00:06:00;;234.0;;622.0;2816.0;14.04.2026 01:07;HO2, T08;6bfd02e6-377e-11f1-a0ac-6bb3c13fb7a6;1;2054608552;
TP_15719842604_TPS_19159362604;TP_15719842604;561496;039d6cb89cb382fc326fd406b793e6f5c176e81d4df18953c059e44947d40157;2,03E+28;0;1;TPS_19159362604;T07.03.01;T07;3.0;RMG;2026-04-14 05:30:00;2026-04-14 06:03:00;2026-04-14 06:07:00;2026-04-14 06:19:00;;212.0;;738.0;2909.0;14.04.2026 07:06;LL, T07;5b0ceb0c-37b2-11f1-b069-d36f856bbd9d;1;;
TP_15719842604_20260414055443000000024445495;TP_15719842604;561496;039d6cb89cb382fc326fd406b793e6f5c176e81d4df18953c059e44947d40157;2,03E+28;1;0;2,03E+28;LL;LL;;Leerlager;2026-04-14 05:30:00;2026-04-14 05:37:00;2026-04-14 05:54:00;2026-04-14 06:19:00;367.0;1057.0;535.0;;;14.04.2026 07:06;LL, T07;70cfa30f-37b5-11f1-abd3-2709b7d875a2;1;;
TP_15719862604_TPS_19159392604;TP_15719862604;971553;f458e9e9f7d03f26c415c6af3536ffac6c6916cc97f8d90ae7a30341809746a2;2,03E+28;1;1;TPS_19159392604;T25.01.01;T25;1.0;RMG;2026-04-14 05:31:00;2026-04-14 05:38:00;2026-04-14 05:42:00;2026-04-14 05:47:00;409.0;242.0;;288.0;939.0;14.04.2026 06:35;T25;7f658374-37b2-11f1-b087-4f218e4335aa;1;;
TP_15720122604_TPS_19160112604;TP_15720122604;556543;167a5462ce0dc77e3410b3fd14f3b59c15c7c9763d8d2d06ba791a1553572b5e;2,03E+28;1;1;TPS_19160112604;T10.03.01;T10;3.0;RMG;2026-04-14 06:03:00;2026-04-14 06:07:00;2026-04-14 06:27:00;2026-04-14 06:32:00;226.0;1238.0;;269.0;1733.0;14.04.2026 07:35;T10;e74a9066-37b6-11f1-b40e-772167763a9a;1;;
TP_15720152604_TPS_19155732604;TP_15720152604;692468;305a70fe805201afdd8e521c339a21f8bdf69ec71abb36b39af569797177e2d6;2,03E+28;0;1;TPS_19155732604;T06.03.01;T06;3.0;RMG;2026-04-14 06:11:00;2026-04-14 06:25:00;2026-04-14 06:30:00;2026-04-14 06:37:00;;293.0;;430.0;1512.0;14.04.2026 07:35;LL, T06;155a4fae-37b8-11f1-a347-5fc99cb4c9da;1;;
TP_15720152604_20260414062017000000024445536;TP_15720152604;692468;305a70fe805201afdd8e521c339a21f8bdf69ec71abb36b39af569797177e2d6;2,03E+28;1;0;2,03E+28;LL;LL;;Leerlager;2026-04-14 06:11:00;2026-04-14 06:16:00;2026-04-14 06:20:00;2026-04-14 06:37:00;250.0;248.0;291.0;;;14.04.2026 07:35;LL, T06;e7057246-37b8-11f1-abd3-2709b7d875a2;1;;
TP_15720912604_TPS_19127272604;TP_15720912604;783279;a26e64211ba45ad5f5142b516402d92e8c64deb05ca652c97ff6b22ee9db0da8;2,03E+28;0;1;TPS_19127272604;HO2.24;HO2;24.0;VC;2026-04-14 10:01:00;2026-04-14 11:13:00;2026-04-14 11:17:00;2026-04-14 11:27:00;;235.0;;605.0;5186.0;14.04.2026 12:35;HO2, T06;2e83e308-37e2-11f1-9603-c33dfac4a18e;1;2056303803;
TP_15721032604_TPS_19155682604;TP_15721032604;216404;9968b803233b28c05487bdfc00923f1b5b56e663c3c66702c6def6ccec9376d8;2,03E+28;0;1;TPS_19155682604;HO2.27;HO2;27.0;VC;2026-04-14 04:34:00;2026-04-14 05:03:00;2026-04-14 05:11:00;2026-04-14 05:26:00;;489.0;;885.0;3113.0;14.04.2026 06:35;HO2, T07, T11;70399b04-37aa-11f1-9717-2b7c9356ed2a;1;2055041256;
TP_15721152604_TPS_19156092604;TP_15721152604;744499;cd0cd2624ed4262ec2ee542bf1013b927516dd240b5f48bf6d1c51a63e3f5fab;2,03E+28;0;1;TPS_19156092604;HO2.21;HO2;21.0;VC;2026-04-14 06:25:00;2026-04-14 07:30:00;2026-04-14 07:35:00;2026-04-14 08:04:00;;265.0;;1756.0;5951.0;14.04.2026 09:06;HO2, LL, T10, T11;f31b639a-37b9-11f1-a497-9f91f9a077f4;1;2055177938;
TP_15721522604_TPS_19166052604;TP_15721522604;783837;3a1d976db1e848740fe5ac589d97e02ef920dea27d1aa1c1530b4ac3bd822d78;2,03E+28;1;1;TPS_19166052604;T09.02.01;T09;2.0;RMG;2026-04-14 08:26:00;2026-04-14 08:30:00;2026-04-14 08:52:00;2026-04-14 08:57:00;234.0;1285.0;;300.0;1819.0;14.04.2026 10:05;T09;f17dfa50-37ca-11f1-a616-37d63d51f533;1;;
TP_15721882604_TPS_19164742604;TP_15721882604;666648;0eb12e735f8d8f4b0a8d9679b155f709bcad6857254841b34d5abce7bd20be68;2,03E+28;1;1;TPS_19164742604;T10.04.01;T10;4.0;RMG;2026-04-14 09:00:00;2026-04-14 09:38:00;2026-04-14 10:15:00;2026-04-14 10:21:00;2252.0;2224.0;;335.0;4811.0;14.04.2026 11:06;T10;b15d3ea4-37cf-11f1-a347-0b2479b257e3;1;;
TP_15721912604_TPS_19164792604;TP_15721912604;294316;5a37545f96653d380cda3d3590cc0f34b06c2a8b321748510cb1936a8b9740fb;2,03E+28;0;1;TPS_19164792604;T08.02.01;T08;2.0;RMG;2026-04-14 09:01:00;2026-04-14 09:28:00;2026-04-14 09:43:00;2026-04-14 10:48:00;;896.0;;3909.0;6399.0;14.04.2026 11:35;LL, T08;d5160d08-37cf-11f1-a35c-3fb923c7f8de;1;;
TP_15721912604_20260414091432000000024452436;TP_15721912604;294316;5a37545f96653d380cda3d3590cc0f34b06c2a8b321748510cb1936a8b9740fb;2,03E+28;1;0;2,03E+28;LL;LL;;Leerlager;2026-04-14 09:01:00;2026-04-14 09:08:00;2026-04-14 09:14:00;2026-04-14 10:48:00;392.0;361.0;841.0;;;14.04.2026 11:35;LL, T08;c627ac34-37d0-11f1-abd3-2709b7d875a2;1;;
TP_15722382604_TPS_19159852604;TP_15722382604;873615;f20d18d2647e55b69a104b79c688a12a7586bf461e640015fac3cd05b17fc7f8;2,03E+28;1;1;TPS_19159852604;T08.01.01;T08;1.0;RMG;2026-04-14 05:52:00;2026-04-14 05:57:00;2026-04-14 06:04:00;2026-04-14 06:09:00;276.0;425.0;;308.0;1009.0;14.04.2026 07:06;T08;68fc1b90-37b5-11f1-b25c-876ea14d165e;1;;
TP_15723632604_TPS_19162562604;TP_15723632604;573888;8579ed150f222a36cdefb08e78d0f1f8a3919a8e9f2bf90d2a0abf199fcef407;2,03E+28;0;1;TPS_19162562604;HO2.22;HO2;22.0;VC;2026-04-14 06:56:00;2026-04-14 07:39:00;2026-04-14 07:42:00;2026-04-14 08:08:00;;197.0;;1544.0;4308.0;14.04.2026 09:06;HO2, T11;55a348c6-37be-11f1-a7f0-8b8f9ea104b1;1;2055233195;
TP_15724642604_TPS_19164622604;TP_15724642604;664334;c9e886feb163b4cf35e51fd3e0f9302da3b2772c7fa948231557a950bc88df41;2,03E+28;1;1;TPS_19164622604;HO2.33;HO2;33.0;VC;2026-04-14 08:57:00;2026-04-14 09:11:00;2026-04-14 09:45:00;2026-04-14 09:55:00;838.0;2019.0;;582.0;3439.0;14.04.2026 10:35;HO2;46934c58-37cf-11f1-a2f9-bfdb933e1e39,46a62076-37cf-11f1-a2fa-970f38b399b6;2;;
TP_15726242604_TPS_19165022604;TP_15726242604;996489;0300e0e4bcd0311e34f4241376ad13b0c260bdba67fd29bbc6f58272d98fa123;2,03E+28;0;1;TPS_19165022604;T23.04.01;T23;4.0;RMG;2026-04-14 09:33:00;2026-04-14 10:09:00;2026-04-14 10:35:00;2026-04-14 10:40:00;;1562.0;;319.0;4006.0;14.04.2026 11:35;T07, T23;4cadf7dc-37d4-11f1-a9d2-43de93634e6c;1;;
TP_15726242604_TPS_19165012604;TP_15726242604;996489;0300e0e4bcd0311e34f4241376ad13b0c260bdba67fd29bbc6f58272d98fa123;2,03E+28;1;0;TPS_19165012604;T07.03.01;T07;3.0;RMG;2026-04-14 09:33:00;2026-04-14 09:38:00;2026-04-14 10:04:00;2026-04-14 10:40:00;300.0;1516.0;309.0;;;14.04.2026 11:35;T07, T23;4c9c0a2c-37d4-11f1-a9d1-f34cb6e3c5cf;1;;
TP_15726262604_TPS_19171852604;TP_15726262604;393492;5bc43398909cb99e9076d5606fd15e5473a29612a13512f36b375169417e905f;2,03E+28;0;1;TPS_19171852604;HO2.24;HO2;24.0;VC;2026-04-14 09:34:00;2026-04-14 10:39:00;2026-04-14 10:44:00;2026-04-14 10:50:00;;306.0;;365.0;4536.0;14.04.2026 11:35;HO2, T13;5f3e201c-37dd-11f1-b302-d7910029620e;1;2056216691;
TP_15726932604_TPS_19158282604;TP_15726932604;273005;bcb63226e69562143a3d52ecb7c4d926873ce71d2c1e673ca64ad73e23503634;2,03E+28;1;1;TPS_19158282604;T09.03.01;T09;3.0;RMG;2026-04-14 10:49:00;2026-04-14 10:59:00;2026-04-14 11:24:00;2026-04-14 11:32:00;594.0;1460.0;;502.0;2556.0;14.04.2026 12:35;T09;ec137252-37de-11f1-bf5f-6fb30c4b5704;1;;
TP_15727872604_20260414111444000000024452662;TP_15727872604;841255;498bb98b9824b0c22c7b55aa25e5c36772dbedb57142344c62ad27f2bbada1db;2,03E+28;0;1;2,03E+28;LL;LL;;Leerlager;2026-04-14 10:38:00;2026-04-14 11:10:00;2026-04-14 11:14:00;2026-04-14 11:27:00;;280.0;;744.0;2910.0;14.04.2026 12:35;HO2, LL, T27;bbfc4f8a-37e1-11f1-abd3-2709b7d875a2;1;2056484007;
TP_15727872604_TPS_19171862604;TP_15727872604;841255;498bb98b9824b0c22c7b55aa25e5c36772dbedb57142344c62ad27f2bbada1db;2,03E+28;0;0;TPS_19171862604;HO2.30;HO2;30.0;VC;2026-04-14 10:38:00;2026-04-14 10:53:00;2026-04-14 10:56:00;2026-04-14 11:27:00;;156.0;812.0;;;14.04.2026 12:35;HO2, LL, T27;6a159f7c-37df-11f1-b303-a7a797f6bca2;1;2056484007;
TP_15728282604_TPS_19171582604;TP_15728282604;589075;5efd7537773d481317174bd604d5aaf2d320f7ae8d8fe009268dba6df4956439;2,03E+28;1;1;TPS_19171582604;T20.01.01;T20;1.0;RMG;2026-04-14 11:18:00;2026-04-14 11:23:00;2026-04-14 11:32:00;2026-04-14 11:48:00;261.0;571.0;;959.0;1791.0;14.04.2026 12:35;T20;f84141a4-37e2-11f1-87a3-df64035bb698,f85264f2-37e2-11f1-87a4-9bf3b0377e95;2;;
TP_15728372604_TPS_19127302604;TP_15728372604;761362;e1b83c35c7bc18ad2e3203518c3ae20955fae8811735b35d4087b2011059351e;2,03E+28;0;1;TPS_19127302604;HO2.26;HO2;26.0;VC;2026-04-14 11:33:00;2026-04-14 12:17:00;2026-04-14 12:21:00;2026-04-14 12:37:00;;242.0;;926.0;3802.0;14.04.2026 13:35;HO2, T16;b6f5c936-37e7-11f1-9668-1f05e074e88b;1;2056653180;
TP_15728712604_TPS_19165232604;TP_15728712604;244098;25d3807f71dfcaea13785b1294a80c903bfb907298607dcbbda68ad54a0c86d8;2,03E+28;1;1;TPS_19165232604;T10.01.01;T10;1.0;RMG;2026-04-14 09:39:00;2026-04-14 10:23:00;2026-04-14 10:58:00;2026-04-14 11:05:00;2597.0;2106.0;;404.0;5107.0;14.04.2026 12:05;T10;247bcc20-37d5-11f1-ab77-7fe0b6d8218a,248e2cc6-37d5-11f1-ab78-ff7fbde88c17;2;;
TP_15729072604_TPS_19127262604;TP_15729072604;374527;22d6574b9eb3bb868953c360793ba66183bdab3942894706e63f8f4acc0d3ed0;2,03E+28;0;1;TPS_19127262604;HO2.26;HO2;26.0;VC;2026-04-14 10:54:00;2026-04-14 11:30:00;2026-04-14 11:33:00;2026-04-14 11:48:00;;148.0;;954.0;3262.0;14.04.2026 12:35;HO2, T16;;0;2056537757;
TP_15729782604_TPS_19161152604;TP_15729782604;400429;4b365f28ffa7e1e9459631dd60bd8534bb8d3c45ad9389d6a0d56e6b3ecb7aad;2,03E+28;1;1;TPS_19161152604;T16.01.01;T16;1.0;RMG;2026-04-14 12:33:00;2026-04-14 12:42:00;2026-04-14 12:51:00;2026-04-14 13:01:00;500.0;549.0;;596.0;1645.0;14.04.2026 14:05;T16;72b24dd4-37ed-11f1-9896-2bd34d204081;1;;
TP_15729972604_TPS_19158052604;TP_15729972604;341813;b9fa0842591e6dfac6bd4215c0a1f6d21e6843853ae021ce936bc06ea7360f61;2,03E+28;0;1;TPS_19158052604;T20.01.01;T20;1.0;RMG;2026-04-14 10:27:00;2026-04-14 10:44:00;2026-04-14 10:54:00;2026-04-14 11:24:00;;600.0;;1802.0;3446.0;14.04.2026 12:05;LL, T20;c77058b4-37db-11f1-bad2-67ce2485bfdc;1;;
TP_15729972604_20260414103810000000024452610;TP_15729972604;341813;b9fa0842591e6dfac6bd4215c0a1f6d21e6843853ae021ce936bc06ea7360f61;2,03E+28;1;0;2,03E+28;LL;LL;;Leerlager;2026-04-14 10:27:00;2026-04-14 10:35:00;2026-04-14 10:38:00;2026-04-14 11:24:00;487.0;153.0;404.0;;;14.04.2026 12:05;LL, T20;fa35d2f0-37dc-11f1-abd3-2709b7d875a2;1;;
TP_15730222604_TPS_19158552604;TP_15730222604;451301;3f010af1ac4189809f65032804903f0dbc10f7ceb29833058f135ac572db8665;2,03E+28;1;1;TPS_19158552604;HO2.23;HO2;23.0;VC;2026-04-14 10:55:00;2026-04-14 11:25:00;2026-04-14 11:29:00;2026-04-14 11:37:00;1781.0;237.0;;445.0;2463.0;14.04.2026 12:35;HO2;c28e3d1c-37df-11f1-9720-9be56dd6e66b;1;;
TP_15730432604_TPS_19127292604;TP_15730432604;825744;3c4505e266e74485efa4b3b64903796b10feb159531d029792c4c3a7672bbdc3;2,03E+28;0;1;TPS_19127292604;HO2.32;HO2;32.0;VC;2026-04-14 11:26:00;2026-04-14 11:57:00;2026-04-14 12:17:00;2026-04-14 12:32:00;;1154.0;;910.0;3961.0;14.04.2026 13:35;HO2, T16;;0;2056540355;
TP_15730442604_TPS_19171772604;TP_15730442604;487539;0af7ef16f644b43ed2fce8f85e5f20524d7fe361d145f89fc474063df577a86e;2,03E+28;1;1;TPS_19171772604;T16.01.01;T16;1.0;RMG;2026-04-14 11:26:00;2026-04-14 11:33:00;2026-04-14 11:39:00;2026-04-14 11:50:00;398.0;380.0;;654.0;1432.0;14.04.2026 12:35;T16;174bd18a-37e4-11f1-89e2-93035d958e67;1;;
TP_15730622604_TPS_19167682604;TP_15730622604;697357;aa79104d460817ac5b34f6253bfc74ff6374e681e8f40e55134e3a5ac0101a91;2,03E+28;0;1;TPS_19167682604;T17.03.01;T17;3.0;RMG;2026-04-14 12:00:00;2026-04-14 12:24:00;2026-04-14 12:29:00;2026-04-14 12:44:00;;325.0;;872.0;2589.0;14.04.2026 13:35;LL, T17;d713a804-37e8-11f1-ae08-b38e6ab962b0;1;;
TP_15730622604_20260414121014000000024459288;TP_15730622604;697357;aa79104d460817ac5b34f6253bfc74ff6374e681e8f40e55134e3a5ac0101a91;2,03E+28;1;0;2,03E+28;LL;LL;;Leerlager;2026-04-14 12:00:00;2026-04-14 12:05:00;2026-04-14 12:10:00;2026-04-14 12:44:00;256.0;299.0;837.0;;;14.04.2026 13:35;LL, T17;76ae7c4e-37e9-11f1-abd3-2709b7d875a2;1;;
TP_15731592604_TPS_19176972604;TP_15731592604;360169;e305886d5a24f7a15167039dfab6af7f3999b396595e69e09a79989de99e19ae;2,03E+28;1;1;TPS_19176972604;T06.03.01;T06;3.0;RMG;2026-04-14 12:11:00;2026-04-14 12:17:00;2026-04-14 12:35:00;2026-04-14 12:47:00;310.0;1125.0;;711.0;2146.0;14.04.2026 13:35;T06;5fe405ce-37ea-11f1-b09d-cfb76e64aee0,5ff5c3ae-37ea-11f1-b09e-07c9b9d8c787;2;;
TP_15731662604_TPS_19160592604;TP_15731662604;762732;4be0b4921ca635ec6ec571f71ebe81e1544b648a141da77888112c4c851e543a;2,03E+28;1;1;TPS_19160592604;T09.01.01;T09;1.0;RMG;2026-04-14 12:17:00;2026-04-14 12:23:00;2026-04-14 12:37:00;2026-04-14 12:48:00;308.0;874.0;;641.0;1823.0;14.04.2026 13:35;T09;36bd5c76-37eb-11f1-bf11-5f4d35c5d381;1;;
TP_15732482604_TPS_19169342604;TP_15732482604;491548;0d9734e33b49b5a705b5f6f9607844e0a26576e157627305a6214fe88f2466da;2,03E+28;0;1;TPS_19169342604;HO2.29;HO2;29.0;VC;2026-04-14 14:42:00;2026-04-14 15:17:00;2026-04-14 15:30:00;2026-04-14 15:37:00;;762.0;;452.0;3341.0;14.04.2026 16:35;HO2, T23;40737ec6-3804-11f1-8eb2-db705dc64ca1;1;2057817624;
TP_15734012604_TPS_19169302604;TP_15734012604;784405;12d26685a5992efb262f61ea539e76efd83d6d5b2e6050c1a9bc8d83c7f9f527;2,03E+28;0;1;TPS_19169302604;HO2.27;HO2;27.0;VC;2026-04-14 13:06:00;2026-04-14 14:11:00;2026-04-14 14:24:00;2026-04-14 14:32:00;;787.0;;480.0;5137.0;14.04.2026 15:35;HO2, T08;08e1377c-37fb-11f1-8e1f-27c1f7ec670e;1;2057395144;
TP_15734172604_TPS_19179112604;TP_15734172604;304431;f91dc5f3adc82946cff6dedee6099e92f6832e5671f8a4678ee1904350a7632b;2,03E+28;1;1;TPS_19179112604;HO2.32;HO2;32.0;VC;2026-04-14 14:20:00;2026-04-14 14:31:00;2026-04-14 15:12:00;2026-04-14 15:22:00;613.0;2495.0;;568.0;3676.0;14.04.2026 16:05;HO2;;0;;
TP_15734932604_TPS_19187242604;TP_15734932604;512492;97f901a09564580f199f9e9d86beecb7ccf2f0e3ff45a585e24c90facf040248;2,03E+28;0;1;TPS_19187242604;HO2.28;HO2;28.0;VC;2026-04-14 17:07:00;2026-04-14 18:31:00;2026-04-14 18:37:00;2026-04-14 19:05:00;;318.0;;1697.0;7052.0;14.04.2026 20:05;HO2, T14;b4033fe8-3813-11f1-b0c8-f3a9a8bcdc13;1;2058196272;
TP_15735972604_TPS_19161292604;TP_15735972604;884776;71ac35e48c31792c6150081fae9d63800cad06e0dc42311b01f1217c09aabc2f;2,03E+28;1;1;TPS_19161292604;T22.01.01;T22;1.0;RMG;2026-04-14 15:44:00;2026-04-14 15:54:00;2026-04-14 16:09:00;2026-04-14 16:20:00;585.0;866.0;;704.0;2155.0;14.04.2026 17:06;T22;21e08bee-3808-11f1-bc35-d361667ea112,21f40f34-3808-11f1-bc36-23987ccfd391;2;;
TP_15736252604_TPS_19182362604;TP_15736252604;726498;10848ee48a2c3d41ecd571b1ecef405728bd30cfe813189dc546cc6ead18602b;2,03E+28;1;1;TPS_19182362604;HO2.31;HO2;31.0;VC;2026-04-14 16:03:00;2026-04-14 16:31:00;2026-04-14 16:59:00;2026-04-14 17:09:00;1678.0;1653.0;;615.0;3946.0;14.04.2026 18:05;HO2;c8cb0f22-380a-11f1-be0c-f78fbb893617;1;;
TP_15737182604_TPS_19180862604;TP_15737182604;460228;a5ff1a8c49b1dc32a13304610c6da2884411b5892426e4090d4625c8a403ec56;2,03E+28;1;1;TPS_19180862604;T17.01.01;T17;1.0;RMG;2026-04-14 14:35:00;2026-04-14 14:41:00;2026-04-14 15:03:00;2026-04-14 15:24:00;346.0;1292.0;;1249.0;2887.0;14.04.2026 16:05;T17;7db13518-37fe-11f1-b7ab-ef47f872129b;1;;
TP_15737792604_TPS_19161282604;TP_15737792604;820525;c7668e56c3667cd426eca049e4cb7343f7a358e24c1d4f6c520c532f5d118e2a;2,03E+28;1;1;TPS_19161282604;T13.04.01;T13;4.0;RMG;2026-04-14 13:50:00;2026-04-14 14:35:00;2026-04-14 14:44:00;2026-04-14 14:50:00;2672.0;546.0;;342.0;3560.0;14.04.2026 15:35;T13;34ffc2cc-37f8-11f1-a8ea-4b2c69841e9e;1;;
TP_15738112604_TPS_19173542604;TP_15738112604;850463;5d26ef01c0f3e710de868d0195096f37ad24640b527257f7e52f52ba2474ec5b;2,03E+28;1;1;TPS_19173542604;T14.03.01;T14;3.0;RMG;2026-04-14 15:35:00;2026-04-14 15:42:00;2026-04-14 16:08:00;2026-04-14 16:17:00;369.0;1589.0;;515.0;2473.0;14.04.2026 17:06;T14;df53b8a6-3806-11f1-93cf-97ec7b066a42,df659c24-3806-11f1-93d0-a715069a97d7;2;;
TP_15738212604_TPS_19127352604;TP_15738212604;867391;7e6d41ff44b7b493f659e5be4e3414ae40d0cd4722ccaed465eb5bb8061b20cd;2,03E+28;0;1;TPS_19127352604;HO2.29;HO2;29.0;VC;2026-04-14 15:39:00;2026-04-14 16:05:00;2026-04-14 16:12:00;2026-04-14 16:25:00;;426.0;;750.0;2771.0;14.04.2026 17:06;HO2, T16;6661d528-380a-11f1-988c-33328bc5d5ac;1;2057929369;
TP_15739582604_TPS_19169352604;TP_15739582604;835126;00a363109e2caaaf37e09d3c30cdf31d69b1116b73a19090282c470a2c5497c0;2,03E+28;0;1;TPS_19169352604;HO2.35;HO2;35.0;VC;2026-04-14 15:16:00;2026-04-14 15:45:00;2026-04-14 15:56:00;2026-04-14 16:05:00;;700.0;;511.0;2939.0;14.04.2026 17:06;HO2, T16;;0;2057881430;
TP_15739912604_TPS_19161502604;TP_15739912604;449905;e68fc54b099ad9776b15f8984283d047f3ff3e0e2302cea238c4d9d20f08c8bc;2,03E+28;1;1;TPS_19161502604;T23.03.01;T23;3.0;RMG;2026-04-14 15:50:00;2026-04-14 15:56:00;2026-04-14 16:00:00;2026-04-14 16:12:00;339.0;209.0;;745.0;1293.0;14.04.2026 17:06;T23;f854749c-3808-11f1-bce2-4357011fc5b6;1;;
TP_15740182604_TPS_19183812604;TP_15740182604;269376;322485df7e7bc6a176cbbd2c6aafa8ff5a1ba573389dcc0ab430c96455b67f5f;2,03E+28;1;1;TPS_19183812604;T22.01.01;T22;1.0;RMG;2026-04-14 16:11:00;2026-04-14 16:18:00;2026-04-14 16:30:00;2026-04-14 16:45:00;388.0;700.0;;893.0;1981.0;14.04.2026 17:35;T22;e6ef974c-380b-11f1-9ff3-b797e5e61c5f;1;;
TP_15740642604_TPS_19185082604;TP_15740642604;797560;051985d61196a594154291b3db3d8cc641ad81b4ae61efd0305a55d303d6df48;2,03E+28;1;1;TPS_19185082604;T22.04.01;T22;4.0;RMG;2026-04-14 16:40:00;2026-04-14 16:48:00;2026-04-14 17:06:00;2026-04-14 17:21:00;460.0;1045.0;;898.0;2403.0;14.04.2026 18:05;T22;f4082c42-380f-11f1-b6ea-070aa20455ff;1;;
TP_15741492604_TPS_19174382604;TP_15741492604;671510;ae8f7e2bc9f020f88347b38688366dcd6f311044a9737eaf5cdb6ed1bba01ea4;2,03E+28;0;1;TPS_19174382604;HO2.31;HO2;31.0;VC;2026-04-14 16:26:00;2026-04-14 18:23:00;2026-04-14 18:26:00;2026-04-14 18:55:00;;173.0;;1740.0;8907.0;14.04.2026 19:09;HO2, T15, T16;fc10c7c0-380d-11f1-a29f-abc41026c95c;1;2058068290;
TP_15741532604_TPS_19184962604;TP_15741532604;986013;5c2dde4f871c223f8f8a52281d7405c63715a740f82934910ce32ee7e6e4994f;2,03E+28;1;1;TPS_19184962604;T23.03.01;T23;3.0;RMG;2026-04-14 16:33:00;2026-04-14 16:40:00;2026-04-14 16:50:00;2026-04-14 16:54:00;394.0;603.0;;233.0;1230.0;14.04.2026 17:35;T23;fa4bf79c-380e-11f1-b511-e7e5f55c3bdb;1;;
TP_15742742604_TPS_19188652604;TP_15742742604;778373;2479556a2f858839bedc2245651c686fa6ec7f4794feae69f3043f951ff5cb05;2,03E+28;1;1;TPS_19188652604;HO2.24;HO2;24.0;VC;2026-04-14 17:49:00;2026-04-14 18:49:00;2026-04-14 18:52:00;2026-04-14 19:02:00;3582.0;141.0;;619.0;4342.0;14.04.2026 20:05;HO2;97ef089a-3819-11f1-bcfe-ab385898e89a;1;;
TP_15743052604_TPS_19189542604;TP_15743052604;476556;efce90c235aafc4285113e17eff185a4c40e2f207b10a1a08cd5be7970c12e84;2,03E+28;0;1;TPS_19189542604;HO2.30;HO2;30.0;VC;2026-04-14 19:41:00;2026-04-14 20:37:00;2026-04-14 20:41:00;2026-04-14 20:48:00;;241.0;;432.0;4047.0;14.04.2026 21:09;HO2, LL, T11;28207f8e-3829-11f1-bdf2-774438e2b240;1;2058521671;
TP_15743502604_TPS_19190242604;TP_15743502604;695004;356c773ed2084f388977ac0a1a00656cad0cf3ef097446d13315562ff6083755;2,03E+28;1;1;TPS_19190242604;T10.03.01;T10;3.0;RMG;2026-04-14 22:06:00;2026-04-14 22:10:00;2026-04-14 22:14:00;2026-04-14 22:16:00;199.0;223.0;;131.0;553.0;14.04.2026 23:06;T10;7f74161a-383d-11f1-bc17-27a1f21c9b59;1;;
TP_15744212604_TPS_19185642604;TP_15744212604;785858;e8316e0046e5f23b350c9b2cb241fe28cb0ef7f56d75aa79424338042d6b4e4f;2,03E+28;1;1;TPS_19185642604;T13.04.01;T13;4.0;RMG;2026-04-14 18:26:00;2026-04-14 18:40:00;2026-04-14 18:45:00;2026-04-14 18:51:00;818.0;266.0;;383.0;1467.0;14.04.2026 19:09;T13;c38833f0-381e-11f1-a8fc-87503fd578ab;1;;
TP_15745162604_TPS_19190722604;TP_15745162604;371583;c80bbaaa1ec6dac3752a18552051218d0c915ca2afd5b3220557253e97cce2a3;2,03E+28;1;1;TPS_19190722604;T06.02.01;T06;2.0;RMG;2026-04-15 01:47:00;2026-04-15 01:50:00;2026-04-15 01:55:00;2026-04-15 01:59:00;169.0;257.0;;255.0;681.0;15.04.2026 03:06;T06;5eae7618-385c-11f1-bdf6-b745dcff1ba3,5ec247ba-385c-11f1-bdf7-27cdabf2ed02;2;;
TP_15745732604_TPS_19189792604;TP_15745732604;490062;9dbe3a2a16db052fb7f7fa99b69fe5ed50923a3d404a3297140dda3b63313e8b;2,03E+28;1;1;TPS_19189792604;T17.01.01;T17;1.0;RMG;2026-04-14 19:59:00;2026-04-14 20:03:00;2026-04-14 20:23:00;2026-04-14 20:37:00;240.0;1173.0;;857.0;2270.0;14.04.2026 21:09;T17;c1065cc6-382b-11f1-b36d-f7b0fdf46230;1;;
TP_15746452604_TPS_19201342604;TP_15746452604;964339;d44f9746486b0cf8732b147c6880af25522aabff6bc5d5ee3ff3fb5511b6691f;2,03E+28;0;1;TPS_19201342604;T25.03.01;T25;3.0;RMG;2026-04-15 07:09:00;2026-04-15 07:24:00;2026-04-15 07:32:00;2026-04-15 07:39:00;;436.0;;445.0;1775.0;15.04.2026 08:35;T19, T25;5ad81f12-3889-11f1-97e5-6be826ae65b8;1;;
TP_15746452604_TPS_19201332604;TP_15746452604;964339;d44f9746486b0cf8732b147c6880af25522aabff6bc5d5ee3ff3fb5511b6691f;2,03E+28;1;0;TPS_19201332604;T19.02.01;T19;2.0;RMG;2026-04-15 07:09:00;2026-04-15 07:15:00;2026-04-15 07:17:00;2026-04-15 07:39:00;346.0;126.0;422.0;;;15.04.2026 08:35;T19, T25;5ac40d6a-3889-11f1-97e4-9393d068a252;1;;
TP_15746492604_TPS_19201402604;TP_15746492604;593140;323d7691e51b66a092e34407191a31e63386c9cd3cbad34bc63e4477205c8090;2,03E+28;1;1;TPS_19201402604;T14.04.01;T14;4.0;RMG;2026-04-15 07:10:00;2026-04-15 07:15:00;2026-04-15 07:22:00;2026-04-15 07:27:00;256.0;455.0;;282.0;993.0;15.04.2026 08:35;T14;7e35d5f8-3889-11f1-9823-3735a428df27;1;;
TP_15747862604_TPS_19189702604;TP_15747862604;516431;a64d1beccea2e885b17e589f9bb231f6f34447ab92d1f8a03c1f00bbb460bdbd;2,03E+28;1;1;TPS_19189702604;HO2.31;HO2;31.0;VC;2026-04-14 20:43:00;2026-04-14 20:52:00;2026-04-14 21:22:00;2026-04-14 21:53:00;537.0;1769.0;;1842.0;4148.0;14.04.2026 22:35;HO2;e699ea60-3831-11f1-899b-0f5c206e120c,e6ad4c36-3831-11f1-899c-ffc10ea9104f,e6bffa84-3831-11f1-899d-a3d8acbcd6a2;3;;
TP_15747912604_TPS_19192352604;TP_15747912604;238868;8ae130f254d2bdf09b3633977fa1068d0c964a92ce975afbd57502d9bdf4c65e;2,03E+28;0;1;TPS_19192352604;HO2.30;HO2;30.0;VC;2026-04-14 21:17:00;2026-04-14 21:43:00;2026-04-14 21:52:00;2026-04-14 21:57:00;;545.0;;339.0;2450.0;14.04.2026 22:35;HO2, T11;843a01f2-3836-11f1-900f-778f5a0792c1;1;2058686722;
TP_15749692604_TPS_19197162604;TP_15749692604;544381;22ad7d9e07ffac609ffcc18f2e2c10f8016d1bdcef28821818034d15375532e9;2,03E+28;0;1;TPS_19197162604;T11.01.01;T11;1.0;RMG;2026-04-15 04:21:00;2026-04-15 04:34:00;2026-04-15 04:37:00;2026-04-15 04:42:00;;210.0;;305.0;1250.0;15.04.2026 05:35;HO2, T11;e2590e96-3871-11f1-ac01-538f8b2eccf6;1;;
TP_15749692604_TPS_19197152604;TP_15749692604;544381;22ad7d9e07ffac609ffcc18f2e2c10f8016d1bdcef28821818034d15375532e9;2,03E+28;1;0;TPS_19197152604;HO2.31;HO2;31.0;VC;2026-04-15 04:21:00;2026-04-15 04:27:00;2026-04-15 04:31:00;2026-04-15 04:42:00;339.0;202.0;194.0;;;15.04.2026 05:35;HO2, T11;e2453380-3871-11f1-ac00-2716d236d54d;1;;
TP_15750342604_TPS_19200332604;TP_15750342604;914205;7051ff883f4eb39b9e7fc2068d377d9c1e75b333be2d21a2e889b4744a24f911;2,03E+28;1;1;TPS_19200332604;T17.01.01;T17;1.0;RMG;2026-04-15 06:37:00;2026-04-15 06:45:00;2026-04-15 07:07:00;2026-04-15 07:14:00;423.0;1370.0;;386.0;2179.0;15.04.2026 08:05;T17;e11272ee-3884-11f1-b365-b344e7826caf,e124df74-3884-11f1-b366-bb8d0d08ebae,e1376798-3884-11f1-b367-8f02fad97fd5;3;;
TP_15750552604_TPS_19196782604;TP_15750552604;529448;7cac1a4bf54119103d3fc12637792e627c5fccbb0f61973b17039e0623d35919;2,03E+28;0;0;TPS_19196782604;HO2.31;HO2;31.0;VC;2026-04-15 02:00:00;2026-04-15 02:38:00;2026-04-15 02:44:00;2026-04-15 03:10:00;;387.0;1196.0;;;15.04.2026 04:05;HO2, T08;1b8cf574-385e-11f1-96ee-07183e0928be;1;2059044493;
TP_15751432604_TPS_19205912604;TP_15751432604;254525;0d6f4bdb38ee05dbac72e02650f6e88eb6560a45f936050214ddb858ff096c9f;2,03E+28;1;1;TPS_19205912604;HO2.33;HO2;33.0;VC;2026-04-15 08:59:00;2026-04-15 09:55:00;2026-04-15 09:59:00;2026-04-15 10:07:00;3315.0;239.0;;522.0;4076.0;15.04.2026 11:06;HO2;b83b24f6-3898-11f1-ba08-03e030a12e41;1;;
TP_15751462604_TPS_19206132604;TP_15751462604;313102;b282714b06df7f90ed9d3bf6b3b54975595addb81468ecf1ca90b25412cbbb69;2,03E+28;1;1;TPS_19206132604;T27.02.01;T27;2.0;RMG;2026-04-15 09:05:00;2026-04-15 09:30:00;2026-04-15 09:41:00;2026-04-15 09:57:00;1447.0;669.0;;959.0;3075.0;15.04.2026 11:06;T27;8e73bf92-3899-11f1-ba96-8fd1de619fbc,8e89c5b2-3899-11f1-ba97-2f1d7fd86908;2;;
TP_15751562604_TPS_19204182604;TP_15751562604;949728;51be76533c430b34877a3d91323f6c7bd411863c52df69a07c18df6633b5fa0a;2,03E+28;1;1;TPS_19204182604;T23.03.01;T23;3.0;RMG;2026-04-15 09:15:00;2026-04-15 09:21:00;2026-04-15 09:26:00;2026-04-15 09:32:00;350.0;283.0;;368.0;1001.0;15.04.2026 10:35;T23;f4335486-389a-11f1-918c-c31095dc3f86;1;;
TP_15752532604_TPS_19200682604;TP_15752532604;236080;ec376ef18261ce63cb8c16604e30035f544878f6ff6543f201e2493a2209edd6;2,03E+28;1;1;TPS_19200682604;T17.03.01;T17;3.0;RMG;2026-04-15 07:00:00;2026-04-15 07:06:00;2026-04-15 07:19:00;2026-04-15 07:26:00;331.0;807.0;;400.0;1538.0;15.04.2026 08:35;T17;17a6bb50-3888-11f1-b4e6-6fdae8ff3b53;1;;
TP_15753482604_TPS_19206622604;TP_15753482604;743217;28030ccf49eab05017ed1f75b8c924798d20164e082f447939890fb641475208;2,03E+28;1;1;TPS_19206622604;HO2.31;HO2;31.0;VC;2026-04-15 08:26:00;2026-04-15 09:03:00;2026-04-15 09:20:00;2026-04-15 09:28:00;2168.0;1050.0;;477.0;3695.0;15.04.2026 10:35;HO2;1ce99eb4-3894-11f1-a5bc-07bad7dac234,1e1266cc-3894-11f1-a5bd-1b761be04b0c;2;;
TP_15753942604_TPS_19202692604;TP_15753942604;578145;8ac980ef59ecb40039fce76d2afdbbffb041e8cd8a9748b8a1dea86e75f71277;2,03E+28;0;1;TPS_19202692604;HO2.25;HO2;25.0;VC;2026-04-15 09:22:00;2026-04-15 13:46:00;2026-04-15 13:49:00;2026-04-15 14:14:00;;182.0;;1538.0;17522.0;15.04.2026 15:06;HO2, T20;b0947d60-38c0-11f1-b681-1bf93b2e1b5a;1;2059961406;
TP_15754232604_TPS_19209472604;TP_15754232604;815299;194b1abe75a27277e36639238e74dcbd05a14955bf8b09370ebbc73c466a2b1e;2,03E+28;1;1;TPS_19209472604;T20.02.01;T20;2.0;RMG;2026-04-15 10:42:00;2026-04-15 10:46:00;2026-04-15 10:53:00;2026-04-15 11:10:00;255.0;414.0;;994.0;1663.0;15.04.2026 12:05;T20;072be916-38a7-11f1-975d-3702db158901;1;;
TP_15754412604_TPS_19199942604;TP_15754412604;677114;44cda2bb7eaef0d3bd746674ee45f5568e5d3d640cd54ad7298ce3c14c2b4629;2,03E+28;1;1;TPS_19199942604;T13.02.01;T13;2.0;RMG;2026-04-15 07:04:00;2026-04-15 07:11:00;2026-04-15 07:24:00;2026-04-15 07:29:00;407.0;779.0;;281.0;1467.0;15.04.2026 08:35;T13;a72776ac-3888-11f1-9793-235ca856cb82;1;;
TP_15754872604_TPS_19197822604;TP_15754872604;655306;a1ad334a0181f55ac7e231a3bc7d6b12ee7b3da52a7e6ced6694629f9d253b14;2,03E+28;1;1;TPS_19197822604;T25.03.01;T25;3.0;RMG;2026-04-15 07:51:00;2026-04-15 07:57:00;2026-04-15 08:09:00;2026-04-15 08:15:00;307.0;715.0;;400.0;1422.0;15.04.2026 09:06;T25;3856c474-388f-11f1-aa67-376d66f231b5,386b487c-388f-11f1-aa68-ab22c393a4b4;2;;
TP_15755772604_TPS_19198102604;TP_15755772604;358556;ef722cfb620b07fe28016be2f135bc1135e0553c5df956b33471e6f1f68252df;2,03E+28;1;1;TPS_19198102604;T22.03.01;T22;3.0;RMG;2026-04-15 08:01:00;2026-04-15 08:11:00;2026-04-15 08:25:00;2026-04-15 08:38:00;595.0;819.0;;806.0;2220.0;15.04.2026 09:35;T22;9d798ea8-3890-11f1-ad6d-df175d8363d6,9d8d75ee-3890-11f1-ad6e-fbefa496d821;2;;
TP_15755792604_TPS_19202582604;TP_15755792604;968126;ccbda0c6c4bee59817f506072ae12633ed70bf0f8c9f3ac4392a1c94f4770de3;2,03E+28;0;1;TPS_19202582604;HO2.29;HO2;29.0;VC;2026-04-15 08:03:00;2026-04-15 09:06:00;2026-04-15 09:15:00;2026-04-15 09:23:00;;501.0;;500.0;4814.0;15.04.2026 10:35;HO2, T21;a534769a-3899-11f1-bfc8-ab0281537620;1;2059775250;
TP_15757652604_TPS_19204502604;TP_15757652604;854791;bc5e93e32fd6eb1df2e1a9bdefb90e2f05894f30835e16899f7378793ceaa6c4;2,03E+28;0;1;TPS_19204502604;T16.02.01;T16;2.0;RMG;2026-04-15 10:20:00;2026-04-15 10:52:00;2026-04-15 11:10:00;2026-04-15 11:21:00;;1106.0;;640.0;3616.0;15.04.2026 12:05;T09, T16;09178364-38a4-11f1-a77e-cf2d4762a843;1;;
TP_15757652604_TPS_19204492604;TP_15757652604;854791;bc5e93e32fd6eb1df2e1a9bdefb90e2f05894f30835e16899f7378793ceaa6c4;2,03E+28;1;0;TPS_19204492604;T09.02.01;T09;2.0;RMG;2026-04-15 10:20:00;2026-04-15 10:41:00;2026-04-15 10:48:00;2026-04-15 11:21:00;1213.0;441.0;216.0;;;15.04.2026 12:05;T09, T16;0902cbf4-38a4-11f1-a77d-4719ce806efd;1;;
TP_15757902604_TPS_19202642604;TP_15757902604;758448;fdd1b501bb42f25f24ace02173a9479aec69a744475d7c0175378996c23a6ead;2,03E+28;0;1;TPS_19202642604;HO2.33;HO2;33.0;VC;2026-04-15 11:23:00;2026-04-15 11:57:00;2026-04-15 12:03:00;2026-04-15 12:14:00;;376.0;;632.0;3055.0;15.04.2026 13:06;HO2, T08;75b5445e-38b1-11f1-b5de-331e61656ffa;1;2060537758;
TP_15757962604_TPS_19211212604;TP_15757962604;229128;6ecdeee8cc6588e51b9185ea0ad94cff4b3864774e9c05c062c844b9162f9b7a;2,03E+28;0;1;TPS_19211212604;T10.03.01;T10;3.0;RMG;2026-04-15 11:31:00;2026-04-15 12:00:00;2026-04-15 12:06:00;2026-04-15 12:15:00;;373.0;;532.0;2630.0;15.04.2026 13:06;HO2, T10;f401eb2c-38ad-11f1-a61a-ebe4075b73f3;1;;
TP_15757962604_TPS_19211202604;TP_15757962604;229128;6ecdeee8cc6588e51b9185ea0ad94cff4b3864774e9c05c062c844b9162f9b7a;2,03E+28;1;0;TPS_19211202604;HO2.29;HO2;29.0;VC;2026-04-15 11:31:00;2026-04-15 11:39:00;2026-04-15 11:56:00;2026-04-15 12:15:00;421.0;1020.0;284.0;;;15.04.2026 13:06;HO2, T10;f3eebad4-38ad-11f1-a619-8f7f40e81990;1;;
TP_15758252604_TPS_19202392604;TP_15758252604;592897;6a5679707cb0daf504c5f35d51934d6243300bc9414ad590c34bfc4647a04106;2,03E+28;1;1;TPS_19202392604;T09.01.01;T09;1.0;RMG;2026-04-15 09:57:00;2026-04-15 10:17:00;2026-04-15 10:26:00;2026-04-15 10:33:00;1188.0;528.0;;425.0;2141.0;15.04.2026 11:35;T09;d2b0a254-38a0-11f1-b3b6-2364db53307c;1;;
TP_15758412604_TPS_19208372604;TP_15758412604;395693;ac41275ca9277765c2b221807df438a2230f2b33e29ac5aff52d52e8b0885bde;2,03E+28;1;1;TPS_19208372604;T23.03.01;T23;3.0;RMG;2026-04-15 10:22:00;2026-04-15 10:26:00;2026-04-15 10:43:00;2026-04-15 10:48:00;223.0;1016.0;;296.0;1535.0;15.04.2026 11:35;T23;5067ac8a-38a4-11f1-a8be-b384fddb7b2b;1;;
TP_15758752604_TPS_19210142604;TP_15758752604;757630;6ba83946d91228499e1c8fd71b357cff069b55212ef2997bec6aee41e128b9d1;2,03E+28;0;1;TPS_19210142604;T24.04.01;T24;4.0;RMG;2026-04-15 11:00:00;2026-04-15 11:38:00;2026-04-15 11:51:00;2026-04-15 11:59:00;;768.0;;494.0;3524.0;15.04.2026 13:06;LL, T24;9f42fb0c-38a9-11f1-991d-278ba92066f1;1;;
TP_15758752604_20260415112336000000024493669;TP_15758752604;757630;6ba83946d91228499e1c8fd71b357cff069b55212ef2997bec6aee41e128b9d1;2,03E+28;1;0;2,03E+28;LL;LL;;Leerlager;2026-04-15 11:00:00;2026-04-15 11:07:00;2026-04-15 11:23:00;2026-04-15 11:59:00;369.0;987.0;906.0;;;15.04.2026 13:06;LL, T24;cfb47863-38ab-11f1-a720-d38947571cde;1;;
TP_15760602604_TPS_19195032604;TP_15760602604;256663;fadce1facfe8e1769f311ec942a6dca7f92e6b5f00269097aa30f3f4b43e5c37;2,03E+28;0;1;TPS_19195032604;HO2.31;HO2;31.0;VC;2026-04-15 14:54:00;2026-04-15 17:14:00;2026-04-15 17:18:00;2026-04-15 17:32:00;;238.0;;838.0;9471.0;15.04.2026 18:35;HO2, T20;c95d76b8-38dd-11f1-91a3-0b9f9a1e8bb2;1;2061655167;
TP_15760912604_TPS_19213052604;TP_15760912604;564869;e62ae2919e69b283777176e197efc48a784926dee8855853c2b2f245c187c95e;2,03E+28;1;1;TPS_19213052604;T12.02.01;T12;2.0;RMG;2026-04-15 12:17:00;2026-04-15 12:26:00;2026-04-15 12:31:00;2026-04-15 13:06:00;548.0;304.0;;2079.0;2931.0;15.04.2026 14:05;T12;4ddfae1c-38b4-11f1-ae38-dbfa83f7bd98;1;;
TP_15760922604_TPS_19213112604;TP_15760922604;744499;cd0cd2624ed4262ec2ee542bf1013b927516dd240b5f48bf6d1c51a63e3f5fab;2,03E+28;0;1;TPS_19213112604;HO2.31;HO2;31.0;VC;2026-04-15 12:18:00;2026-04-15 14:49:00;2026-04-15 15:03:00;2026-04-15 17:11:00;;785.0;;7702.0;17602.0;15.04.2026 18:05;HO2, T16;62e526de-38b4-11f1-ae62-9b370c069faa;1;2060635225;
TP_15761092604_TPS_19208772604;TP_15761092604;967502;003c974fc242d9a7dc079384c820fad46995999f78257f88350262e2e5239345;2,03E+28;1;1;TPS_19208772604;T25.01.01;T25;1.0;RMG;2026-04-15 12:52:00;2026-04-15 12:58:00;2026-04-15 13:07:00;2026-04-15 13:14:00;327.0;525.0;;422.0;1274.0;15.04.2026 14:05;T25;4572bda0-38b9-11f1-aa01-3b16de6b1aa0;1;;
TP_15761122604_TPS_19215642604;TP_15761122604;435758;323d7beecc45efbfc46e103aa5c6374cf35c7a5aba089ac9ccea12dadfda2167;2,03E+28;1;1;TPS_19215642604;T10.03.01;T10;3.0;RMG;2026-04-15 13:03:00;2026-04-15 13:07:00;2026-04-15 13:50:00;2026-04-15 13:58:00;207.0;2562.0;;513.0;3282.0;15.04.2026 15:06;T10;cdc0cdea-38ba-11f1-ad62-93613b57f337;1;;
TP_15762122604_TPS_19202682604;TP_15762122604;337903;491d27ba876da623b0d1166b64fb0b1ce72a28de30203456e7f3b734c227d5d1;2,03E+28;0;1;TPS_19202682604;HO2.23;HO2;23.0;VC;2026-04-15 12:23:00;2026-04-15 13:11:00;2026-04-15 13:24:00;2026-04-15 13:28:00;;748.0;;257.0;3917.0;15.04.2026 14:35;HO2, T21;e518822a-38bb-11f1-b67a-c3c7718b5a1b;1;2061087298;
TP_15762452604_TPS_19213792604;TP_15762452604;671845;8036b09bc170e6231e16b925b53ee2ade35dfe286ca202ad85f5fb914c9d77bb;2,03E+28;1;1;TPS_19213792604;HO2.28;HO2;28.0;VC;2026-04-15 13:56:00;2026-04-15 14:05:00;2026-04-15 14:10:00;2026-04-15 15:23:00;506.0;309.0;;4392.0;5207.0;15.04.2026 16:05;HO2;3596e038-38c2-11f1-9486-17ebf9e99bd5;1;;
TP_15763172604_TPS_19220262604;TP_15763172604;591745;0e047ccd9c36bdac5122d6b7990229ee493c58df2b812224daf8b08e9cc60c96;2,03E+28;0;1;TPS_19220262604;HO2.26;HO2;26.0;VC;2026-04-15 17:30:00;2026-04-15 18:47:00;2026-04-15 18:52:00;2026-04-15 19:10:00;;323.0;;1059.0;5993.0;15.04.2026 20:05;HO2, T20;0b10ee58-38e0-11f1-a6e3-c31b146c96d7;1;2062086012;
TP_15764032604_TPS_19202672604;TP_15764032604;256556;b6b7327411f5c079d3b617c0bec4d2d5dc3001c7912f44df82317fa38b2c78d3;2,03E+28;0;1;TPS_19202672604;HO2.29;HO2;29.0;VC;2026-04-15 12:19:00;2026-04-15 13:10:00;2026-04-15 13:17:00;2026-04-15 13:37:00;;367.0;;1232.0;4691.0;15.04.2026 14:35;HO2, T23;c4cf959e-38bb-11f1-b679-531f7215a300;1;2060989917;
TP_15764652604_TPS_19212212604;TP_15764652604;422224;981abf4f894b433d4685e471fc1bbfcf94ee49c9e196eafc93dac411d986364f;2,03E+28;0;1;TPS_19212212604;T21.04.01;T21;4.0;RMG;2026-04-15 11:57:00;2026-04-15 12:22:00;2026-04-15 12:38:00;2026-04-15 12:45:00;;1002.0;;403.0;2862.0;15.04.2026 13:35;HO2, T21;973b7eae-38b1-11f1-b99a-9fb51577c192;1;;
TP_15764652604_TPS_19212202604;TP_15764652604;422224;981abf4f894b433d4685e471fc1bbfcf94ee49c9e196eafc93dac411d986364f;2,03E+28;1;0;TPS_19212202604;HO2.26;HO2;26.0;VC;2026-04-15 11:57:00;2026-04-15 12:08:00;2026-04-15 12:17:00;2026-04-15 12:45:00;654.0;543.0;260.0;;;15.04.2026 13:35;HO2, T21;;0;;
TP_15764712604_TPS_19212302604;TP_15764712604;326994;24affa6fea3c48e7eace4fdde1252d94ac68c5b017b138b2b01f57c6779aab39;2,03E+28;0;1;TPS_19212302604;T17.03.01;T17;3.0;RMG;2026-04-15 11:58:00;2026-04-15 12:56:00;2026-04-15 13:36:00;2026-04-15 13:42:00;;2392.0;;391.0;6227.0;15.04.2026 14:35;LL, T17;ba4c4da6-38b1-11f1-b9c2-cbe581fc80ac;1;;
TP_15764712604_20260415121613000000024500312;TP_15764712604;326994;24affa6fea3c48e7eace4fdde1252d94ac68c5b017b138b2b01f57c6779aab39;2,03E+28;1;0;2,03E+28;LL;LL;;Leerlager;2026-04-15 11:58:00;2026-04-15 12:04:00;2026-04-15 12:16:00;2026-04-15 13:42:00;324.0;710.0;2410.0;;;15.04.2026 14:35;LL, T17;a6276698-38b2-11f1-a720-d38947571cde;1;;
TP_15765022604_TPS_19204872604;TP_15765022604;218595;b809be8e8d73191923ac83a499f8b3cac327295e012adbbdfdb409648656ef24;2,03E+28;0;1;TPS_19204872604;T23.02.01;T23;2.0;RMG;2026-04-15 13:09:00;2026-04-15 14:17:00;2026-04-15 14:22:00;2026-04-15 14:56:00;;327.0;;2047.0;6400.0;15.04.2026 16:05;T06, T23;a45b3e6c-38bb-11f1-9e4c-5ba84c74d7dc;1;;
TP_15765022604_TPS_19204862604;TP_15765022604;218595;b809be8e8d73191923ac83a499f8b3cac327295e012adbbdfdb409648656ef24;2,03E+28;1;0;TPS_19204862604;T06.02.01;T06;2.0;RMG;2026-04-15 13:09:00;2026-04-15 13:52:00;2026-04-15 14:03:00;2026-04-15 14:56:00;2562.0;629.0;835.0;;;15.04.2026 16:05;T06, T23;a44736d8-38bb-11f1-9e4b-f31d98fb4022;1;;
TP_15767412604_TPS_19202712604;TP_15767412604;377852;a431be14a218266b4c38bb4939e0da67654896cf94f500bac9d3b9def2886ec6;2,03E+28;0;1;TPS_19202712604;HO2.32;HO2;32.0;VC;2026-04-15 15:00:00;2026-04-15 16:25:00;2026-04-15 16:28:00;2026-04-15 17:19:00;;198.0;;3030.0;8354.0;15.04.2026 18:05;HO2, T20;f32d4fba-38d6-11f1-b866-970b3b484653;1;2061667202;
TP_15767772604_TPS_19223912604;TP_15767772604;853391;0040837df2902deb70dbffc7f7d6eb3b4333d9cdc9b12b8dc562ca1088d7848b;2,03E+28;1;1;TPS_19223912604;T17.01.01;T17;1.0;RMG;2026-04-15 16:38:00;2026-04-15 16:52:00;2026-04-15 17:02:00;2026-04-15 17:25:00;791.0;608.0;;1410.0;2809.0;15.04.2026 18:35;T17;d711897a-38d8-11f1-a266-f3059d01f884;1;;
TP_15767842604_20260415172634000000024507393;TP_15767842604;521454;5e9603652f36b6cc8269ac6273899a2a9d4389b0a98e3705d8acd19fd38b0231;2,03E+28;1;1;2,03E+28;LL;LL;;Leerlager;2026-04-15 16:55:00;2026-04-15 17:15:00;2026-04-15 17:26:00;2026-04-15 17:37:00;1199.0;636.0;;651.0;2486.0;15.04.2026 18:35;LL;0a5873f9-38de-11f1-a720-d38947571cde;1;;
TP_15768102604_TPS_19195052604;TP_15768102604;420679;3e475a632f4fed2568feb52c7f086fe4a37187b5286cc5f2d349235f5bc9f1b4;2,03E+28;0;1;TPS_19195052604;HO2.25;HO2;25.0;VC;2026-04-15 18:07:00;2026-04-15 18:40:00;2026-04-15 18:44:00;2026-04-15 18:49:00;;231.0;;309.0;2509.0;15.04.2026 19:09;HO2, T24;d02dd954-38e9-11f1-91f0-ebf0eef4cd81;1;2062147153;
TP_15769222604_TPS_19221882604;TP_15769222604;476644;ec6ebac1c6f7b471ba69602ba8bb04bc4c28da4bce4288621d6ad0f162b1fcbc;2,03E+28;1;1;TPS_19221882604;T08.01.01;T08;1.0;RMG;2026-04-15 16:01:00;2026-04-15 16:12:00;2026-04-15 16:27:00;2026-04-15 16:45:00;622.0;896.0;;1114.0;2632.0;15.04.2026 17:35;T08;abc48696-38d3-11f1-a260-4fc6ec99eb2b,abda88ec-38d3-11f1-a261-038fee5b596d;2;;
TP_15770022604_TPS_19202722604;TP_15770022604;948059;40425052c19f6272ff53447cdaf67f0e95b0336100416285aa343cf0f8077dfe;2,03E+28;0;1;TPS_19202722604;HO2.29;HO2;29.0;VC;2026-04-15 17:26:00;2026-04-15 17:43:00;2026-04-15 18:12:00;2026-04-15 18:17:00;;1732.0;;319.0;3110.0;15.04.2026 19:09;HO2, T17;44249a86-38e1-11f1-b8c1-e390057fed5b;1;2062079624;
TP_15771912604_TPS_19221522604;TP_15771912604;281070;9fd0cb6425ffbfbd3719aa65f5318fb3b21689f5d679705a859b7c4202dae960;2,03E+28;1;1;TPS_19221522604;T24.03.01;T24;3.0;RMG;2026-04-15 19:49:00;2026-04-15 19:54:00;2026-04-15 20:00:00;2026-04-15 20:06:00;271.0;384.0;;356.0;1011.0;15.04.2026 21:09;T24;85763316-38f3-11f1-ac75-77e9aaa1f97d;1;;
TP_15772472604_TPS_19202732604;TP_15772472604;500746;9a0063482f321b0b2d285d5acece87713b3fa72441d7d4127c7784b85efa9630;2,03E+28;0;1;TPS_19202732604;HO2.29;HO2;29.0;VC;2026-04-15 18:37:00;2026-04-15 19:14:00;2026-04-15 19:22:00;2026-04-15 19:28:00;;493.0;;388.0;3107.0;15.04.2026 20:35;HO2, T13;8595ce24-38ee-11f1-b986-63b3fa34c6f4;1;2062237195;
TP_15772522604_TPS_19221012604;TP_15772522604;677885;02908ed84ebce07a458d998a3f0fcf041269f6f554723b5b78137a976f8f0197;2,03E+28;1;1;TPS_19221012604;T09.01.01;T09;1.0;RMG;2026-04-15 18:40:00;2026-04-15 18:45:00;2026-04-15 18:50:00;2026-04-15 18:56:00;295.0;304.0;;359.0;958.0;15.04.2026 20:05;T09;e23d032c-38e9-11f1-a405-97438c7cb486;1;;
TP_15772962604_20260416001845000000024520858;TP_15772962604;271286;c5cc761e39acf8ccc81e44b8b6487cba6238988a8d3f551ef9db4dda0c47ab8a;2,03E+28;1;1;2,03E+28;LL;LL;;Leerlager;2026-04-15 23:38:00;2026-04-16 00:03:00;2026-04-16 00:18:00;2026-04-16 00:29:00;1493.0;893.0;;644.0;3030.0;16.04.2026 01:07;LL;b549d8e0-3918-11f1-a720-d38947571cde;1;;
TP_15773442604_TPS_19231412604;TP_15773442604;714306;4da2659f9fc22165ae68c81273f8904e58d1912311dba9fab0ae4325aa8ec585;2,03E+28;1;1;TPS_19231412604;T14.01.01;T14;1.0;RMG;2026-04-16 05:54:00;2026-04-16 06:23:00;2026-04-16 06:42:00;2026-04-16 06:47:00;1727.0;1119.0;;290.0;3136.0;16.04.2026 07:35;T14;0a29521a-3948-11f1-af3c-4f81242b747a;1;;
TP_15773772604_20260415194949000000024507572;TP_15773772604;504063;756239cdb85c110160e317e71a63d436411b27828e0d044769bdf210e98ade1e;2,03E+28;1;1;2,03E+28;LL;LL;;Leerlager;2026-04-15 19:10:00;2026-04-15 19:17:00;2026-04-15 19:49:00;2026-04-15 19:53:00;419.0;1916.0;;221.0;2556.0;15.04.2026 20:35;LL;c01f650e-38f2-11f1-a720-d38947571cde;1;2062394391;
TP_15773952604_TPS_19195082604;TP_15773952604;443302;45ddddebd7a834cfb9ecf5395648b2e54220b875684448c26307fb9e16026e70;2,03E+28;0;1;TPS_19195082604;T12.03.01;T12;3.0;RMG;2026-04-15 19:40:00;2026-04-15 20:18:00;2026-04-15 20:28:00;2026-04-15 20:33:00;;596.0;;304.0;3157.0;15.04.2026 21:09;T12, T13;0d85752a-38f7-11f1-923f-135453cddbaf,0db712b0-38f7-11f1-9240-63a3bf621f7a;2;2062457413;
TP_15774382604_TPS_19202762604;TP_15774382604;627682;1afc41fce09636a0bccc087d1d3949f563332182b2c493ea5430ab5b6d808cd6;2,03E+28;0;1;TPS_19202762604;HO2.27;HO2;27.0;VC;2026-04-16 01:49:00;2026-04-16 02:32:00;2026-04-16 02:34:00;2026-04-16 02:40:00;;111.0;;358.0;3075.0;16.04.2026 03:35;HO2, T13;;0;2062919562;
TP_15776512604_TPS_19232212604;TP_15776512604;744675;b6a372022ade061e904ba2e9fe9ccb4298b9e1bfb37aae9e0d165c03ac836112;2,03E+28;1;1;TPS_19232212604;T14.04.01;T14;4.0;RMG;2026-04-16 05:13:00;2026-04-16 05:17:00;2026-04-16 06:09:00;2026-04-16 06:13:00;201.0;3114.0;;245.0;3560.0;16.04.2026 07:06;T14;50015bda-3942-11f1-8d63-6b1a2cd7258e;1;;
TP_15776832604_TPS_19195152604;TP_15776832604;891648;75c287bb945b78cf319f324aa7654323eff2fb742bd5e4125f35b73d9f320606;2,03E+28;0;1;TPS_19195152604;T21.02.01;T21;2.0;RMG;2026-04-16 06:15:00;2026-04-16 06:45:00;2026-04-16 06:57:00;2026-04-16 07:11:00;;728.0;;840.0;3336.0;16.04.2026 08:05;HO2, T21;918d9f56-394b-11f1-95e0-a76c94a93819;1;2063192508;
TP_15776872604_TPS_19235362604;TP_15776872604;298183;2dd52c343ff86c49544f630c7340adf2d54ef102fb85eb6cadf9df479701668c;2,03E+28;1;1;TPS_19235362604;T14.02.01;T14;2.0;RMG;2026-04-16 07:03:00;2026-04-16 07:11:00;2026-04-16 07:29:00;2026-04-16 07:39:00;495.0;1091.0;;596.0;2182.0;16.04.2026 08:35;T14;99ab0556-3951-11f1-a169-937ec672b370;1;;
TP_15777082604_TPS_19236912604;TP_15777082604;927504;0561ee3d2489b6e121efeca1dd66cd9404e5c4ae543c9b9d706f620d623ae1cb;2,03E+28;1;1;TPS_19236912604;HO2.26;HO2;26.0;VC;2026-04-16 08:23:00;2026-04-16 08:37:00;2026-04-16 08:45:00;2026-04-16 08:51:00;830.0;489.0;;320.0;1639.0;16.04.2026 09:35;HO2;db340c42-395c-11f1-ac8e-5768d7ff39de;1;;
TP_15778072604_TPS_19235682604;TP_15778072604;469573;c32dde9fc2d5c20e62e111e7e6c668d6976f212f58474579713c79e622c6ccaa;2,03E+28;0;1;TPS_19235682604;HO2.24;HO2;24.0;VC;2026-04-16 07:15:00;2026-04-16 08:09:00;2026-04-16 08:17:00;2026-04-16 08:24:00;;462.0;;465.0;4151.0;16.04.2026 09:06;HO2, T12;4ebd5e02-3953-11f1-a1df-7b233b1669a1;1;2063249848;
TP_15778552604_TPS_19230212604;TP_15778552604;807896;0f469ee9e5a750ebcfa2892cfb547b37f9bc86cc8a534844de9f1c0f3dc654e6;2,03E+28;1;1;TPS_19230212604;T23.04.01;T23;4.0;RMG;2026-04-16 08:27:00;2026-04-16 08:43:00;2026-04-16 08:49:00;2026-04-16 09:02:00;921.0;378.0;;762.0;2061.0;16.04.2026 10:05;T23;6a1cf036-395d-11f1-b7e3-5f6d1c274585;1;;
TP_15779172604_TPS_19230652604;TP_15779172604;725341;2b5d89d4202b643c82808c029ed12b1877cddb0efce6defb8327fa37b33306cc;2,03E+28;0;1;TPS_19230652604;T24.01.01;T24;1.0;RMG;2026-04-16 08:38:00;2026-04-16 09:13:00;2026-04-16 09:36:00;2026-04-16 09:41:00;;1350.0;;319.0;3760.0;16.04.2026 10:35;LL, T24;f3723bb0-395e-11f1-b8e0-fba9ae6c2bfe;1;;
TP_15779172604_20260416085210000000024534618;TP_15779172604;725341;2b5d89d4202b643c82808c029ed12b1877cddb0efce6defb8327fa37b33306cc;2,03E+28;1;0;2,03E+28;LL;LL;;Leerlager;2026-04-16 08:38:00;2026-04-16 08:47:00;2026-04-16 08:52:00;2026-04-16 09:41:00;508.0;283.0;1300.0;;;16.04.2026 10:35;LL, T24;3325b990-3960-11f1-a720-d38947571cde;1;;
TP_15779542604_TPS_19231702604;TP_15779542604;899079;058cc59b67e53ec2e9a0cc9839370fad6d46cc91528c5d8a6bb60c38a304fe8a;2,03E+28;1;1;TPS_19231702604;T16.03.01;T16;3.0;RMG;2026-04-16 09:30:00;2026-04-16 09:36:00;2026-04-16 09:45:00;2026-04-16 09:55:00;333.0;530.0;;581.0;1444.0;16.04.2026 10:35;T16;374721aa-3966-11f1-bc01-97b8170c6cd5;1;;
TP_15779832604_TPS_19234062604;TP_15779832604;304358;53a7eb8f9b6dd6056a160c78e37616f15bf95188fee81ead627f9314e8f88476;2,03E+28;1;1;TPS_19234062604;T10.03.01;T10;3.0;RMG;2026-04-16 10:32:00;2026-04-16 10:39:00;2026-04-16 11:16:00;2026-04-16 11:31:00;363.0;2247.0;;884.0;3494.0;16.04.2026 12:35;T10;e06e52e6-396e-11f1-b2b4-7f4d48c8f5e9;1;;
TP_15780212604_TPS_19202772604;TP_15780212604;740445;11b7c4d8555ba3977df0c4a3a8887b6f929fced654cdbabd4365486ca16b6340;2,03E+28;0;1;TPS_19202772604;HO2.28;HO2;28.0;VC;2026-04-16 08:01:00;2026-04-16 09:37:00;2026-04-16 09:50:00;2026-04-16 09:58:00;;743.0;;485.0;7009.0;16.04.2026 10:35;HO2, T08;234238d8-3967-11f1-bf3c-2b6b909c5c44;1;2063409112;
TP_15780422604_TPS_19236702604;TP_15780422604;329319;7e4760b2e375c6eecb013bf0b588204f03c1305dc16b85c3e16b42867a4f65cb;2,03E+28;1;1;TPS_19236702604;T14.03.01;T14;3.0;RMG;2026-04-16 08:18:00;2026-04-16 08:24:00;2026-04-16 08:27:00;2026-04-16 08:34:00;331.0;190.0;;382.0;903.0;16.04.2026 09:35;T14;284bfc16-395c-11f1-ab7f-b3c93fcad741;1;;
TP_15780882604_TPS_19238832604;TP_15780882604;655306;a1ad334a0181f55ac7e231a3bc7d6b12ee7b3da52a7e6ced6694629f9d253b14;2,03E+28;0;1;TPS_19238832604;T16.01.01;T16;1.0;RMG;2026-04-16 09:16:00;2026-04-16 09:24:00;2026-04-16 09:34:00;2026-04-16 09:39:00;;570.0;;339.0;1366.0;16.04.2026 10:35;T06, T16;433920a0-3964-11f1-9319-87717a91b447;1;;
TP_15780882604_TPS_19238822604;TP_15780882604;655306;a1ad334a0181f55ac7e231a3bc7d6b12ee7b3da52a7e6ced6694629f9d253b14;2,03E+28;1;0;TPS_19238822604;T06.03.01;T06;3.0;RMG;2026-04-16 09:16:00;2026-04-16 09:20:00;2026-04-16 09:22:00;2026-04-16 09:39:00;186.0;139.0;132.0;;;16.04.2026 10:35;T06, T16;4324a620-3964-11f1-9318-0ba37795fc95;1;;
TP_15780942604_TPS_19238912604;TP_15780942604;736186;1e2d81a12e9a5d1095a137357c24b303aecb82a712c828b6a8559e6dee17eaab;2,03E+28;1;1;TPS_19238912604;T27.02.01;T27;2.0;RMG;2026-04-16 09:19:00;2026-04-16 09:37:00;2026-04-16 09:41:00;2026-04-16 09:51:00;1058.0;249.0;;563.0;1870.0;16.04.2026 10:35;T27;ad4bc128-3964-11f1-937a-db9df519aaaf;1;;
TP_15782042604_TPS_19236192604;TP_15782042604;728762;8e66609f8f79d2383a48da3850d10871332a206d51b01fbd22ba24f0f71ce807;2,03E+28;0;0;TPS_19236192604;HO2.33;HO2;33.0;VC;2026-04-16 07:34:00;2026-04-16 08:40:00;2026-04-16 08:44:00;2026-04-16 09:25:00;;277.0;1187.0;;;16.04.2026 10:05;HO2, T17, T24;f2983b1c-3955-11f1-a35b-5b1c5ed8f84b;1;2063345549;
TP_15782552604_TPS_19238672604;TP_15782552604;570504;e38012f3795478f997409f4a5eb3af622febf325e306e6688997d14fe449a2be;2,03E+28;0;1;TPS_19238672604;T08.03.01;T08;3.0;RMG;2026-04-16 09:09:00;2026-04-16 09:47:00;2026-04-16 09:58:00;2026-04-16 10:02:00;;640.0;;247.0;3165.0;16.04.2026 11:06;HO2, T08;486f0b9e-3963-11f1-92b4-c3df13bb2168;1;;
TP_15782552604_TPS_19238662604;TP_15782552604;570504;e38012f3795478f997409f4a5eb3af622febf325e306e6688997d14fe449a2be;2,03E+28;1;0;TPS_19238662604;HO2.23;HO2;23.0;VC;2026-04-16 09:09:00;2026-04-16 09:16:00;2026-04-16 09:27:00;2026-04-16 10:02:00;402.0;636.0;1240.0;;;16.04.2026 11:06;HO2, T08;485c1c0a-3963-11f1-92b3-d79a7300f2d8;1;;
TP_15783182604_20260416115533000000024534888;TP_15783182604;827897;66fb39c8be6aedc5b622f79db56910de9a9f1ec15695323fe289580724e82d12;2,03E+28;0;1;2,03E+28;LL;LL;;Leerlager;2026-04-16 10:44:00;2026-04-16 11:45:00;2026-04-16 11:55:00;2026-04-16 12:05:00;;615.0;;605.0;4840.0;16.04.2026 13:06;HO2, LL;2d3ca0d4-3979-11f1-a720-d38947571cde;1;;
TP_15783182604_TPS_19234492604;TP_15783182604;827897;66fb39c8be6aedc5b622f79db56910de9a9f1ec15695323fe289580724e82d12;2,03E+28;1;0;TPS_19234492604;HO2.22;HO2;22.0;VC;2026-04-16 10:44:00;2026-04-16 11:13:00;2026-04-16 11:20:00;2026-04-16 12:05:00;1690.0;454.0;1476.0;;;16.04.2026 13:06;HO2, LL;8d970a7a-3970-11f1-b4a2-af8e1c18f807;1;;
TP_15783282604_TPS_19238052604;TP_15783282604;921619;bd9b60dabf166fa237ca32461babaeb8f8b796befb122d566d3e721c13905bcb;2,03E+28;0;1;TPS_19238052604;HO2.23;HO2;23.0;VC;2026-04-16 10:47:00;2026-04-16 11:39:00;2026-04-16 11:48:00;2026-04-16 11:58:00;;514.0;;636.0;4242.0;16.04.2026 12:35;HO2, T10;f71c1e68-3970-11f1-8fd2-1b11e42f6968;1;2064165307;
TP_15784562604_TPS_19238332604;TP_15784562604;347356;0c3bc2a54370c46152878ee3e569201ea6f0461bcd7cbf636aada775762493dd;2,03E+28;0;1;TPS_19238332604;T20.03.01;T20;3.0;RMG;2026-04-16 10:54:00;2026-04-16 11:21:00;2026-04-16 11:31:00;2026-04-16 11:44:00;;596.0;;779.0;2974.0;16.04.2026 12:35;LL, T20;f323ff8c-3971-11f1-9047-fb121041b224;1;;
TP_15784562604_20260416110736000000024534823;TP_15784562604;347356;0c3bc2a54370c46152878ee3e569201ea6f0461bcd7cbf636aada775762493dd;2,03E+28;1;0;2,03E+28;LL;LL;;Leerlager;2026-04-16 10:54:00;2026-04-16 11:00:00;2026-04-16 11:07:00;2026-04-16 11:44:00;329.0;428.0;842.0;;;16.04.2026 12:35;LL, T20;c0f1e884-3972-11f1-a720-d38947571cde;1;;
TP_15785692604_TPS_19247372604;TP_15785692604;893681;62f2ec5eafda6b242add130459656a3a0ed2cd8d7d594e75c07598a9860a7008;2,03E+28;1;1;TPS_19247372604;T14.01.01;T14;1.0;RMG;2026-04-16 13:14:00;2026-04-16 13:23:00;2026-04-16 13:28:00;2026-04-16 13:37:00;555.0;272.0;;558.0;1385.0;16.04.2026 14:35;T14;758aa54e-3985-11f1-a1b2-378a069cfc7f;1;;
TP_15785712604_TPS_19247392604;TP_15785712604;564988;ee8be8bb342271b4c8858753d5b31ae7fb3330179cbcde11d14af94b2de5819e;2,03E+28;1;1;TPS_19247392604;T17.03.01;T17;3.0;RMG;2026-04-16 13:14:00;2026-04-16 13:42:00;2026-04-16 13:59:00;2026-04-16 14:05:00;1631.0;1028.0;;381.0;3040.0;16.04.2026 15:06;T17;82523d0a-3985-11f1-a1d0-bfbc85901a75,8267d304-3985-11f1-a1d1-9f2e15121f65;2;;
TP_15785772604_TPS_19246522604;TP_15785772604;441547;40a0c85c301ead3459e4981a188a43aa6d255b5e119626fb224f645399a03b27;2,03E+28;1;1;TPS_19246522604;T06.03.01;T06;3.0;RMG;2026-04-16 13:33:00;2026-04-16 13:38:00;2026-04-16 13:48:00;2026-04-16 13:57:00;286.0;565.0;;537.0;1388.0;16.04.2026 14:35;T06;29877b24-3988-11f1-b495-0b85378d1168;1;;
TP_15785882604_TPS_19246652604;TP_15785882604;446808;05eb40b6da273e3c529a2433fcd6e7a9a67eb5759cd88c323cc5cb7e6d7895a1;2,03E+28;1;1;TPS_19246652604;T20.03.01;T20;3.0;RMG;2026-04-16 13:35:00;2026-04-16 13:45:00;2026-04-16 14:00:00;2026-04-16 14:07:00;565.0;910.0;;439.0;1914.0;16.04.2026 15:06;T20;714f8e06-3988-11f1-b4cd-573c2a5246c8;1;;
TP_15786042604_TPS_19202802604;TP_15786042604;743495;5f343089e302420b4413e7773ff6502e7b105dba095cd2cdb7b9eeff528259ab;2,03E+28;0;1;TPS_19202802604;HO2.32;HO2;32.0;VC;2026-04-16 14:31:00;2026-04-16 15:08:00;2026-04-16 15:18:00;2026-04-16 15:26:00;;575.0;;469.0;3251.0;16.04.2026 16:35;HO2, T16;;0;2065577964;
TP_15786392604_TPS_19238092604;TP_15786392604;986270;6fed3e794c50d3ae99066563ca403a1f05c2cacd7c1bcd6e03a06f5f48998699;2,03E+28;1;1;TPS_19238092604;HO2.33;HO2;33.0;VC;2026-04-16 10:48:00;2026-04-16 11:09:00;2026-04-16 11:13:00;2026-04-16 11:30:00;1229.0;221.0;;1016.0;2466.0;16.04.2026 12:35;HO2;1cfc85c8-3971-11f1-8fef-cb2d7f81e3bd;1;;
TP_15786702604_TPS_19239062604;TP_15786702604;426720;4a08473698ce7753d42fe8994401bba52e3301b7162f9e7089c6383d909499ca;2,03E+28;1;1;TPS_19239062604;T17.02.01;T17;2.0;RMG;2026-04-16 11:50:00;2026-04-16 12:11:00;2026-04-16 12:14:00;2026-04-16 12:22:00;1240.0;165.0;;495.0;1900.0;16.04.2026 13:06;T17;c5d08840-3979-11f1-af26-9ffa07ed6ca5;1;;
TP_15786902604_TPS_19241472604;TP_15786902604;813683;8726db39d6ddf61dbe892f8f8b6f18ee7dde4399ad4217aab4a53db795db356a;2,03E+28;1;1;TPS_19241472604;HO2.32;HO2;32.0;VC;2026-04-16 12:17:00;2026-04-16 12:26:00;2026-04-16 12:31:00;2026-04-16 12:39:00;522.0;269.0;;479.0;1270.0;16.04.2026 13:35;HO2;8b7d6a1a-397d-11f1-9aa2-d370ff487d00;1;;
TP_15786932604_TPS_19195192604;TP_15786932604;726498;10848ee48a2c3d41ecd571b1ecef405728bd30cfe813189dc546cc6ead18602b;2,03E+28;0;1;TPS_19195192604;HO2.27;HO2;27.0;VC;2026-04-16 12:21:00;2026-04-16 13:28:00;2026-04-16 13:33:00;2026-04-16 13:43:00;;335.0;;604.0;4909.0;16.04.2026 14:35;HO2, T08, T20;51f000f0-3987-11f1-99bb-9751dabb0d80;1;2064817057;
TP_15787132604_TPS_19242992604;TP_15787132604;557061;9c1a4b492d18e8ffcd70bd7c3e73a70255c3b3c24e7ad4c97d273f6fe7b21309;2,03E+28;1;1;TPS_19242992604;HO2.28;HO2;28.0;VC;2026-04-16 13:06:00;2026-04-16 13:19:00;2026-04-16 13:27:00;2026-04-16 13:34:00;753.0;506.0;;373.0;1632.0;16.04.2026 14:35;HO2;63fcb9b2-3984-11f1-aa74-a37f8f261394;1;;
TP_15787262604_TPS_19246872604;TP_15787262604;206716;83d3c9fd28c87f5f8bac554741e70092406b57fb1faae083c58649f135004f3c;2,03E+28;0;1;TPS_19246872604;HO2.26;HO2;26.0;VC;2026-04-16 13:42:00;2026-04-16 14:13:00;2026-04-16 14:22:00;2026-04-16 14:30:00;;578.0;;486.0;2899.0;16.04.2026 15:35;HO2, T12, T21;59f5a1f4-3989-11f1-b55f-6313775b4a66;1;2065234902;
TP_15787362604_TPS_19247122604;TP_15787362604;491998;9f8879dcf2a46d23c57b97b58ed8e2f7992f0087b1e2ff7e5792822559f1a754;2,03E+28;0;1;TPS_19247122604;T10.02.01;T10;2.0;RMG;2026-04-16 13:48:00;2026-04-16 14:02:00;2026-04-16 14:07:00;2026-04-16 14:27:00;;309.0;;1192.0;2326.0;16.04.2026 15:06;LL, T10;4204b8f4-398a-11f1-b5d1-1b309a6a4abc;1;;
TP_15787362604_20260416135716000000024541616;TP_15787362604;491998;9f8879dcf2a46d23c57b97b58ed8e2f7992f0087b1e2ff7e5792822559f1a754;2,03E+28;1;0;2,03E+28;LL;LL;;Leerlager;2026-04-16 13:48:00;2026-04-16 13:54:00;2026-04-16 13:57:00;2026-04-16 14:27:00;327.0;170.0;328.0;;;16.04.2026 15:06;LL, T10;1931fe94-398b-11f1-a720-d38947571cde;1;;
TP_15787382604_TPS_19195212604;TP_15787382604;806501;48fd0d1adf4afaa61af94b280ae2747b7c3ee9eaa9517a7c9ad111039a491722;2,03E+28;0;1;TPS_19195212604;T10.01.01;T10;1.0;RMG;2026-04-16 13:49:00;2026-04-16 14:31:00;2026-04-16 14:36:00;2026-04-16 15:14:00;;314.0;;2299.0;5149.0;16.04.2026 16:05;T10, T21;e6ee267a-398a-11f1-9a20-53169a56aa31;1;2065289658;
TP_15788312604_20260416125217000000024541533;TP_15788312604;766411;d2cd9cdca97a0bba9a30705db24dbdab204a0f4dba36557918eb62842faed0e5;2,03E+28;1;1;2,03E+28;LL;LL;;Leerlager;2026-04-16 12:34:00;2026-04-16 12:40:00;2026-04-16 12:52:00;2026-04-16 12:57:00;335.0;703.0;;314.0;1352.0;16.04.2026 13:35;LL;f513f9b9-3980-11f1-a720-d38947571cde,11ed9393-3982-11f1-a720-d38947571cde;2;;
TP_15788532604_TPS_19241802604;TP_15788532604;991422;8db93fc7a3da1738c959812b479f531c2247ed3907f15e8f9a48df4f4e6027f3;2,03E+28;1;1;TPS_19241802604;HO2.25;HO2;25.0;VC;2026-04-16 12:38:00;2026-04-16 12:53:00;2026-04-16 13:01:00;2026-04-16 13:08:00;880.0;466.0;;427.0;1773.0;16.04.2026 14:05;HO2;7ae10cd6-3980-11f1-9c73-e778d89490dd;1;;
TP_15788612604_TPS_19241942604;TP_15788612604;789398;afb7f3d1c781dcde224b38d921612d30d7dae320bf827be3b6f65d0b24f79af8;2,03E+28;1;1;TPS_19241942604;T23.01.01;T23;1.0;RMG;2026-04-16 12:42:00;2026-04-16 12:51:00;2026-04-16 13:10:00;2026-04-16 13:34:00;483.0;1183.0;;1435.0;3101.0;16.04.2026 14:35;T23;09c802ec-3981-11f1-9d04-bfe1454f38b4,09dc4202-3981-11f1-9d05-fb5a19d29157;2;;
TP_15788812604_TPS_19240692604;TP_15788812604;361262;97ff07bbec59afb67236f1150ae54bd58badf1c1c2a747929ddb845f6b43ea02;2,03E+28;1;1;TPS_19240692604;T22.03.01;T22;3.0;RMG;2026-04-16 11:35:00;2026-04-16 11:44:00;2026-04-16 11:47:00;2026-04-16 12:01:00;490.0;185.0;;871.0;1546.0;16.04.2026 13:06;T22;ad60051c-3977-11f1-9e19-939a459ba243;1;;
TP_15789032604_TPS_19195162604;TP_15789032604;274004;60c6796c8819bf5978f7a943b1ee62d63f372668c36f5ecbb486d2a057a93b92;2,03E+28;0;1;TPS_19195162604;HO2.22;HO2;22.0;VC;2026-04-16 12:04:00;2026-04-16 13:05:00;2026-04-16 13:11:00;2026-04-16 13:19:00;;386.0;;469.0;4505.0;16.04.2026 14:05;HO2, T10;26dada0a-3984-11f1-99ad-772e308b1a3c;1;2064650648;
TP_15789112604_TPS_19241532604;TP_15789112604;552153;d5658825a1780a28d97f743195fcd6966522660ee7edf07e4ecd53e81dd36edb;2,03E+28;1;1;TPS_19241532604;T24.04.01;T24;4.0;RMG;2026-04-16 12:18:00;2026-04-16 12:25:00;2026-04-16 12:37:00;2026-04-16 12:42:00;389.0;727.0;;323.0;1439.0;16.04.2026 13:35;T24;af511068-397d-11f1-9abc-07d004db7ff1,af6710a2-397d-11f1-9abd-9f4a5b9e406c;2;;
TP_15789202604_TPS_19242812604;TP_15789202604;977342;4a1d319a727304a405c4811cfee9b7022a3be165b5326462d71fe3c7c7eda3a2;2,03E+28;0;1;TPS_19242812604;HO2.23;HO2;23.0;VC;2026-04-16 13:02:00;2026-04-16 13:24:00;2026-04-16 13:31:00;2026-04-16 13:51:00;;408.0;;1182.0;2902.0;16.04.2026 14:35;HO2, T21;cd16b5ac-3983-11f1-a990-0bd584f16451;1;2065094675;
TP_15789832604_TPS_19249132604;TP_15789832604;634895;048a5dab9617fc9e03f15cbb0d810ed728800e8fcb541c60b9b96daa8983ebbb;2,03E+28;1;1;TPS_19249132604;T08.03.01;T08;3.0;RMG;2026-04-16 14:44:00;2026-04-16 14:49:00;2026-04-16 14:55:00;2026-04-16 15:08:00;266.0;385.0;;751.0;1402.0;16.04.2026 16:05;T08;14c6a1f6-3992-11f1-b9b6-879fe0ce16ba;1;;
TP_15791422604_TPS_19243222604;TP_15791422604;268401;06d1ec3e7be0d080f550ad70599616134dcf556164cfe4ba0a72791d4e74a9ab;2,03E+28;0;1;TPS_19243222604;T06.03.01;T06;3.0;RMG;2026-04-16 13:24:00;2026-04-16 14:25:00;2026-04-16 14:32:00;2026-04-16 14:40:00;;437.0;;470.0;4539.0;16.04.2026 15:35;T06, T16;e7c9e4b6-3986-11f1-aea1-ff30ff2b9eb8;1;;
TP_15791422604_TPS_19243212604;TP_15791422604;268401;06d1ec3e7be0d080f550ad70599616134dcf556164cfe4ba0a72791d4e74a9ab;2,03E+28;1;0;TPS_19243212604;T16.02.01;T16;2.0;RMG;2026-04-16 13:24:00;2026-04-16 13:31:00;2026-04-16 14:08:00;2026-04-16 14:40:00;379.0;2214.0;1039.0;;;16.04.2026 15:35;T06, T16;e7b59574-3986-11f1-aea0-2f5cf9427e99;1;;
TP_15791472604_TPS_19195202604;TP_15791472604;958241;89427da24bbb64353aae9a0fd41c452ab1f487a75e4b403cd54daab1a916402a;2,03E+28;1;1;TPS_19195202604;T12.02.01;T12;2.0;RMG;2026-04-16 13:26:00;2026-04-16 13:53:00;2026-04-16 14:01:00;2026-04-16 14:40:00;1582.0;497.0;;2356.0;4435.0;16.04.2026 15:35;T12;dc75e8b6-3987-11f1-99bd-038588ce83b1;1;2065192734;
TP_15791742604_TPS_19202812604;TP_15791742604;955087;01fda6d1ec55cf3452a9b6f010355926674ade4e217f5c439fb1a753a5a4d783;2,03E+28;0;1;TPS_19202812604;HO2.31;HO2;31.0;VC;2026-04-16 14:15:00;2026-04-16 14:51:00;2026-04-16 15:01:00;2026-04-16 15:08:00;;610.0;;436.0;3205.0;16.04.2026 16:05;HO2, T06;f66843e4-3992-11f1-b82b-f38f5d48b128;1;2065487566;
TP_15792392604_TPS_19253782604;TP_15792392604;491407;90d826f0634a8f5265f60122b22f37125cc5cdda042b3b8175ebcd635b51d30b;2,03E+28;1;1;TPS_19253782604;HO2.31;HO2;31.0;VC;2026-04-16 16:04:00;2026-04-16 16:43:00;2026-04-16 17:01:00;2026-04-16 17:11:00;2319.0;1057.0;;607.0;3983.0;16.04.2026 18:05;HO2;41f54014-399d-11f1-bfb5-93f1bf6928ac,42094780-399d-11f1-bfb6-07e75aef0030;2;;
TP_15792892604_TPS_19202832604;TP_15792892604;355156;cbeb913328700d2f07b38a759f9b0bd92b5025181b60d6e32be96b457efdb343;2,03E+28;0;1;TPS_19202832604;HO2.29;HO2;29.0;VC;2026-04-16 14:52:00;2026-04-16 15:21:00;2026-04-16 15:24:00;2026-04-16 15:36:00;;203.0;;705.0;2636.0;16.04.2026 16:35;HO2, T24;e2ba4d0c-3996-11f1-b84a-a7d50290f05e;1;2065668103;
TP_15793962604_TPS_19249872604;TP_15793962604;411464;c532909c7678b391953c35617a31cac6b08ce1bca8b6ff3a64b33e0197cca978;2,03E+28;1;1;TPS_19249872604;T27.01.01;T27;1.0;RMG;2026-04-16 15:09:00;2026-04-16 15:17:00;2026-04-16 15:26:00;2026-04-16 15:33:00;451.0;517.0;;423.0;1391.0;16.04.2026 16:35;T27;92dc1276-3995-11f1-bbe3-773cc1fd7dc1,92ef33d8-3995-11f1-bbe4-6ba8acdb6800;2;;
TP_15794832604_TPS_19253652604;TP_15794832604;872427;68e5f7ca8f68a8a8ced6fcb8b08d9145ce9115a1756cfed6186c10791a8d4829;2,03E+28;0;1;TPS_19253652604;HO2.23;HO2;23.0;VC;2026-04-16 17:46:00;2026-04-16 18:36:00;2026-04-16 18:43:00;2026-04-16 18:51:00;;447.0;;450.0;3889.0;16.04.2026 20:05;HO2, LL, T24;748766b6-39ab-11f1-a5f6-139132a8e2f5;1;2066205222;
TP_15795132604_TPS_19202862604;TP_15795132604;602766;c24d39b50b5de01f088760b72c034b4b3d4ef3058a02b5f276b35903e030716c;2,03E+28;0;1;TPS_19202862604;HO2.35;HO2;35.0;VC;2026-04-16 18:12:00;2026-04-16 18:37:00;2026-04-16 18:38:00;2026-04-16 18:45:00;;98.0;;432.0;2023.0;16.04.2026 19:09;HO2, T14;b5cb2d74-39b0-11f1-b9bf-2b6c63d46cb8;1;2066260910;
TP_15796332604_TPS_19254402604;TP_15796332604;981246;44a0784221cf8114ac0e68693fdf589c4a167ad0197fa65bed6a6a9c7d764cfc;2,03E+28;1;1;TPS_19254402604;T27.03.01;T27;3.0;RMG;2026-04-16 18:07:00;2026-04-16 18:17:00;2026-04-16 18:21:00;2026-04-16 18:27:00;597.0;203.0;;384.0;1184.0;16.04.2026 19:09;T27;70da2730-39ae-11f1-a94c-9349e343f380;1;;
TP_15796772604_TPS_19255942604;TP_15796772604;899780;90c2f69f9aaebc7d1028a23ba1f7bc6e5b12e248b50cb95b5abfeceabda207b6;2,03E+28;1;1;TPS_19255942604;HO2.33;HO2;33.0;VC;2026-04-16 16:52:00;2026-04-16 17:37:00;2026-04-16 17:48:00;2026-04-16 18:03:00;2667.0;652.0;;898.0;4217.0;16.04.2026 19:09;HO2;f6af7622-39a3-11f1-a27a-bf47478fcf88;1;;
TP_15797112604_TPS_19202852604;TP_15797112604;321489;611e3e1089f7589dbbd4402d7e7a3f0f9b4676cd194f51077c68a2aa3a3ea84c;2,03E+28;0;1;TPS_19202852604;HO2.34;HO2;34.0;VC;2026-04-16 17:33:00;2026-04-16 18:27:00;2026-04-16 18:47:00;2026-04-16 18:53:00;;1185.0;;361.0;4768.0;16.04.2026 20:05;HO2, T16;7042e032-39ae-11f1-b9a4-af0b31ed7231;1;2066169750;
TP_15797532604_TPS_19263412604;TP_15797532604;702815;9a857fb2cdd8b2930ed70564887b5cbf60eae75100ac4201b6857ddfc9fa1546;2,03E+28;1;1;TPS_19263412604;T13.03.01;T13;3.0;RMG;2026-04-17 02:56:00;2026-04-17 03:00:00;2026-04-17 03:03:00;2026-04-17 03:10:00;189.0;210.0;;392.0;791.0;17.04.2026 04:05;T13;571c75ba-39f8-11f1-bb9c-fb3382268d9d;1;;
TP_15797552604_TPS_19263442604;TP_15797552604;596491;9e3323afad8cb717f0baabe1b5f7efcd0cb4616a27f12b3ea1f853dab3c1a72a;2,03E+28;1;1;TPS_19263442604;T24.02.01;T24;2.0;RMG;2026-04-17 02:57:00;2026-04-17 03:03:00;2026-04-17 03:05:00;2026-04-17 03:12:00;303.0;131.0;;466.0;900.0;17.04.2026 04:05;T24;7aa2d402-39f8-11f1-bba9-7bcad42f7abc;1;;
TP_15798032604_TPS_19202872604;TP_15798032604;721816;f949f49c0eb59f4ecb9c26b87f8ade850b722c92306bcee292ef0e55c6550ab6;2,03E+28;0;1;TPS_19202872604;T23.03.01;T23;3.0;RMG;2026-04-16 18:21:00;2026-04-16 18:56:00;2026-04-16 19:01:00;2026-04-16 19:14:00;;280.0;;768.0;3153.0;16.04.2026 20:05;T08, T23;c1243f08-39b0-11f1-b9c0-cfc7d9df8825;1;2066221931;
TP_15798262604_TPS_19259242604;TP_15798262604;949668;fcffaf9682c4080f4587af2b69c0e2a823bcfd7267bee6402b72c51203adaa8d;2,03E+28;1;1;TPS_19259242604;T17.02.01;T17;2.0;RMG;2026-04-16 18:35:00;2026-04-16 19:13:00;2026-04-16 19:24:00;2026-04-16 19:43:00;2274.0;679.0;;1145.0;4098.0;16.04.2026 20:35;T17;47208a20-39b2-11f1-a97a-ab4b522ac4ac;1;;
TP_15798982604_20260417015738000000024561785;TP_15798982604;944272;b25a40c9d1f802b5612591cfb0d60d5b5845530578bc66f0ee23279ceb2c3522;2,03E+28;0;1;2,03E+28;LL;LL;;Leerlager;2026-04-17 01:10:00;2026-04-17 01:26:00;2026-04-17 01:57:00;2026-04-17 02:03:00;;1854.0;;377.0;3182.0;17.04.2026 03:06;LL, T22;30186d2d-39ef-11f1-a720-d38947571cde;1;2066938674;
TP_15798992604_20260417014510000000024561777;TP_15798992604;235675;33c67587bcef784aeab56e939504d66511dbf9421aa096c10767dfaeba5664ae;2,03E+28;0;1;2,03E+28;LL;LL;;Leerlager;2026-04-17 01:11:00;2026-04-17 01:44:00;2026-04-17 01:45:00;2026-04-17 01:45:00;;33.0;;0.0;2032.0;17.04.2026 02:35;LL, T06;;0;2066938999;
TP_15799242604_TPS_19258212604;TP_15799242604;460087;b4d7fcd6cb0d445c45dc6a69746c9e2ed01113ac6f06024c6edcf26c2c60baa3;2,03E+28;1;1;TPS_19258212604;T25.03.01;T25;3.0;RMG;2026-04-16 20:05:00;2026-04-16 20:21:00;2026-04-16 20:28:00;2026-04-16 20:33:00;906.0;438.0;;305.0;1649.0;16.04.2026 21:09;T25;ece03350-39be-11f1-ae0d-4b8a144205f2;1;;
TP_15799802604_TPS_19265532604;TP_15799802604;528965;6c5920b2526d3a76ee6c609d653471f8d4ebe6a9de07d5334225b976f08c1bd8;2,03E+28;1;1;TPS_19265532604;T17.02.01;T17;2.0;RMG;2026-04-17 07:41:00;2026-04-17 08:36:00;2026-04-17 08:59:00;2026-04-17 09:16:00;3278.0;1399.0;;969.0;5646.0;17.04.2026 10:05;T17;27434986-3a20-11f1-aa16-035cc8a0312c;1;;
TP_15800462604_TPS_19247782604;TP_15800462604;774726;7ac4ce684c427544b6c5750c213431d5e50f92eece544a5d96fb68102ee61e84;2,03E+28;0;1;TPS_19247782604;HO2.28;HO2;28.0;VC;2026-04-16 20:33:00;2026-04-16 21:05:00;2026-04-16 21:10:00;2026-04-16 21:17:00;;320.0;;410.0;2644.0;16.04.2026 22:05;HO2, T25;ca035570-39c2-11f1-a0a2-3b32bffdb14c;1;2066461612;
TP_15800792604_20260417010300000000024561774;TP_15800792604;476821;26471b345fca2457fdc2fad42b68a662df2b2bfd5e9726286bc4a3ab8448eab8;2,03E+28;1;0;2,03E+28;LL;LL;;Leerlager;2026-04-17 00:56:00;2026-04-17 00:59:00;2026-04-17 01:03:00;2026-04-17 01:15:00;175.0;199.0;229.0;;;17.04.2026 02:05;LL, T09;f5dac61c-39e7-11f1-a720-d38947571cde;1;2066927815;
TP_15801602604_TPS_19202892604;TP_15801602604;670653;df978fcfd43bbb1a91975596ff07da3c119c26aeebc89d82c5611723218f9edd;2,03E+28;0;1;TPS_19202892604;HO2.23;HO2;23.0;VC;2026-04-17 08:01:00;2026-04-17 08:27:00;2026-04-17 08:29:00;2026-04-17 08:40:00;;139.0;;615.0;2312.0;17.04.2026 09:35;HO2, LL, T08;7f17055c-3a26-11f1-bf12-e7148d79140c;1;2067684346;
TP_15802112604_TPS_19263032604;TP_15802112604;476821;26471b345fca2457fdc2fad42b68a662df2b2bfd5e9726286bc4a3ab8448eab8;2,03E+28;1;1;TPS_19263032604;T09.03.01;T09;3.0;RMG;2026-04-16 23:16:00;2026-04-16 23:26:00;2026-04-16 23:40:00;2026-04-16 23:40:00;564.0;860.0;;0.0;1424.0;17.04.2026 00:35;T09;;0;;
TP_15802902604_TPS_19256342604;TP_15802902604;D580289;;2,03E+28;1;1;TPS_19256342604;T06.03.01;T06;3.0;RMG;2026-04-17 00:54:00;2026-04-17 00:54:00;2026-04-17 01:02:00;2026-04-17 01:02:00;0.0;442.0;;0.0;442.0;17.04.2026 02:05;T06;42a72ffa-39e7-11f1-9930-d79204f3713f;1;;
TP_15804922604_TPS_19268192604;TP_15804922604;470623;6654b203f3974ca378019dff33fc13b70405528d49ad2ed6e657b76e8ffaceac;2,03E+28;1;1;TPS_19268192604;HO2.24;HO2;24.0;VC;2026-04-17 08:01:00;2026-04-17 08:12:00;2026-04-17 08:19:00;2026-04-17 08:28:00;623.0;457.0;;522.0;1602.0;17.04.2026 09:35;HO2;f2aae564-3a22-11f1-b040-331607d58dff;1;;
TP_15805192604_TPS_19268852604;TP_15805192604;418995;3540df3960ed4b6a4b44e5f661e6ede717241718da0dc3e271c20f8f3fff18e1;2,03E+28;1;1;TPS_19268852604;T25.01.01;T25;1.0;RMG;2026-04-17 08:30:00;2026-04-17 08:36:00;2026-04-17 08:42:00;2026-04-17 08:48:00;344.0;337.0;;390.0;1071.0;17.04.2026 09:35;T25;ffbdde42-3a26-11f1-ba64-a76b911975f3;1;;
TP_15805242604_TPS_19268902604;TP_15805242604;444224;451cb2c143c786166f62580abc9f8f881c092d4be3c57c4d4f90406a5fc6fa01;2,03E+28;1;1;TPS_19268902604;HO2.23;HO2;23.0;VC;2026-04-17 08:31:00;2026-04-17 08:38:00;2026-04-17 08:43:00;2026-04-17 08:47:00;372.0;308.0;;248.0;928.0;17.04.2026 09:35;HO2;23c5ff86-3a27-11f1-ba82-7be8f0985915;1;;
TP_15805492604_TPS_19263592604;TP_15805492604;582932;364a26937cc8273c83bdb88d60607a290a3e043214adf1f87c8b92c4f3800048;2,03E+28;1;1;TPS_19263592604;T21.03.01;T21;3.0;RMG;2026-04-17 04:01:00;2026-04-17 04:07:00;2026-04-17 04:15:00;2026-04-17 04:26:00;333.0;497.0;;622.0;1452.0;17.04.2026 05:35;T21;6bc9caa4-3a01-11f1-8aaa-b714cdf16253,6bdc62fe-3a01-11f1-8aab-d70d05364329;2;;
TP_15806902604_TPS_19264372604;TP_15806902604;203653;bbf4fd591943fe37313ec4dc5dee0ab6284ea57e226549b3bebcb4362e799b88;2,03E+28;1;1;TPS_19264372604;HO2.21;HO2;21.0;VC;2026-04-17 08:23:00;2026-04-17 08:34:00;2026-04-17 08:42:00;2026-04-17 09:33:00;646.0;485.0;;3057.0;4188.0;17.04.2026 10:35;HO2;f0efd6fa-3a25-11f1-ad60-43c1a599fb01;1;;
TP_15807072604_TPS_19268812604;TP_15807072604;527491;c171973dbb23348f9b780ed71b659ecb07c8e6befb3f19c97e7c1ee58270f08b;2,03E+28;1;1;TPS_19268812604;T24.04.01;T24;4.0;RMG;2026-04-17 08:29:00;2026-04-17 08:35:00;2026-04-17 08:51:00;2026-04-17 09:04:00;353.0;944.0;;746.0;2043.0;17.04.2026 10:05;T24;dbd24fa4-3a26-11f1-b9f1-47d2283d5ea1;1;;
TP_15807592604_TPS_19269942604;TP_15807592604;729030;ef9dd55c13c4a543def9addd004f60f3161f925282f44959286bb5487198aef0;2,03E+28;1;1;TPS_19269942604;T22.03.01;T22;3.0;RMG;2026-04-17 10:09:00;2026-04-17 10:17:00;2026-04-17 10:27:00;2026-04-17 10:34:00;425.0;604.0;;453.0;1482.0;17.04.2026 11:35;T22;d52d56d6-3a34-11f1-9ade-f39d6bed7300,d53f34be-3a34-11f1-9adf-f3e5b7c18c24;2;;
TP_15807822604_TPS_19267532604;TP_15807822604;302096;a6b5283f3efb47c7482d9885ff65f2ae69ce90e8df6b4a064fba5c707d53bfb0;2,03E+28;0;1;TPS_19267532604;HO2.22;HO2;22.0;VC;2026-04-17 10:48:00;2026-04-17 11:38:00;2026-04-17 11:47:00;2026-04-17 11:55:00;;534.0;;471.0;3996.0;17.04.2026 12:35;HO2, T15;337b3140-3a3a-11f1-a8ee-f34b8a36d062;1;2068509348;
TP_15809122604_TPS_19256362604;TP_15809122604;793211;976b24612a709775a14e1e52c4b1e6ce65f0682942b11cb791fc3da42d00faf8;2,03E+28;0;1;TPS_19256362604;HO2.23;HO2;23.0;VC;2026-04-17 10:59:00;2026-04-17 12:00:00;2026-04-17 12:04:00;2026-04-17 12:14:00;;237.0;;604.0;4499.0;17.04.2026 13:06;HO2, T06;44282304-3a44-11f1-9d4a-b78dd67fa2f2;1;2068537214;
TP_15809312604_TPS_19269472604;TP_15809312604;735226;7b1be8987a0da3439481326d072c19beec218ea15fc7423aa6ff385ea2f30e81;2,03E+28;1;1;TPS_19269472604;T23.01.01;T23;1.0;RMG;2026-04-17 08:51:00;2026-04-17 08:57:00;2026-04-17 09:14:00;2026-04-17 09:23:00;358.0;973.0;;565.0;1896.0;17.04.2026 10:05;T23;ef7f350a-3a29-11f1-84f0-d3c436508388;1;;
TP_15810072604_TPS_19265102604;TP_15810072604;421498;bab1d6a168764b6a305be1aeda77a0c972783ec7c526d89155a4ef1065122acf;2,03E+28;1;1;TPS_19265102604;HO2.32;HO2;32.0;VC;2026-04-17 10:31:00;2026-04-17 10:46:00;2026-04-17 10:47:00;2026-04-17 10:56:00;887.0;70.0;;510.0;1467.0;17.04.2026 12:05;HO2;e73d30b4-3a37-11f1-9015-1fb5eab8a328;1;;
TP_15810752604_TPS_19266852604;TP_15810752604;399859;d22211deead18954fa9409aab00895f0f73e9d36b320fe7ca39977512c1dd432;2,03E+28;1;1;TPS_19266852604;HO2.31;HO2;31.0;VC;2026-04-17 09:31:00;2026-04-17 09:38:00;2026-04-17 09:49:00;2026-04-17 09:56:00;389.0;647.0;;427.0;1463.0;17.04.2026 11:06;HO2;8598e86a-3a2f-11f1-97b5-7ff1b480990a;1;;
TP_15810802604_TPS_19202902604;TP_15810802604;244098;25d3807f71dfcaea13785b1294a80c903bfb907298607dcbbda68ad54a0c86d8;2,03E+28;0;1;TPS_19202902604;HO2.35;HO2;35.0;VC;2026-04-17 09:40:00;2026-04-17 10:38:00;2026-04-17 10:41:00;2026-04-17 10:51:00;;190.0;;582.0;4240.0;17.04.2026 11:35;HO2, T13;c95233c8-3a38-11f1-9103-57df9830f62b;1;2068021703;
TP_15811212604_TPS_19269902604;TP_15811212604;771449;462aa1aa087bbeb7a0aec4eae9418f2b5842e54091ddebd90bd93a928322acec;2,03E+28;0;1;TPS_19269902604;HO2.25;HO2;25.0;VC;2026-04-17 10:08:00;2026-04-17 10:52:00;2026-04-17 10:56:00;2026-04-17 11:02:00;;232.0;;392.0;3229.0;17.04.2026 12:05;HO2, T27;a75e35a4-3a34-11f1-9ab6-a3c9fad5c97d;1;2068136022;
TP_15811992604_TPS_19273192604;TP_15811992604;949975;2c99d69bfdcf3fae574c4bf183e6b9bbec06d00f38c6164cd4ffed8e61ade3f6;2,03E+28;0;1;TPS_19273192604;HO2.34;HO2;34.0;VC;2026-04-17 11:39:00;2026-04-17 12:31:00;2026-04-17 12:35:00;2026-04-17 13:00:00;;217.0;;1520.0;4890.0;17.04.2026 14:05;HO2, T19, T22;490f19a2-3a41-11f1-b494-8bc30a4d316b;1;2068723502;
TP_15812052604_TPS_19275122604;TP_15812052604;411339;a9b11debea8e115a5efd664922a4e2561583508cb39862ad87770bceeb5a72c3;2,03E+28;1;1;TPS_19275122604;HO2.25;HO2;25.0;VC;2026-04-17 11:44:00;2026-04-17 12:12:00;2026-04-17 12:17:00;2026-04-17 12:26:00;1645.0;333.0;;512.0;2490.0;17.04.2026 13:35;HO2;1a45ffae-3a42-11f1-9e4f-cfc63602edf3;1;;
TP_15812642604_TPS_19275962604;TP_15812642604;409696;efcdc98bef9b09c1b076f6c5c5f87ec7ec14f42006d49acec860e2fac895c849;2,03E+28;1;1;TPS_19275962604;T13.04.01;T13;4.0;RMG;2026-04-17 13:21:00;2026-04-17 13:26:00;2026-04-17 13:28:00;2026-04-17 13:44:00;291.0;91.0;;965.0;1347.0;17.04.2026 14:35;T13;a6c2a5a6-3a4f-11f1-abdc-476313c3b620;1;;
TP_15812662604_TPS_19276032604;TP_15812662604;553632;db08c3a496dfbcb29aef67b01f58e8487baec8cb4fd6a13dc3bbf050aadf1ee6;2,03E+28;1;1;TPS_19276032604;T13.03.01;T13;3.0;RMG;2026-04-17 13:24:00;2026-04-17 13:31:00;2026-04-17 13:59:00;2026-04-17 14:02:00;411.0;1644.0;;196.0;2251.0;17.04.2026 15:06;T13;125e022e-3a50-11f1-accf-2f6d3f757462,12708f66-3a50-11f1-acd0-1fb3e15648b3;2;;
TP_15812692604_TPS_19202922604;TP_15812692604;339920;fa83aefa87c42a0106227cef58cd1c8d8ef1f180d1c561c8780edcea5db3372d;2,03E+28;0;1;TPS_19202922604;HO2.23;HO2;23.0;VC;2026-04-17 13:32:00;2026-04-17 14:28:00;2026-04-17 14:53:00;2026-04-17 15:34:00;;1481.0;;2443.0;7297.0;17.04.2026 16:35;HO2, T16;f0e1f020-3a58-11f1-9239-eb240ace27d2;1;2069421865;
TP_15814262604_TPS_19276362604;TP_15814262604;267737;db355ba7f99b8084b6e3b117d4df91711401ae8d849125cad4974ec6ee8ed22e;2,03E+28;1;1;TPS_19276362604;T22.01.01;T22;1.0;RMG;2026-04-17 14:01:00;2026-04-17 14:06:00;2026-04-17 14:21:00;2026-04-17 14:34:00;285.0;885.0;;806.0;1976.0;17.04.2026 15:35;T22;3d28a1e4-3a55-11f1-b419-9bfef52feaa2;1;;
TP_15814312604_TPS_19276582604;TP_15814312604;438665;bc935ff19c427c0c977e8317b56da1b6ed55c25c6127be9dcf4861f78d964c9e;2,03E+28;1;1;TPS_19276582604;T14.01.01;T14;1.0;RMG;2026-04-17 14:06:00;2026-04-17 14:13:00;2026-04-17 15:03:00;2026-04-17 15:11:00;396.0;2990.0;;493.0;3879.0;17.04.2026 16:05;T14;eff86052-3a55-11f1-b577-cb3ef86bee59,f00a61ee-3a55-11f1-b578-4b6049d39f1f;2;;
TP_15814362604_TPS_19202932604;TP_15814362604;321043;108349e4b7e9cd7a72835805b6e73aceaa5d4f410db4784e1c2f6c4957a6d5ed;2,03E+28;0;1;TPS_19202932604;HO2.24;HO2;24.0;VC;2026-04-17 14:11:00;2026-04-17 14:38:00;2026-04-17 15:04:00;2026-04-17 15:24:00;;1558.0;;1172.0;4347.0;17.04.2026 16:05;HO2, T16;59e998e2-3a5a-11f1-9279-4baf8d59ff64;1;2069555146;
TP_15814522604_TPS_19272442604;TP_15814522604;821561;4448d61e633d6096f4a3b618873ed1d233df905911165be40d68f5d4d3f44e97;2,03E+28;1;1;TPS_19272442604;T23.04.01;T23;4.0;RMG;2026-04-17 11:54:00;2026-04-17 12:01:00;2026-04-17 12:06:00;2026-04-17 12:17:00;385.0;337.0;;648.0;1370.0;17.04.2026 13:06;T23;77bd5fa0-3a43-11f1-b654-1bc447171757;1;;
TP_15814702604_TPS_19256382604;TP_15814702604;601781;c17eaf20a50bf8a88e48f46ca0619db1648cd3f4a7f02a88be581e089a680d7e;2,03E+28;0;1;TPS_19256382604;HO2.26;HO2;26.0;VC;2026-04-17 12:11:00;2026-04-17 13:08:00;2026-04-17 13:16:00;2026-04-17 13:23:00;;512.0;;384.0;4311.0;17.04.2026 14:05;HO2, T06, T11;b6d0a6fc-3a4d-11f1-9dc3-23410b89c56b;1;2068820213;
TP_15815022604_TPS_19273912604;TP_15815022604;871865;e3702ac68e5ef484a974a7c9eba2c5ed7193d066298b71268199b2e7b8cb086d;2,03E+28;0;1;TPS_19273912604;T15.02.01;T15;2.0;RMG;2026-04-17 12:39:00;2026-04-17 12:56:00;2026-04-17 12:59:00;2026-04-17 13:17:00;;181.0;;1063.0;2259.0;17.04.2026 14:05;T15, T20;c895ce8e-3a49-11f1-a60c-a317838ac3a7;1;;
TP_15815022604_TPS_19273902604;TP_15815022604;871865;e3702ac68e5ef484a974a7c9eba2c5ed7193d066298b71268199b2e7b8cb086d;2,03E+28;1;0;TPS_19273902604;T20.02.01;T20;2.0;RMG;2026-04-17 12:39:00;2026-04-17 12:47:00;2026-04-17 12:53:00;2026-04-17 13:17:00;443.0;348.0;224.0;;;17.04.2026 14:05;T15, T20;c882a48a-3a49-11f1-a60b-9b3a640e8856;1;;
TP_15815192604_TPS_19275442604;TP_15815192604;774479;11380cf0afe5ecb024bf15a326036021d7ae1e6726fb38d0749c4ce607b04d8c;2,03E+28;1;1;TPS_19275442604;T06.01.01;T06;1.0;RMG;2026-04-17 12:57:00;2026-04-17 13:03:00;2026-04-17 13:08:00;2026-04-17 13:18:00;325.0;291.0;;608.0;1224.0;17.04.2026 14:05;T06;4c8af618-3a4c-11f1-b2f9-17db0d0ce1f2;1;;
TP_15815472604_TPS_19278442604;TP_15815472604;216305;2b295fc8baaf647dfc1ad98a3b0fd3faa5da0c77d27bc050bea8bdeab5fa90ab;2,03E+28;1;1;TPS_19278442604;T23.04.01;T23;4.0;RMG;2026-04-17 14:32:00;2026-04-17 14:39:00;2026-04-17 14:53:00;2026-04-17 15:04:00;393.0;833.0;;662.0;1888.0;17.04.2026 16:05;T23;8a34abd2-3a59-11f1-b0f2-4f13ae2780e8,8a46d5be-3a59-11f1-b0f3-c784c5e22be8;2;;
TP_15815602604_TPS_19278952604;TP_15815602604;455631;0edef63abe218374213b2bb46a718072bfe86da8d3004faba797b8ad5d0a6aff;2,03E+28;1;1;TPS_19278952604;T07.02.01;T07;2.0;RMG;2026-04-17 14:43:00;2026-04-17 14:50:00;2026-04-17 15:02:00;2026-04-17 15:14:00;395.0;721.0;;706.0;1822.0;17.04.2026 16:05;T07;1b5318a0-3a5b-11f1-b25a-17fd1001fb78;1;;
TP_15815732604_TPS_19272422604;TP_15815732604;420679;3e475a632f4fed2568feb52c7f086fe4a37187b5286cc5f2d349235f5bc9f1b4;2,03E+28;1;1;TPS_19272422604;T10.03.01;T10;3.0;RMG;2026-04-17 11:53:00;2026-04-17 11:58:00;2026-04-17 12:08:00;2026-04-17 12:14:00;252.0;638.0;;365.0;1255.0;17.04.2026 13:06;T10;5b77f10c-3a43-11f1-b648-ef9400128322;1;;
TP_15816152604_TPS_19276972604;TP_15816152604;449373;63b08c73fa694f51b4562fea1827e2ffef114552f708bd0a59cbd42451eda0fe;2,03E+28;1;1;TPS_19276972604;T21.03.01;T21;3.0;RMG;2026-04-17 13:08:00;2026-04-17 13:13:00;2026-04-17 13:18:00;2026-04-17 13:23:00;285.0;258.0;;302.0;845.0;17.04.2026 14:05;T21;d633df3c-3a4d-11f1-b512-c302607984e6;1;;
TP_15816392604_TPS_19202912604;TP_15816392604;699248;51cb042d193ebefb5e7f6741ec71f17c9d87ee4ff49449f3df5c950c8894acf4;2,03E+28;0;1;TPS_19202912604;HO2.23;HO2;23.0;VC;2026-04-17 13:48:00;2026-04-17 14:12:00;2026-04-17 14:19:00;2026-04-17 14:25:00;;374.0;;406.0;2253.0;17.04.2026 15:06;HO2, T11;bd454552-3a56-11f1-920b-630d5838ee9c;1;2069481920;
TP_15816982604_TPS_19278882604;TP_15816982604;376381;1d78f41fba777df2bedf78e6efafa365c3273728ef8929f17a245a9788437d6d;2,03E+28;1;1;TPS_19278882604;T06.01.01;T06;1.0;RMG;2026-04-17 14:40:00;2026-04-17 14:45:00;2026-04-17 14:57:00;2026-04-17 15:07:00;297.0;693.0;;592.0;1582.0;17.04.2026 16:05;T06;afe7d3e4-3a5a-11f1-b210-977bba4165ed;1;;
TP_15817722604_20260417154318000000024582437;TP_15817722604;211563;e855f7107e246380d1babbec14175a3bbf17ca14022337760a60a22394a565e8;2,03E+28;1;1;2,03E+28;LL;LL;;Leerlager;2026-04-17 15:32:00;2026-04-17 15:38:00;2026-04-17 15:43:00;2026-04-17 15:48:00;337.0;282.0;;320.0;939.0;17.04.2026 16:35;LL;caba5175-3a62-11f1-a720-d38947571cde;1;;
TP_15818612604_TPS_19281792604;TP_15818612604;478756;9f8787db98bf4b32649973d9ad88231d50f88d0a5fb9161a19930bb4911c335d;2,03E+28;1;1;TPS_19281792604;T07.02.01;T07;2.0;RMG;2026-04-17 15:58:00;2026-04-17 16:10:00;2026-04-17 16:24:00;2026-04-17 16:30:00;665.0;893.0;;344.0;1902.0;17.04.2026 17:35;T07;9612cfea-3a65-11f1-a7c5-17ba87007c74;1;;
TP_15819532604_TPS_19278632604;TP_15819532604;987094;78bcf670c900e7b0c4c4ab2d5892c805ca0817d1297f7e56377de0416086e15c;2,03E+28;0;1;TPS_19278632604;T10.03.01;T10;3.0;RMG;2026-04-17 14:35:00;2026-04-17 15:37:00;2026-04-17 15:41:00;2026-04-17 15:51:00;;223.0;;615.0;4526.0;17.04.2026 16:35;HO2, T10;fdba514c-3a59-11f1-b144-a7be3f976e79;1;;
TP_15819532604_TPS_19278622604;TP_15819532604;987094;78bcf670c900e7b0c4c4ab2d5892c805ca0817d1297f7e56377de0416086e15c;2,03E+28;1;0;TPS_19278622604;HO2.27;HO2;27.0;VC;2026-04-17 14:35:00;2026-04-17 15:29:00;2026-04-17 15:32:00;2026-04-17 15:51:00;3194.0;175.0;319.0;;;17.04.2026 16:35;HO2, T10;fda85f0a-3a59-11f1-b143-57157786c693;1;;
TP_15819852604_TPS_19280372604;TP_15819852604;687210;7367b460fed88134dd67b0834f251fc56a21cb8dfb660e16fa7ab1275f85d434;2,03E+28;1;1;TPS_19280372604;T27.02.01;T27;2.0;RMG;2026-04-17 15:33:00;2026-04-17 15:47:00;2026-04-17 15:52:00;2026-04-17 16:03:00;840.0;248.0;;668.0;1756.0;17.04.2026 17:06;T27;17538cec-3a62-11f1-a4a8-8f05824d8966;1;;
TP_15819872604_TPS_19280662604;TP_15819872604;203308;4000bd139d7bca600a0294ac7854ae206b41bce3114a4b3b84763db7accff3d5;2,03E+28;1;1;TPS_19280662604;T25.02.01;T25;2.0;RMG;2026-04-17 15:37:00;2026-04-17 15:49:00;2026-04-17 16:02:00;2026-04-17 16:12:00;665.0;790.0;;629.0;2084.0;17.04.2026 17:06;T25;a6596dee-3a62-11f1-a559-832aa9dc47f2,a66cfeae-3a62-11f1-a55a-c3fe3d6f0d06;2;;
TP_15820062604_TPS_19281772604;TP_15820062604;479676;2dd7a82bb650422e3e663e139f0b4810dc2180dcea7cfbfff12808207221d9de;2,03E+28;0;0;TPS_19281772604;HO2.22;HO2;22.0;VC;2026-04-17 15:58:00;2026-04-17 16:56:00;2026-04-17 17:02:00;2026-04-17 17:22:00;;340.0;362.0;;;17.04.2026 18:05;HO2, T06, T08;8e11eb8c-3a65-11f1-a7bc-138b7d30ba7a;1;2069904342;
TP_15820082604_TPS_19281992604;TP_15820082604;793907;adb864f93d5a5ea0835dca912eb19b3e8d8eba4bab95f3da1619a3c95d061d2f;2,03E+28;0;1;TPS_19281992604;HO2.28;HO2;28.0;VC;2026-04-17 16:06:00;2026-04-17 17:28:00;2026-04-17 17:43:00;2026-04-17 17:50:00;;864.0;;460.0;6231.0;17.04.2026 18:35;HO2, T06, T11;b03c69fc-3a66-11f1-a8cd-9f2a6ddd1274;1;2069911260;
TP_15821192604_TPS_19280742604;TP_15821192604;884497;f856ef6ada582a03d997fde3fb6e40efffce2f9e5e50383b3e565db2050b4e13;2,03E+28;1;1;TPS_19280742604;T21.04.01;T21;4.0;RMG;2026-04-17 15:38:00;2026-04-17 15:53:00;2026-04-17 16:07:00;2026-04-17 16:31:00;880.0;819.0;;1469.0;3168.0;17.04.2026 17:35;T21;ca796e36-3a62-11f1-a580-5fe09af6ceeb;1;;
TP_15821682604_TPS_19283682604;TP_15821682604;789496;02a34ccdbb79fadcd157c247178eee592d11975c6392bcb9c46f04f4b458124b;2,03E+28;1;1;TPS_19283682604;HO2.22;HO2;22.0;VC;2026-04-17 16:37:00;2026-04-17 17:10:00;2026-04-17 17:15:00;2026-04-17 17:26:00;1932.0;312.0;;692.0;2936.0;17.04.2026 18:05;HO2;0858c050-3a6b-11f1-a333-930fa581abf6;1;;
TP_15822252604_TPS_19287132604;TP_15822252604;834962;8b20b52fd7e0ed6776c6ebb0be427b08d3bff1cd5ac9352cfaed44ac75d11e69;2,03E+28;0;1;TPS_19287132604;T22.04.01;T22;4.0;RMG;2026-04-17 18:22:00;2026-04-17 18:55:00;2026-04-17 18:58:00;2026-04-17 19:04:00;;163.0;;378.0;2481.0;17.04.2026 20:05;LL, T22;b38ca686-3a79-11f1-b77d-6fccb99654e4;1;;
TP_15822252604_20260417184629000000024589270;TP_15822252604;834962;8b20b52fd7e0ed6776c6ebb0be427b08d3bff1cd5ac9352cfaed44ac75d11e69;2,03E+28;1;0;2,03E+28;LL;LL;;Leerlager;2026-04-17 18:22:00;2026-04-17 18:26:00;2026-04-17 18:46:00;2026-04-17 19:04:00;217.0;1193.0;530.0;;;17.04.2026 20:05;LL, T22;346955b7-3a7c-11f1-a720-d38947571cde;1;;
TP_15822332604_TPS_19287402604;TP_15822332604;838137;744fe2b468bf5d428dff4b7c4ed53202ec49448929b8cb7f58955c8af1d0ec85;2,03E+28;0;1;TPS_19287402604;HO2.28;HO2;28.0;VC;2026-04-17 18:33:00;2026-04-17 19:45:00;2026-04-17 19:50:00;2026-04-17 20:02:00;;269.0;;722.0;5294.0;17.04.2026 21:09;HO2, T27;363b2944-3a7b-11f1-b9b3-2b658b738a1f;1;2070405781;
TP_15822382604_TPS_19287602604;TP_15822382604;704701;edbe851716f65067e69bf5210f6dbbb9e8724cc8b438c053b1d63619fb18fb88;2,03E+28;0;1;TPS_19287602604;T20.02.01;T20;2.0;RMG;2026-04-17 18:41:00;2026-04-17 19:02:00;2026-04-17 19:07:00;2026-04-17 19:13:00;;252.0;;401.0;1905.0;17.04.2026 20:05;LL, T20;5b1f61a2-3a7c-11f1-ba47-53e3d998c861;1;;
TP_15822382604_20260417185622000000024589280;TP_15822382604;704701;edbe851716f65067e69bf5210f6dbbb9e8724cc8b438c053b1d63619fb18fb88;2,03E+28;1;0;2,03E+28;LL;LL;;Leerlager;2026-04-17 18:41:00;2026-04-17 18:48:00;2026-04-17 18:56:00;2026-04-17 19:13:00;414.0;449.0;389.0;;;17.04.2026 20:05;LL, T20;79a909b3-3a7d-11f1-a720-d38947571cde;1;;
TP_15823532604_TPS_19282482604;TP_15823532604;426137;b602a92fa8f2ef4c2869fc9f9d4f499b61702c95ae428aed3c1cb2c9158c7e13;2,03E+28;1;1;TPS_19282482604;T19.02.01;T19;2.0;RMG;2026-04-17 17:26:00;2026-04-17 17:31:00;2026-04-17 17:33:00;2026-04-17 17:41:00;251.0;137.0;;456.0;844.0;17.04.2026 18:35;T19;e0cefa5c-3a71-11f1-b514-b34827fabdb5;1;;
TP_15824072604_TPS_19279182604;TP_15824072604;996162;1c5de1c070825b4eb48620e67e2f4c8b4494fbf52144c25233e1d624de32b6be;2,03E+28;0;1;TPS_19279182604;HO2.30;HO2;30.0;VC;2026-04-17 18:54:00;2026-04-17 19:35:00;2026-04-17 19:41:00;2026-04-17 19:49:00;;363.0;;438.0;3296.0;17.04.2026 20:35;HO2, T13;0afec12a-3a7e-11f1-b5aa-cf4a3a99da4a;1;2070435418;
TP_15824172604_TPS_19256432604;TP_15824172604;843090;b60cfe0be9bb9c66a1d7bd8ec400e64c4f04ae435cf60130b3559ba7daaef975;2,03E+28;0;1;TPS_19256432604;HO2.25;HO2;25.0;VC;2026-04-17 19:43:00;2026-04-17 21:04:00;2026-04-17 21:08:00;2026-04-17 21:15:00;;228.0;;445.0;5534.0;17.04.2026 22:05;HO2, T17;;0;2070529018;
TP_15824832604_TPS_19286072604;TP_15824832604;281521;b31650c723de94a173f5b7fe70d86da09004a8235b5e38b39c70caefd6c0d904;2,03E+28;0;1;TPS_19286072604;T21.01.01;T21;1.0;RMG;2026-04-17 18:04:00;2026-04-17 18:29:00;2026-04-17 18:35:00;2026-04-17 18:42:00;;362.0;;397.0;2244.0;17.04.2026 19:09;LL, T21;2fece0a4-3a77-11f1-a6fe-b738fd1d8278;1;;
TP_15824832604_20260417181851000000024589247;TP_15824832604;281521;b31650c723de94a173f5b7fe70d86da09004a8235b5e38b39c70caefd6c0d904;2,03E+28;1;0;2,03E+28;LL;LL;;Leerlager;2026-04-17 18:04:00;2026-04-17 18:10:00;2026-04-17 18:18:00;2026-04-17 18:42:00;306.0;527.0;652.0;;;17.04.2026 19:09;LL, T21;4f2112a2-3a78-11f1-a720-d38947571cde,5137bda3-3a78-11f1-a720-d38947571cde;2;;
TP_15824902604_TPS_19287292604;TP_15824902604;907321;3c2c305d70325c6035df4e525bbd6ea46cc4bac5e20948b6cd7ef22266b3414d;2,03E+28;1;1;TPS_19287292604;T09.02.01;T09;2.0;RMG;2026-04-17 18:29:00;2026-04-17 18:32:00;2026-04-17 18:35:00;2026-04-17 18:38:00;179.0;174.0;;137.0;490.0;17.04.2026 19:09;T09;ad92302e-3a7a-11f1-b8ad-0f4dd6242020;1;;
TP_15825022604_TPS_19282532604;TP_15825022604;500049;ac4990c1751f5c42b60709d20378a3c585bebf6d62baaa91abe894182cd651d3;2,03E+28;1;1;TPS_19282532604;T17.02.01;T17;2.0;RMG;2026-04-17 19:20:00;2026-04-17 19:33:00;2026-04-17 19:38:00;2026-04-17 19:48:00;739.0;312.0;;592.0;1643.0;17.04.2026 20:35;T17;cdbefb82-3a81-11f1-b645-2b892d356bc5;1;;
TP_15825272604_TPS_19289962604;TP_15825272604;490696;f6695cf6b097772a0b5af30ab7fdfd04320bc125be8c9c624839fb73b368f38d;2,03E+28;1;1;TPS_19289962604;HO2.28;HO2;28.0;VC;2026-04-17 22:04:00;2026-04-17 22:09:00;2026-04-17 22:11:00;2026-04-17 22:19:00;298.0;72.0;;508.0;878.0;17.04.2026 23:06;HO2;b6b1492e-3a98-11f1-9938-0fe5b9035842;1;;
TP_15825322604_20260417223229000000024595971;TP_15825322604;967195;bc323c3faec1e5fa1e631d9c4d4789416799008bd3ef48f00da46226783bf32a;2,03E+28;1;1;2,03E+28;LL;LL;;Leerlager;2026-04-17 22:21:00;2026-04-17 22:27:00;2026-04-17 22:32:00;2026-04-17 22:37:00;318.0;312.0;;284.0;914.0;17.04.2026 23:35;LL;e366c1cc-3a9b-11f1-a720-d38947571cde,e805502d-3a9b-11f1-a720-d38947571cde;2;;
TP_15826592604_TPS_19202972604;TP_15826592604;914265;41007118d617b438e0cd1912e67f58735af9376b6405432add19ad2464d7a6f8;2,03E+28;1;1;TPS_19202972604;T20.03.01;T20;3.0;RMG;2026-04-18 06:43:00;2026-04-18 06:58:00;2026-04-18 07:06:00;2026-04-18 08:16:00;886.0;524.0;;4166.0;5576.0;18.04.2026 09:06;T20;9c945ce0-3ae1-11f1-9a94-975e387a3abb;1;2071230340;
TP_15827302604_TPS_19202952604;TP_15827302604;229128;6ecdeee8cc6588e51b9185ea0ad94cff4b3864774e9c05c062c844b9162f9b7a;2,03E+28;0;0;TPS_19202952604;HO2.22;HO2;22.0;VC;2026-04-18 05:14:00;2026-04-18 06:32:00;2026-04-18 07:07:00;2026-04-18 07:30:00;;2107.0;319.0;;;18.04.2026 08:35;HO2, T16;9a5cae6a-3ad6-11f1-9a29-cfad2e96d52d;1;2071152712;
TP_15828762604_TPS_19293692604;TP_15828762604;647153;771464824400be0a45ea30374c5085e888a46e099281c8f68e9e097bd7ea2315;2,03E+28;0;1;TPS_19293692604;HO2.26;HO2;26.0;VC;2026-04-18 07:19:00;2026-04-18 07:38:00;2026-04-18 07:59:00;2026-04-18 08:14:00;;1290.0;;862.0;3251.0;18.04.2026 09:06;HO2, LL;3edfe2ae-3ae6-11f1-a71b-4704cda292be;1;;
TP_15828762604_20260418073020000000024609311;TP_15828762604;647153;771464824400be0a45ea30374c5085e888a46e099281c8f68e9e097bd7ea2315;2,03E+28;1;0;2,03E+28;LL;LL;;Leerlager;2026-04-18 07:19:00;2026-04-18 07:25:00;2026-04-18 07:30:00;2026-04-18 08:14:00;313.0;308.0;478.0;;;18.04.2026 09:06;HO2, LL;11f4105f-3ae7-11f1-a720-d38947571cde;1;;
TP_15847622604_TPS_19306592604;TP_15847622604;866354;f8c6cc70273729f79b09083dd2e6e40de1eb9a5b9beaeaec80c242104e2b3241;2,03E+28;1;1;TPS_19306592604;T20.02.01;T20;2.0;RMG;2026-04-20 07:18:00;2026-04-20 07:26:00;2026-04-20 07:29:00;2026-04-20 07:48:00;430.0;212.0;;1102.0;1744.0;20.04.2026 08:35;T20;6ff6c05e-3c78-11f1-a3b5-9badef1e2815;1;;
TP_15848162604_TPS_19304982604;TP_15848162604;521305;54e67a54d8ac605466985adb3992a3f554e282f71d333d0fdf56592fe5704535;2,03E+28;0;1;TPS_19304982604;HO2.23;HO2;23.0;VC;2026-04-20 06:58:00;2026-04-20 07:32:00;2026-04-20 07:42:00;2026-04-20 07:54:00;;630.0;;722.0;3377.0;20.04.2026 09:06;HO2, T10;3bc0939e-3c7a-11f1-b357-e785496ac233;1;2075619967;
TP_15849092604_TPS_19304992604;TP_15849092604;706467;19545fead7f21b8bd84a746327836d3822c808ce30ae0e053c1698ad16fd18cb;2,03E+28;0;1;TPS_19304992604;HO2.31;HO2;31.0;VC;2026-04-20 07:21:00;2026-04-20 07:38:00;2026-04-20 07:47:00;2026-04-20 07:57:00;;519.0;;602.0;2176.0;20.04.2026 09:06;HO2, T10;25e21ccc-3c7b-11f1-b359-3362e062d7d3;1;2075731557;
TP_15849592604_TPS_19308512604;TP_15849592604;784405;12d26685a5992efb262f61ea539e76efd83d6d5b2e6050c1a9bc8d83c7f9f527;2,03E+28;0;1;TPS_19308512604;T22.04.01;T22;4.0;RMG;2026-04-20 09:45:00;2026-04-20 10:28:00;2026-04-20 10:39:00;2026-04-20 10:48:00;;655.0;;571.0;3758.0;20.04.2026 11:35;LL, T22;f96fdfe6-3c8c-11f1-b95a-531656c5865b;1;;
TP_15849592604_20260420100557000000024696686;TP_15849592604;784405;12d26685a5992efb262f61ea539e76efd83d6d5b2e6050c1a9bc8d83c7f9f527;2,03E+28;1;0;2,03E+28;LL;LL;;Leerlager;2026-04-20 09:45:00;2026-04-20 09:54:00;2026-04-20 10:05:00;2026-04-20 10:48:00;504.0;694.0;1334.0;;;20.04.2026 11:35;LL, T22;68f07ed2-3c8e-11f1-a720-d38947571cde;1;;
TP_15849732604_TPS_19313942604;TP_15849732604;959023;dc9fd73fe42e3fc09e27ab29a96c33bfc9fe64259a9f37598b1e129ba3ffdb14;2,03E+28;0;1;TPS_19313942604;HO2.30;HO2;30.0;VC;2026-04-20 10:46:00;2026-04-20 11:13:00;2026-04-20 11:15:00;2026-04-20 11:26:00;;148.0;;631.0;2364.0;20.04.2026 12:35;HO2, LL, T11;28a82c80-3c99-11f1-ba32-6faac9818235;1;2076413160;
TP_15849882604_TPS_19317142604;TP_15849882604;796941;bfd7b60f5f859eb0f16017b2dd1e5db52822bf866356a8c474f4742719893675;2,03E+28;0;1;TPS_19317142604;HO2.25;HO2;25.0;VC;2026-04-20 11:22:00;2026-04-20 13:09:00;2026-04-20 13:12:00;2026-04-20 13:23:00;;201.0;;651.0;7245.0;20.04.2026 14:05;HO2, T12, T14;845b9b7e-3c9a-11f1-a7c1-bbba475e3a5c;1;2076610562;
TP_15850102604_TPS_19313952604;TP_15850102604;262952;96de61fb4de0f10a6872f78069628fd051511b0b43ed12e97a6ba718a7d7a157;2,03E+28;0;1;TPS_19313952604;HO2.24;HO2;24.0;VC;2026-04-20 12:41:00;2026-04-20 14:05:00;2026-04-20 14:11:00;2026-04-20 14:16:00;;344.0;;338.0;5745.0;20.04.2026 15:06;HO2, T13;33ebe2ae-3cb1-11f1-bc41-130fca370e4d;1;2077028476;
TP_15850272604_TPS_19304622604;TP_15850272604;452503;fa4a98c0626b5f8f4fadfc7e683a81e980f6095c382532c4cdbcc8904643f78e;2,03E+28;1;1;TPS_19304622604;HO2.26;HO2;26.0;VC;2026-04-20 07:32:00;2026-04-20 07:45:00;2026-04-20 07:51:00;2026-04-20 08:05:00;772.0;367.0;;783.0;1922.0;20.04.2026 09:06;HO2;651662a0-3c7a-11f1-9961-9f75a7c355dd;1;;
TP_15850632604_TPS_19313932604;TP_15850632604;917857;8533caa53dd00e0d635192c7e23ac179fed6bc79fbb906ed416b4cfaa7912d2d;2,03E+28;0;1;TPS_19313932604;HO2.29;HO2;29.0;VC;2026-04-20 09:06:00;2026-04-20 10:05:00;2026-04-20 10:31:00;2026-04-20 15:33:00;;1587.0;;18100.0;23204.0;20.04.2026 16:35;HO2, T27;a3de065e-3c8f-11f1-ba11-cbea6930d157;1;2075954898;
TP_15851572604_TPS_19310102604;TP_15851572604;515053;7756bdab8008685d403ecd0c39d578cc612a3f978e894e57fac95edb6c476164;2,03E+28;0;1;TPS_19310102604;HO2.25;HO2;25.0;VC;2026-04-20 07:36:00;2026-04-20 08:07:00;2026-04-20 08:13:00;2026-04-20 08:20:00;;349.0;;415.0;2615.0;20.04.2026 09:06;HO2, T07;27d03286-3c7f-11f1-b265-43889ee6f1cc;1;2075765767;
TP_15851652604_TPS_19308902604;TP_15851652604;277082;6b3ed9b052a882c8b0c41fc8c1add0ad2e2809cec5969e34076914360266772f;2,03E+28;1;1;TPS_19308902604;T22.03.01;T22;3.0;RMG;2026-04-20 07:38:00;2026-04-20 07:45:00;2026-04-20 07:49:00;2026-04-20 07:56:00;372.0;252.0;;448.0;1072.0;20.04.2026 09:06;T22;3b59ec42-3c7b-11f1-98db-1f008762bf57;1;;
TP_15851962604_TPS_19309522604;TP_15851962604;608966;903ecb38a62113a4e218b65bc5b92e4322a5b99193f152f9db87103d0b290181;2,03E+28;1;1;TPS_19309522604;T09.02.01;T09;2.0;RMG;2026-04-20 08:06:00;2026-04-20 08:12:00;2026-04-20 08:20:00;2026-04-20 08:28:00;301.0;488.0;;507.0;1296.0;20.04.2026 09:35;T09;24d93c1c-3c7f-11f1-9d85-c3afed8cb968,24e77192-3c7f-11f1-9d86-d70c95f3e085;2;;
TP_15852012604_TPS_19309602604;TP_15852012604;493974;b50ca8e8bdf50f166d48d4425c4fb02397b8ed416b079bdc134184cfe55c425f;2,03E+28;0;1;TPS_19309602604;HO2.21;HO2;21.0;VC;2026-04-20 08:12:00;2026-04-20 08:54:00;2026-04-20 09:02:00;2026-04-20 09:12:00;;456.0;;585.0;3557.0;20.04.2026 10:05;HO2, T17, T24;f170f0e4-3c7f-11f1-9e29-47b6869d6858;1;2075841406;
TP_15852732604_TPS_19310172604;TP_15852732604;343914;0199891ef5f0e6e81719ed0e348300798743cb7f78f061441f0996a31596d1c5;2,03E+28;0;1;TPS_19310172604;T14.02.01;T14;2.0;RMG;2026-04-20 10:33:00;2026-04-20 12:16:00;2026-04-20 12:23:00;2026-04-20 12:29:00;;366.0;;366.0;6910.0;20.04.2026 13:35;T14;066f2c3c-3ca2-11f1-b4dc-83a49eba8a4b;1;;
TP_15852732604_TPS_19316752604;TP_15852732604;343914;0199891ef5f0e6e81719ed0e348300798743cb7f78f061441f0996a31596d1c5;2,03E+28;1;0;TPS_19316752604;T14.04.01;T14;4.0;RMG;2026-04-20 10:33:00;2026-04-20 10:38:00;2026-04-20 11:20:00;2026-04-20 12:29:00;242.0;2521.0;3415.0;;;20.04.2026 13:35;T14;ad882fd2-3c93-11f1-b783-5bf8ad28d76b;1;;
TP_15852822604_TPS_19310112604;TP_15852822604;D585281;;2,03E+28;1;1;TPS_19310112604;HO2.28;HO2;28.0;VC;2026-04-20 08:26:00;2026-04-20 08:26:00;2026-04-20 08:28:00;2026-04-20 08:28:00;1.0;169.0;;0.0;170.0;20.04.2026 09:35;HO2;d14bb55e-3c81-11f1-b27d-83b7adf139dc;1;;
TP_15855092604_TPS_19318672604;TP_15855092604;669515;e4a3778691d1ecfa6ab4865190d9295d1d6b609d345a41790388d7ef0a482a4e;2,03E+28;1;1;TPS_19318672604;T13.01.01;T13;1.0;RMG;2026-04-20 12:35:00;2026-04-20 12:42:00;2026-04-20 13:04:00;2026-04-20 13:13:00;363.0;1345.0;;567.0;2275.0;20.04.2026 14:05;T13;b8c847b8-3ca4-11f1-b2e1-1f99e492045d;1;;
TP_15855302604_TPS_19323112604;TP_15855302604;920032;eafee3b8a16a077d5c3821cb547bbde1b746b4b6a8c9ffaef28eba3e133da204;2,03E+28;0;1;TPS_19323112604;HO2.25;HO2;25.0;VC;2026-04-20 14:28:00;2026-04-20 16:20:00;2026-04-20 16:26:00;2026-04-20 16:33:00;;374.0;;433.0;7528.0;20.04.2026 17:35;HO2, T21, T27;67b2acd2-3cb4-11f1-b32a-efae51e57dec;1;2077406001;
TP_15855412604_TPS_19311662604;TP_15855412604;835072;7ca793187b15140c174cefaf863f61c6f77c63d1abd3c918a5f12ea6798a9e14;2,03E+28;0;0;TPS_19311662604;HO2.28;HO2;28.0;VC;2026-04-20 08:41:00;2026-04-20 10:12:00;2026-04-20 10:14:00;2026-04-20 10:36:00;;168.0;343.0;;;20.04.2026 11:35;HO2, T12, T13;ebefc678-3c83-11f1-a58a-9f3303b4f812;1;2075898131;
TP_15856302604_TPS_19316002604;TP_15856302604;778316;98843a9e3f9d2b62504bd036bba95f07c6bcedca097b283213105defec483c44;2,03E+28;1;1;TPS_19316002604;T21.04.01;T21;4.0;RMG;2026-04-20 13:03:00;2026-04-20 13:13:00;2026-04-20 13:17:00;2026-04-20 13:27:00;547.0;240.0;;650.0;1437.0;20.04.2026 14:35;T21;a2899e44-3ca8-11f1-a1b6-175b205191dc;1;;
TP_15856322604_TPS_19313962604;TP_15856322604;208663;073da997af2b3ba011ae4c4181b77c972ce63abfd921c0044b90b00080ae0cb8;2,03E+28;0;1;TPS_19313962604;HO2.27;HO2;27.0;VC;2026-04-20 13:06:00;2026-04-20 14:17:00;2026-04-20 14:20:00;2026-04-20 14:33:00;;166.0;;772.0;5224.0;20.04.2026 15:35;HO2, T10;e403db00-3cb2-11f1-bc5f-7bbaf9054687;1;2077130973;
TP_15856932604_TPS_19309722604;TP_15856932604;659876;d2373879479377db00a89dc9f7548d4d425c8ee1fd4e88d4558fdf53a927a145;2,03E+28;0;1;TPS_19309722604;HO2.32;HO2;32.0;VC;2026-04-20 11:02:00;2026-04-20 13:14:00;2026-04-20 13:20:00;2026-04-20 13:32:00;;352.0;;722.0;9008.0;20.04.2026 14:35;HO2, T13;acff213e-3c97-11f1-bc57-67cb8d40d63f;1;2076460161;
TP_15857142604_TPS_19317892604;TP_15857142604;236080;ec376ef18261ce63cb8c16604e30035f544878f6ff6543f201e2493a2209edd6;2,03E+28;1;1;TPS_19317892604;T17.03.01;T17;3.0;RMG;2026-04-20 11:17:00;2026-04-20 11:27:00;2026-04-20 11:41:00;2026-04-20 11:48:00;575.0;851.0;;413.0;1839.0;20.04.2026 12:35;T17;d3087284-3c99-11f1-9da3-1313b706e5ec;1;;
TP_15857252604_TPS_19317362604;TP_15857252604;906666;72ca0916775afaf3cf6b4f82c0e8f98eb6437487c5b4d9a99a2d2fc642f3cf96;2,03E+28;1;1;TPS_19317362604;T21.01.01;T21;1.0;RMG;2026-04-20 11:31:00;2026-04-20 11:37:00;2026-04-20 11:44:00;2026-04-20 11:48:00;316.0;408.0;;272.0;996.0;20.04.2026 12:35;T21;c7efd1f6-3c9b-11f1-a93f-33e58bfb1401;1;;
TP_15857402604_TPS_19317712604;TP_15857402604;859292;8de5e82bcd5535fbe6e56ab005a7fae5d169875c4999b8b691fae650d73f1a25;2,03E+28;1;1;TPS_19317712604;T14.03.01;T14;3.0;RMG;2026-04-20 11:39:00;2026-04-20 11:44:00;2026-04-20 12:06:00;2026-04-20 12:18:00;246.0;1357.0;;693.0;2296.0;20.04.2026 13:06;T14;e61bd71e-3c9c-11f1-abb5-97e6554585df;1;;
TP_15857472604_TPS_19318162604;TP_15857472604;487721;3220dc73228ceefb47f303192e6c07a945667bb3bff259cb0aa00da606399c7d;2,03E+28;0;0;TPS_19318162604;HO2.34;HO2;34.0;VC;2026-04-20 11:48:00;2026-04-20 15:26:00;2026-04-20 15:31:00;2026-04-20 16:26:00;;280.0;1195.0;;;20.04.2026 17:35;HO2, T08, T10;0936b4ac-3c9e-11f1-a6a2-d789ce4a0689;1;2076784006;
TP_15857682604_TPS_19319382604;TP_15857682604;579086;16a8e7ff7c1dfca8a1e33322045433413b7e5ab4d2505435e766e0942001d8ad;2,03E+28;1;1;TPS_19319382604;T20.04.01;T20;4.0;RMG;2026-04-20 12:33:00;2026-04-20 12:42:00;2026-04-20 12:54:00;2026-04-20 13:03:00;505.0;704.0;;582.0;1791.0;20.04.2026 14:05;T20;7121c100-3ca4-11f1-bccc-b3d083ffbd6d,712e0848-3ca4-11f1-bccd-2fb6670976fd;2;;
TP_15861822604_TPS_19310182604;TP_15861822604;266230;21ccab8efde88b5798d1d24961778a1812eb81ba91fa2c21639b64388ecd77fb;2,03E+28;0;1;TPS_19310182604;HO2.26;HO2;26.0;VC;2026-04-20 13:29:00;2026-04-20 14:58:00;2026-04-20 15:17:00;2026-04-20 15:28:00;;1152.0;;680.0;7187.0;20.04.2026 16:35;HO2, T22;0c2537f0-3cae-11f1-b614-870036415fce;1;2077185115;
TP_15862642604_TPS_19323462604;TP_15862642604;738831;9535a899de7bcd8342357240fdc1737bf753541426db1730cd39bd7137b44fbb;2,03E+28;1;1;TPS_19323462604;T21.02.01;T21;2.0;RMG;2026-04-20 15:19:00;2026-04-20 15:33:00;2026-04-20 15:46:00;2026-04-20 15:58:00;804.0;797.0;;716.0;2317.0;20.04.2026 17:06;T21;9cab34a2-3cbb-11f1-be74-27a40be94a52;1;;
TP_15862662604_TPS_19310222604;TP_15862662604;542660;cc97af006cfee7e82077ef5cfeed9dc07f741484ea36e8ba30a78bfc1b6fb144;2,03E+28;0;1;TPS_19310222604;HO2.30;HO2;30.0;VC;2026-04-20 15:33:00;2026-04-20 17:13:00;2026-04-20 17:16:00;2026-04-20 20:21:00;;223.0;;11067.0;17279.0;20.04.2026 21:09;HO2, T21;68ccfdc2-3ccb-11f1-b94c-3fc184cab6ec;1;2077568717;
TP_15864002604_TPS_19329362604;TP_15864002604;898506;231c07e76d0720823336bac7ec0a2b1bae6fe7f8ba07226f8f1a2c4424616cce;2,03E+28;1;1;TPS_19329362604;T13.03.01;T13;3.0;RMG;2026-04-20 17:46:00;2026-04-20 18:05:00;2026-04-20 18:26:00;2026-04-20 18:32:00;1087.0;1282.0;;353.0;2722.0;20.04.2026 19:09;T13;2b1abf32-3cd0-11f1-b8ae-dbeb1bacf55b;1;;
TP_15864102604_TPS_19328772604;TP_15864102604;388049;26143fc612c46e0e3ebf13fd38ea3ce390928bcfff7a92bbc88eaf41bdbc8640;2,03E+28;1;1;TPS_19328772604;T09.03.01;T09;3.0;RMG;2026-04-20 18:04:00;2026-04-20 18:19:00;2026-04-20 18:24:00;2026-04-20 18:49:00;868.0;316.0;;1467.0;2651.0;20.04.2026 19:09;T09;aed2b972-3cd2-11f1-ba08-c7bcdcf64f44;1;;
TP_15865462604_TPS_19310262604;TP_15865462604;258606;584a3cc72b35174cd79ce1e54f275486c9175501bc57f1c44d3be66efa94eb85;2,03E+28;0;1;TPS_19310262604;HO2.33;HO2;33.0;VC;2026-04-20 17:32:00;2026-04-20 18:50:00;2026-04-20 18:55:00;2026-04-20 19:02:00;;296.0;;435.0;5434.0;20.04.2026 20:05;HO2, T10;fe93f88a-3cd8-11f1-b9e1-378304581425;1;2078000179;
TP_15865692604_TPS_19321382604;TP_15865692604;992007;8ec765af8ccb48bb3385dec74080bbb1303c053c57ff80fea0870fffafe422a9;2,03E+28;0;1;TPS_19321382604;HO2.24;HO2;24.0;VC;2026-04-20 14:51:00;2026-04-20 16:16:00;2026-04-20 16:27:00;2026-04-20 16:35:00;;698.0;;465.0;6278.0;20.04.2026 17:35;HO2, T16;9892292e-3cb7-11f1-b9d0-bf0ad49ecd64;1;2077461098;
TP_15865782604_TPS_19323712604;TP_15865782604;478304;b558a0af6d71fbae313d8aabca0aaebcb3af74074271fe276ec9d55f0dc9790e;2,03E+28;1;1;TPS_19323712604;T12.02.01;T12;2.0;RMG;2026-04-20 15:37:00;2026-04-20 15:43:00;2026-04-20 15:53:00;2026-04-20 16:01:00;344.0;595.0;;448.0;1387.0;20.04.2026 17:06;T12;25bd9e9a-3cbe-11f1-9b7e-1f462e778c93;1;;
TP_15865932604_TPS_19328132604;TP_15865932604;346966;fdfcd0b3a7215be61d5bbf8f19a239dc86f9e5dcfa6731d4fad8a3ef6b27d5fc;2,03E+28;0;1;TPS_19328132604;T14.02.01;T14;2.0;RMG;2026-04-20 16:33:00;2026-04-20 16:58:00;2026-04-20 17:04:00;2026-04-20 17:09:00;;330.0;;307.0;2137.0;20.04.2026 18:05;LL, T14;f87fab5a-3cc5-11f1-ac4a-67657518a8fc;1;;
TP_15865932604_20260420165409000000024710511;TP_15865932604;346966;fdfcd0b3a7215be61d5bbf8f19a239dc86f9e5dcfa6731d4fad8a3ef6b27d5fc;2,03E+28;1;0;2,03E+28;LL;LL;;Leerlager;2026-04-20 16:33:00;2026-04-20 16:41:00;2026-04-20 16:54:00;2026-04-20 17:09:00;449.0;761.0;290.0;;;20.04.2026 18:05;LL, T14;43c7c5a5-3cc7-11f1-a720-d38947571cde;1;;
TP_15867212604_TPS_19324592604;TP_15867212604;708627;0a732037fff0ba1175cca1c296c2efb9b2a6c518757648cf3f6af2370d25ccf3;2,03E+28;1;1;TPS_19324592604;T23.01.01;T23;1.0;RMG;2026-04-20 16:02:00;2026-04-20 16:46:00;2026-04-20 17:09:00;2026-04-20 17:15:00;2621.0;1358.0;;352.0;4331.0;20.04.2026 18:05;T23;a3ce88a0-3cc1-11f1-a1af-ab49136c69a1;1;;
TP_15867252604_TPS_19324632604;TP_15867252604;494321;48696d625f133c5ea180f9b97bb6ee191948d55904c2c8bae7d8a8ac5495dabb;2,03E+28;1;1;TPS_19324632604;T09.03.01;T09;3.0;RMG;2026-04-20 16:03:00;2026-04-20 16:11:00;2026-04-20 16:15:00;2026-04-20 16:21:00;480.0;203.0;;341.0;1024.0;20.04.2026 17:06;T09;c78e1652-3cc1-11f1-a20f-67c2511d1758;1;;
TP_15867442604_TPS_19313972604;TP_15867442604;362757;5a1c03060894cf3ccb8fa24beb6569b8895add1be73524b3582c85a78de4b481;2,03E+28;0;1;TPS_19313972604;HO2.34;HO2;34.0;VC;2026-04-20 16:48:00;2026-04-20 17:16:00;2026-04-20 17:25:00;2026-04-20 17:31:00;;525.0;;371.0;2601.0;20.04.2026 18:35;HO2, T10;e0d3f0b4-3ccb-11f1-bece-679c4aa83135;1;2077865838;
TP_15867722604_TPS_19310242604;TP_15867722604;575259;7ab581c2882c2db9885b3d6f1f653d051b7f84a94c021a4f791cc217f4923db0;2,03E+28;0;1;TPS_19310242604;HO2.29;HO2;29.0;VC;2026-04-20 17:58:00;2026-04-20 18:19:00;2026-04-20 18:34:00;2026-04-20 18:46:00;;938.0;;698.0;2909.0;20.04.2026 19:09;HO2, T27;;0;2078135191;
TP_15868022604_TPS_19326672604;TP_15868022604;224253;e53bf1c1109b5ee6176067132f319eacf6a249f67bf0701f9ae5a9cfd3ad2cd1;2,03E+28;1;1;TPS_19326672604;T20.02.01;T20;2.0;RMG;2026-04-20 19:28:00;2026-04-20 19:32:00;2026-04-20 19:39:00;2026-04-20 19:55:00;264.0;393.0;;936.0;1593.0;20.04.2026 20:35;T20;5a23ad6c-3cde-11f1-b1ce-270eb3163e00;1;;
TP_15868292604_TPS_19310232604;TP_15868292604;947615;8808b58c7508830d433cd78ea956d1e19f3b3dd81c365b4cf1772d4dbbf26672;2,03E+28;0;1;TPS_19310232604;HO2.29;HO2;29.0;VC;2026-04-20 16:35:00;2026-04-20 17:19:00;2026-04-20 17:42:00;2026-04-20 19:58:00;;1351.0;;8177.0;12169.0;20.04.2026 21:09;HO2, T24;;0;2077818085;
TP_15868512604_TPS_19327282604;TP_15868512604;979189;305a70fe805201afdd8e521c339a21f8bdf69ec71abb36b39af569797177e2d6;2,03E+28;0;1;TPS_19327282604;T21.01.01;T21;1.0;RMG;2026-04-20 16:46:00;2026-04-20 17:13:00;2026-04-20 17:32:00;2026-04-20 17:45:00;;1141.0;;750.0;3500.0;20.04.2026 18:35;LL, T21;c9aaed10-3cc7-11f1-ad36-8be6b78878f9;1;;
TP_15868512604_20260420170353000000024710526;TP_15868512604;979189;305a70fe805201afdd8e521c339a21f8bdf69ec71abb36b39af569797177e2d6;2,03E+28;1;0;2,03E+28;LL;LL;;Leerlager;2026-04-20 16:46:00;2026-04-20 16:54:00;2026-04-20 17:03:00;2026-04-20 17:45:00;446.0;568.0;595.0;;;20.04.2026 18:35;LL, T21;1f837d3e-3cc9-11f1-a720-d38947571cde;1;;
TP_15868722604_TPS_19327592604;TP_15868722604;647153;771464824400be0a45ea30374c5085e888a46e099281c8f68e9e097bd7ea2315;2,03E+28;1;1;TPS_19327592604;HO2.22;HO2;22.0;VC;2026-04-20 17:34:00;2026-04-20 18:41:00;2026-04-20 19:01:00;2026-04-20 19:08:00;3998.0;1202.0;;447.0;5647.0;20.04.2026 20:05;HO2;750e0b8c-3cce-11f1-b6aa-bfb457791ee2;1;;
TP_15869062604_TPS_19330882604;TP_15869062604;772604;fc02dccf894b36bc05b31d41616bb490e6add177f9eb85739c74353cc16acc5c;2,03E+28;0;1;TPS_19330882604;HO2.31;HO2;31.0;VC;2026-04-20 22:02:00;2026-04-20 22:16:00;2026-04-20 22:19:00;2026-04-20 22:25:00;;158.0;;367.0;1359.0;20.04.2026 23:06;HO2, T27;ec0d5a7e-3cf3-11f1-a7ed-4f87e6fccdb7;1;2078538835;
TP_15869192604_TPS_19331072604;TP_15869192604;979189;305a70fe805201afdd8e521c339a21f8bdf69ec71abb36b39af569797177e2d6;2,03E+28;1;1;TPS_19331072604;HO2.26;HO2;26.0;VC;2026-04-21 00:34:00;2026-04-21 00:43:00;2026-04-21 01:45:00;2026-04-21 01:53:00;537.0;3705.0;;482.0;4724.0;21.04.2026 02:35;HO2;2a5c1abc-3d09-11f1-885a-43225d754d1c,2a6b10d0-3d09-11f1-885b-33aa1e3ba989;2;;
TP_15870062604_TPS_19334452604;TP_15870062604;534247;5a15f6140bb2ea49d641d05cb88fd3a11928daaca67b44e1132d136fa75742e5;2,03E+28;1;1;TPS_19334452604;T06.01.01;T06;1.0;RMG;2026-04-20 21:19:00;2026-04-20 21:25:00;2026-04-20 21:32:00;2026-04-20 21:59:00;330.0;422.0;;1596.0;2348.0;20.04.2026 23:06;T06;ecc1dbb2-3ced-11f1-9f78-37a2889fe02d;1;;
TP_15873112604_TPS_19332232604;TP_15873112604;413096;cbbda77511234f47646b8d5ec8a46b54722c8b41b9aa631e63a99bbd96f24aed;2,03E+28;0;1;TPS_19332232604;HO2.25;HO2;25.0;VC;2026-04-21 01:02:00;2026-04-21 01:45:00;2026-04-21 01:48:00;2026-04-21 01:58:00;;137.0;;641.0;3359.0;21.04.2026 03:06;HO2, T21;0a1be18e-3d0d-11f1-abdb-ff60d4259a44;1;2078738635;
TP_15874822604_TPS_19334272604;TP_15874822604;577272;42c99caae47de8dbf7c6eda914f0bb4fcad63231a6af565a8b752ea09ffe127d;2,03E+28;1;1;TPS_19334272604;T10.03.01;T10;3.0;RMG;2026-04-21 03:39:00;2026-04-21 03:47:00;2026-04-21 03:51:00;2026-04-21 04:05:00;472.0;236.0;;821.0;1529.0;21.04.2026 05:06;T10;02930062-3d23-11f1-bdff-eb18d7fe6d02;1;;
TP_15876552604_TPS_19338712604;TP_15876552604;893681;6888f158ef4923caf728b2330640ee7c1cd1fabb1892e5792f0a194efe6fea85;2,03E+28;1;1;TPS_19338712604;T22.02.01;T22;2.0;RMG;2026-04-21 07:51:00;2026-04-21 08:00:00;2026-04-21 08:07:00;2026-04-21 08:15:00;508.0;436.0;;438.0;1382.0;21.04.2026 09:06;T22;366a14a2-3d46-11f1-a9f8-5f13ecac655e;1;;
TP_15876732604_TPS_19340442604;TP_15876732604;439478;2cbd35977234b5772e3cfbc92b070a0f46469e49cca9e856a116303484e944dd;2,03E+28;1;1;TPS_19340442604;T10.03.01;T10;3.0;RMG;2026-04-21 08:22:00;2026-04-21 08:28:00;2026-04-21 08:36:00;2026-04-21 08:40:00;352.0;436.0;;278.0;1066.0;21.04.2026 09:35;T10;8b1e121a-3d4a-11f1-b372-3353d1cf87e7;1;;
TP_15876862604_TPS_19343482604;TP_15876862604;729030;ef9dd55c13c4a543def9addd004f60f3161f925282f44959286bb5487198aef0;2,03E+28;1;1;TPS_19343482604;T10.01.01;T10;1.0;RMG;2026-04-21 08:44:00;2026-04-21 08:49:00;2026-04-21 09:18:00;2026-04-21 09:22:00;280.0;1703.0;;253.0;2236.0;21.04.2026 10:05;T10;9e63f274-3d4d-11f1-b55f-fb6012651023;1;;
TP_15877462604_TPS_19339852604;TP_15877462604;219883;733e9b334200ff7275f542d863f51a17402f4ff7dca987a2407c1576afef12b5;2,03E+28;1;1;TPS_19339852604;HO2.28;HO2;28.0;VC;2026-04-21 06:38:00;2026-04-21 06:45:00;2026-04-21 07:02:00;2026-04-21 07:10:00;366.0;1022.0;;483.0;1871.0;21.04.2026 08:05;HO2;03eee390-3d3c-11f1-a09c-7b4611eb9c03;1;;
TP_15878232604_TPS_19341512604;TP_15878232604;530419;8abd27e43503dc03a106c402f42d154acba70fdfec7cd396c2dc379a9be52a3f;2,03E+28;1;1;TPS_19341512604;T17.01.01;T17;1.0;RMG;2026-04-21 08:58:00;2026-04-21 09:08:00;2026-04-21 09:17:00;2026-04-21 09:33:00;547.0;535.0;;1011.0;2093.0;21.04.2026 10:35;T17;92938976-3d4f-11f1-a497-2f537a36074d,92a4abca-3d4f-11f1-a498-e744f0e22b0c;2;;
TP_15878282604_TPS_19343902604;TP_15878282604;920165;a686908cb3cb7ccb7936201c5791be6f4735e41d2c81c1a266be4d5be207b184;2,03E+28;0;1;TPS_19343902604;T13.02.01;T13;2.0;RMG;2026-04-21 09:27:00;2026-04-21 11:12:00;2026-04-21 11:24:00;2026-04-21 11:31:00;;731.0;;424.0;7402.0;21.04.2026 12:35;LL, T13;9fda0f66-3d53-11f1-bd41-272e639ff4eb;1;;
TP_15878282604_20260421094011000000024737823;TP_15878282604;920165;a686908cb3cb7ccb7936201c5791be6f4735e41d2c81c1a266be4d5be207b184;2,03E+28;1;0;2,03E+28;LL;LL;;Leerlager;2026-04-21 09:27:00;2026-04-21 09:35:00;2026-04-21 09:40:00;2026-04-21 11:31:00;451.0;281.0;5515.0;;;21.04.2026 12:35;LL, T13;b7b9f2de-3d54-11f1-a720-d38947571cde;1;;
TP_15878542604_TPS_19337202604;TP_15878542604;895240;543b6e1d1d6897c6d72e1e0ad69f2b86c91b3427d3da42d20b3f0651ff87972e;2,03E+28;0;1;TPS_19337202604;T07.01.01;T07;1.0;RMG;2026-04-21 07:28:00;2026-04-21 07:45:00;2026-04-21 07:53:00;2026-04-21 08:04:00;;503.0;;660.0;2138.0;21.04.2026 09:06;LL, T07;00063a1a-3d43-11f1-b566-b38bb411176c;1;;
TP_15878542604_20260421074022000000024730990;TP_15878542604;895240;543b6e1d1d6897c6d72e1e0ad69f2b86c91b3427d3da42d20b3f0651ff87972e;2,03E+28;1;0;2,03E+28;LL;LL;;Leerlager;2026-04-21 07:28:00;2026-04-21 07:34:00;2026-04-21 07:40:00;2026-04-21 08:04:00;357.0;326.0;292.0;;;21.04.2026 09:06;LL, T07;e18133e6-3d43-11f1-a720-d38947571cde;1;;
TP_15880122604_TPS_19341742604;TP_15880122604;898658;e0529d0a59d738b2de1b34102d40b81cacea716603b8c1958353a9ac2534058f;2,03E+28;1;1;TPS_19341742604;T13.01.01;T13;1.0;RMG;2026-04-21 09:15:00;2026-04-21 09:47:00;2026-04-21 10:52:00;2026-04-21 11:01:00;1866.0;3947.0;;501.0;6314.0;21.04.2026 12:05;T13;f2a52610-3d51-11f1-aa43-d37c72cc0aec,f2b82e9a-3d51-11f1-aa44-0bc5d486bc3a;2;;
TP_15880282604_TPS_19310282604;TP_15880282604;281526;ded4a10c121cd00590ebd5d7ade182265f09ff41cf387309cbddcba4e0ac47ae;2,03E+28;0;1;TPS_19310282604;HO2.27;HO2;27.0;VC;2026-04-21 09:52:00;2026-04-21 10:31:00;2026-04-21 10:38:00;2026-04-21 10:43:00;;417.0;;289.0;3061.0;21.04.2026 11:35;HO2, T14;;0;2079717910;
TP_15880352604_TPS_19310312604;TP_15880352604;638237;4a91d5a23ba75afeacba0356b064a95e44367e51c37140d78d2b7a007e04260e;2,03E+28;0;1;TPS_19310312604;HO2.24;HO2;24.0;VC;2026-04-21 10:08:00;2026-04-21 10:47:00;2026-04-21 10:52:00;2026-04-21 11:01:00;;340.0;;510.0;3148.0;21.04.2026 12:05;HO2, LL, T08;ab343f48-3d5e-11f1-bf9a-97a64b586a5c;1;2079773007;
TP_15880362604_TPS_19310292604;TP_15880362604;715667;684df8c35186f20fc40b25a21152e34e4d6d5d67313ee0c26e15aabe5a009921;2,03E+28;0;1;TPS_19310292604;HO2.34;HO2;34.0;VC;2026-04-21 10:10:00;2026-04-21 10:37:00;2026-04-21 10:58:00;2026-04-21 11:09:00;;1260.0;;684.0;3567.0;21.04.2026 12:05;HO2, T17;;0;2079789792;
TP_15880402604_TPS_19344532604;TP_15880402604;360169;e305886d5a24f7a15167039dfab6af7f3999b396595e69e09a79989de99e19ae;2,03E+28;1;1;TPS_19344532604;T06.01.01;T06;1.0;RMG;2026-04-21 10:10:00;2026-04-21 10:33:00;2026-04-21 10:38:00;2026-04-21 10:41:00;1360.0;279.0;;213.0;1852.0;21.04.2026 11:35;T06;a23bce1a-3d59-11f1-a639-cfeeabc20c5a;1;;
TP_15880712604_TPS_19345122604;TP_15880712604;748518;f25f5b1778a093fa101b717a378c0532a60d150640cefb057a617d72a7d32a4a;2,03E+28;0;1;TPS_19345122604;HO2.23;HO2;23.0;VC;2026-04-21 10:50:00;2026-04-21 12:05:00;2026-04-21 12:08:00;2026-04-21 12:28:00;;194.0;;1227.0;5925.0;21.04.2026 13:35;HO2, LL, T25;1dac68b6-3d5f-11f1-ba3f-6310d1895614;1;2079914699;
TP_15880862604_TPS_19347372604;TP_15880862604;649440;c4daa10515dee6463cc38c2f8ebed19d46ab860ed9f642a127b31037ae76766a;2,03E+28;1;1;TPS_19347372604;T27.02.01;T27;2.0;RMG;2026-04-21 11:29:00;2026-04-21 11:53:00;2026-04-21 11:56:00;2026-04-21 12:09:00;1429.0;176.0;;792.0;2397.0;21.04.2026 13:06;T27;aa5c8b74-3d64-11f1-bbed-23c43792c374;1;;
TP_15881022604_TPS_19344672604;TP_15881022604;600848;2b2d50e8cba6e6334d425b711b3fb5b6f2c170e044fed35f70051de50f0182b5;2,03E+28;1;1;TPS_19344672604;HO2.26;HO2;26.0;VC;2026-04-21 09:23:00;2026-04-21 09:40:00;2026-04-21 09:48:00;2026-04-21 09:55:00;1001.0;485.0;;398.0;1884.0;21.04.2026 10:35;HO2;11176562-3d53-11f1-b3df-9fd7a32d15d4;1;;
TP_15881342604_TPS_19344772604;TP_15881342604;286070;bd01aee585079af56512a9e5162774f7d29fb2e42554ad78f571e6df3f3ff9d2;2,03E+28;0;1;TPS_19344772604;T09.03.01;T09;3.0;RMG;2026-04-21 10:32:00;2026-04-21 11:13:00;2026-04-21 11:20:00;2026-04-21 11:26:00;;433.0;;392.0;3231.0;21.04.2026 12:35;HO2, T09;b47fc0c4-3d5c-11f1-b714-d7556074bfc8;1;;
TP_15881342604_TPS_19344762604;TP_15881342604;286070;bd01aee585079af56512a9e5162774f7d29fb2e42554ad78f571e6df3f3ff9d2;2,03E+28;1;0;TPS_19344762604;HO2.22;HO2;22.0;VC;2026-04-21 10:32:00;2026-04-21 10:57:00;2026-04-21 11:07:00;2026-04-21 11:26:00;1488.0;564.0;354.0;;;21.04.2026 12:35;HO2, T09;b46fd146-3d5c-11f1-b713-03d28207795b;1;;
TP_15882222604_TPS_19351162604;TP_15882222604;509775;670fa2addb027a6c32756767067537e5e08712b634d3907d7956ab9c1738ef69;2,03E+28;0;1;TPS_19351162604;T08.02.01;T08;2.0;RMG;2026-04-21 12:37:00;2026-04-21 12:50:00;2026-04-21 12:54:00;2026-04-21 13:06:00;;232.0;;753.0;1730.0;21.04.2026 14:05;T07, T08;2ac4340c-3d6e-11f1-be33-87a7bd0b92a9;1;;
TP_15882222604_TPS_19351152604;TP_15882222604;509775;670fa2addb027a6c32756767067537e5e08712b634d3907d7956ab9c1738ef69;2,03E+28;1;0;TPS_19351152604;T07.02.01;T07;2.0;RMG;2026-04-21 12:37:00;2026-04-21 12:45:00;2026-04-21 12:47:00;2026-04-21 13:06:00;426.0;164.0;155.0;;;21.04.2026 14:05;T07, T08;2ab3417e-3d6e-11f1-be32-9b9e9e826ba0;1;;
TP_15882702604_TPS_19313992604;TP_15882702604;758448;fdd1b501bb42f25f24ace02173a9479aec69a744475d7c0175378996c23a6ead;2,03E+28;0;1;TPS_19313992604;HO2.28;HO2;28.0;VC;2026-04-21 11:19:00;2026-04-21 11:59:00;2026-04-21 12:03:00;2026-04-21 12:17:00;;249.0;;847.0;3507.0;21.04.2026 13:06;HO2, T22;c9fbeb24-3d68-11f1-ba94-0be0c9029091;1;2079986806;
TP_15883362604_TPS_19351082604;TP_15883362604;947842;1bd7f0d5fbf32b52246aa9d331019103ed0a386a530d22a62494db328a51a216;2,03E+28;0;1;TPS_19351082604;T08.01.01;T08;1.0;RMG;2026-04-21 12:35:00;2026-04-21 13:13:00;2026-04-21 13:18:00;2026-04-21 13:44:00;;300.0;;1529.0;4091.0;21.04.2026 14:35;HO2, T08;e41eb32e-3d6d-11f1-bdf1-cfda524ff715;1;;
TP_15883362604_TPS_19351072604;TP_15883362604;947842;1bd7f0d5fbf32b52246aa9d331019103ed0a386a530d22a62494db328a51a216;2,03E+28;1;0;TPS_19351072604;HO2.35;HO2;35.0;VC;2026-04-21 12:35:00;2026-04-21 12:56:00;2026-04-21 13:05:00;2026-04-21 13:44:00;1254.0;546.0;462.0;;;21.04.2026 14:35;HO2, T08;e40b46ea-3d6d-11f1-bdf0-3b843389c86b;1;;
TP_15883392604_TPS_19352082604;TP_15883392604;840073;bc305295514344bcc771595f158f7e7017440e806cd0d755d09ead620e5df14f;2,03E+28;1;1;TPS_19352082604;HO2.32;HO2;32.0;VC;2026-04-21 13:19:00;2026-04-21 13:39:00;2026-04-21 13:47:00;2026-04-21 13:54:00;1149.0;488.0;;444.0;2081.0;21.04.2026 15:06;HO2;0951de40-3d74-11f1-bf04-0b3f628b1872;1;;
TP_15885232604_TPS_19345642604;TP_15885232604;459856;bdd50ebaa8839f5c77e9e05a66f4d692d7a48fca3d84bcba7d79307113251e61;2,03E+28;1;1;TPS_19345642604;T12.04.01;T12;4.0;RMG;2026-04-21 11:09:00;2026-04-21 11:17:00;2026-04-21 11:23:00;2026-04-21 12:39:00;480.0;321.0;;4550.0;5351.0;21.04.2026 13:35;T12;df66a898-3d61-11f1-be4c-5b96b2333564;1;;
TP_15885422604_TPS_19346522604;TP_15885422604;336945;366b2ebb9adf5757af7e3e15170f14f151ba59f17b2dff05370a88c2bff33421;2,03E+28;0;1;TPS_19346522604;T22.02.01;T22;2.0;RMG;2026-04-21 11:32:00;2026-04-21 12:12:00;2026-04-21 12:21:00;2026-04-21 12:31:00;;548.0;;563.0;3503.0;21.04.2026 13:35;LL, T22;16407e2c-3d65-11f1-b350-4737058e4396;1;;
TP_15885422604_20260421115544000000024738059;TP_15885422604;336945;366b2ebb9adf5757af7e3e15170f14f151ba59f17b2dff05370a88c2bff33421;2,03E+28;1;0;2,03E+28;LL;LL;;Leerlager;2026-04-21 11:32:00;2026-04-21 11:40:00;2026-04-21 11:55:00;2026-04-21 12:31:00;445.0;920.0;1027.0;;;21.04.2026 13:35;LL, T22;a6bf4fbd-3d66-11f1-a720-d38947571cde;1;;
TP_15885702604_TPS_19351962604;TP_15885702604;470623;6654b203f3974ca378019dff33fc13b70405528d49ad2ed6e657b76e8ffaceac;2,03E+28;1;1;TPS_19351962604;T07.03.01;T07;3.0;RMG;2026-04-21 13:15:00;2026-04-21 13:43:00;2026-04-21 14:09:00;2026-04-21 14:17:00;1661.0;1574.0;;429.0;3664.0;21.04.2026 15:06;T07;7947745e-3d73-11f1-bd52-2b75c220ea91,795abb7c-3d73-11f1-bd53-a745e3ab5ae6;2;;
TP_15885962604_TPS_19359402604;TP_15885962604;395069;38f0df6e67428007e96ecfb66751803c6228aef69946ffcc1dedef48f6eaea44;2,03E+28;0;0;TPS_19359402604;HO2.33;HO2;33.0;VC;2026-04-21 15:01:00;2026-04-21 15:43:00;2026-04-21 15:49:00;2026-04-21 16:51:00;;384.0;1021.0;;;21.04.2026 18:05;HO2, T06, T25;3b0abaf2-3d82-11f1-bbbc-d37362de982d;1;2081168261;
TP_15886892604_TPS_19350512604;TP_15886892604;897809;cb1f388f8c49f3388054eb8e0afd89e9e9bab39a460915feff1e8cc8581865fb;2,03E+28;1;1;TPS_19350512604;T25.02.01;T25;2.0;RMG;2026-04-21 12:32:00;2026-04-21 12:54:00;2026-04-21 13:12:00;2026-04-21 13:23:00;1301.0;1088.0;;635.0;3024.0;21.04.2026 14:35;T25;77e6177e-3d6d-11f1-9cc5-3b5f1c3aaf21;1;;
TP_15887652604_TPS_19352332604;TP_15887652604;670653;df978fcfd43bbb1a91975596ff07da3c119c26aeebc89d82c5611723218f9edd;2,03E+28;0;1;TPS_19352332604;HO2.28;HO2;28.0;VC;2026-04-21 12:16:00;2026-04-21 12:47:00;2026-04-21 12:51:00;2026-04-21 13:03:00;;221.0;;739.0;2847.0;21.04.2026 14:05;HO2, LL, T11;864368ba-3d6f-11f1-8e3c-cf3aa5fa58d4;1;2080220149;
TP_15887832604_20260421130455000000024744762;TP_15887832604;230333;f827eda708a459380cc1499b027929469104934069c1f08ea62dcad2fb88bf79;2,03E+28;1;1;2,03E+28;LL;LL;;Leerlager;2026-04-21 12:51:00;2026-04-21 12:56:00;2026-04-21 13:04:00;2026-04-21 13:09:00;300.0;476.0;;276.0;1052.0;21.04.2026 14:05;LL;649ee682-3d71-11f1-a720-d38947571cde;1;;
TP_15887842604_TPS_19349372604;TP_15887842604;379249;678e388a84c405954768746e51753b28e3b44e89816553e6be2f509dc3661723;2,03E+28;0;1;TPS_19349372604;HO2.33;HO2;33.0;VC;2026-04-21 12:52:00;2026-04-21 17:39:00;2026-04-21 17:50:00;2026-04-21 18:00:00;;682.0;;574.0;18491.0;21.04.2026 19:09;HO2, LL, T13, T27;2aa62a1e-3d70-11f1-b3e1-5bd43fc12314;1;2080379710;
TP_15888312604_TPS_19351592604;TP_15888312604;551120;8bc1ac6e0bde703b2884bdd0606150bcfe57de8fb87f70f4a919ec94f436eb75;2,03E+28;1;1;TPS_19351592604;T20.01.01;T20;1.0;RMG;2026-04-21 13:03:00;2026-04-21 13:12:00;2026-04-21 13:35:00;2026-04-21 13:49:00;573.0;1326.0;;849.0;2748.0;21.04.2026 14:35;T20;b897b4d6-3d71-11f1-bb6c-2fe801b9ce68,b8a91d70-3d71-11f1-bb6d-231b5b73b6c4;2;;
TP_15888732604_TPS_19351352604;TP_15888732604;285647;e79d44bde18644689f36fb88729f753adaed1c592dc2f50f70dd840eecd195e1;2,03E+28;0;1;TPS_19351352604;HO2.30;HO2;30.0;VC;2026-04-21 12:43:00;2026-04-21 13:16:00;2026-04-21 13:22:00;2026-04-21 13:59:00;;350.0;;2230.0;4578.0;21.04.2026 15:06;HO2, T22;2b705f98-3d73-11f1-baf5-4321eea982e0;1;2080341518;
TP_15889382604_TPS_19350732604;TP_15889382604;695717;6f6527e68e379ad31bcf5fd19e77738d309ad3f59c4000f91ca934caa9f8b7f9;2,03E+28;1;1;TPS_19350732604;T25.02.01;T25;2.0;RMG;2026-04-21 15:18:00;2026-04-21 15:23:00;2026-04-21 15:37:00;2026-04-21 15:43:00;282.0;842.0;;349.0;1473.0;21.04.2026 16:35;T25;a8689b94-3d84-11f1-bd23-8b80f80d3d0f;1;;
TP_15889512604_TPS_19314082604;TP_15889512604;530485;3d36753cd9b223740d1a00f4a1b6f55ea72665f056f5e455bb49c7fe5265a2d9;2,03E+28;0;1;TPS_19314082604;HO2.23;HO2;23.0;VC;2026-04-21 16:14:00;2026-04-21 16:34:00;2026-04-21 16:42:00;2026-04-21 17:05:00;;449.0;;1375.0;3036.0;21.04.2026 18:05;HO2, T27;3fa4a5a2-3d8f-11f1-bce9-83b31c559fa1;1;2081394338;
TP_15890442604_TPS_19310372604;TP_15890442604;750114;350950943277ce8b597374343a0e8def076b133c616d78881ca406e14247fbad;2,03E+28;0;1;TPS_19310372604;HO2.31;HO2;31.0;VC;2026-04-21 16:39:00;2026-04-21 17:00:00;2026-04-21 17:10:00;2026-04-21 17:21:00;;616.0;;657.0;2522.0;21.04.2026 18:05;HO2, T12;c507ed32-3d92-11f1-acc8-7bceef55181a;1;2081460424;
TP_15890892604_TPS_19310392604;TP_15890892604;352111;dab4d32ba7b69114b5b7c0203540bb628bb9287177fe3869103932750b967976;2,03E+28;0;1;TPS_19310392604;HO2.22;HO2;22.0;VC;2026-04-21 17:40:00;2026-04-21 18:06:00;2026-04-21 18:13:00;2026-04-21 18:20:00;;448.0;;397.0;2371.0;21.04.2026 19:09;HO2, T11;f9c07176-3d9b-11f1-ad40-1f3cd97593f4;1;2081680866;
TP_15891422604_TPS_19314022604;TP_15891422604;238117;2f2f8109dd9c203f74e3e32f56a73194a6a5eb8c6b05ab2d094cb6666ed65317;2,03E+28;0;1;TPS_19314022604;HO2.33;HO2;33.0;VC;2026-04-21 13:54:00;2026-04-21 14:09:00;2026-04-21 14:12:00;2026-04-21 14:22:00;;216.0;;595.0;1697.0;21.04.2026 15:35;HO2, T17;e03b5ebc-3d7a-11f1-bb3c-dbfbebb9abc2;1;2080879109;
TP_15891452604_TPS_19353802604;TP_15891452604;305584;f3a1f72cdde577ff314c0ef0c0c118c0ab8d6491100b464cd0de41144d3ee7d3;2,03E+28;1;1;TPS_19353802604;T21.04.01;T21;4.0;RMG;2026-04-21 13:55:00;2026-04-21 14:11:00;2026-04-21 14:34:00;2026-04-21 14:54:00;1004.0;1390.0;;1152.0;3546.0;21.04.2026 16:05;T21;edca9cac-3d78-11f1-bbc5-7b490ea41a6e;1;;
TP_15891652604_TPS_19314042604;TP_15891652604;686407;9a971256e85a286bf076224b3d3ef07c2064d19eb8487f01ad5e176e8153acdc;2,03E+28;0;1;TPS_19314042604;HO2.34;HO2;34.0;VC;2026-04-21 15:45:00;2026-04-21 16:08:00;2026-04-21 16:19:00;2026-04-21 16:25:00;;669.0;;346.0;2377.0;21.04.2026 17:35;HO2, T16;3df70f7e-3d8a-11f1-bc70-8ba728f17f73;1;2081327486;
TP_15891852604_TPS_19361112604;TP_15891852604;658963;452eee70bc63ef9858624ceafa5b4735ff5bcd5c2401eb97bd49b45e6889cf18;2,03E+28;1;1;TPS_19361112604;T22.01.01;T22;1.0;RMG;2026-04-21 15:48:00;2026-04-21 16:00:00;2026-04-21 16:07:00;2026-04-21 16:16:00;715.0;411.0;;526.0;1652.0;21.04.2026 17:06;T22;d966cb54-3d88-11f1-bfb1-db5c501c6827;1;;
TP_15891972604_TPS_19361472604;TP_15891972604;828086;e2b4d8f7e2bd90d3feaa764a4a38d96e81128f2dbb2d87b695970102c65b6c56;2,03E+28;1;1;TPS_19361472604;T09.03.01;T09;3.0;RMG;2026-04-21 15:55:00;2026-04-21 16:26:00;2026-04-21 16:40:00;2026-04-21 16:53:00;1823.0;870.0;;740.0;3433.0;21.04.2026 18:05;T09;d40576fa-3d89-11f1-8d29-abbacf987bc2;1;;
TP_15892762604_TPS_19310322604;TP_15892762604;627497;4a1141c2b32847aaf3b58df3fafdab082d71209c1fa3b0ae757a3ee5fbf7142c;2,03E+28;0;1;TPS_19310322604;HO2.23;HO2;23.0;VC;2026-04-21 14:13:00;2026-04-21 14:32:00;2026-04-21 14:39:00;2026-04-21 14:45:00;;398.0;;406.0;1934.0;21.04.2026 15:35;HO2, T27;0e858baa-3d7e-11f1-ab55-37b4e0318479;1;2081000724;
TP_15893002604_TPS_19358292604;TP_15893002604;881132;d40cf304996d3a281e6db33dac470c10fccec7de2751f5cf74bf3a6cc4eebf3b;2,03E+28;0;1;TPS_19358292604;HO2.29;HO2;29.0;VC;2026-04-21 14:37:00;2026-04-21 15:49:00;2026-04-21 15:52:00;2026-04-21 16:01:00;;160.0;;593.0;5082.0;21.04.2026 17:06;HO2, T19, T27;d1d85a60-3d7e-11f1-b97f-23476d16b1a5;1;2081094134;
TP_15893142604_TPS_19358462604;TP_15893142604;576359;284bb60d9572604d36aef1220cea456bb7b447eee431b08956318e46e219daa8;2,03E+28;0;1;TPS_19358462604;T23.04.01;T23;4.0;RMG;2026-04-21 14:39:00;2026-04-21 15:26:00;2026-04-21 15:44:00;2026-04-21 15:59:00;;1038.0;;921.0;4771.0;21.04.2026 17:06;LL, T23;362b21c8-3d7f-11f1-b9df-ef6957fe32db;1;;
TP_15893142604_20260421151254000000024744949;TP_15893142604;576359;284bb60d9572604d36aef1220cea456bb7b447eee431b08956318e46e219daa8;2,03E+28;1;0;2,03E+28;LL;LL;;Leerlager;2026-04-21 14:39:00;2026-04-21 14:43:00;2026-04-21 15:12:00;2026-04-21 15:59:00;222.0;1753.0;837.0;;;21.04.2026 17:06;LL, T23;7475400a-3d82-11f1-a720-d38947571cde;1;;
TP_15893192604_TPS_19358522604;TP_15893192604;739978;a3d0117f895b92b9b101b58d6d4eda8f0dfb4f295c668dc156cf688a36107707;2,03E+28;1;1;TPS_19358522604;T14.02.01;T14;2.0;RMG;2026-04-21 14:40:00;2026-04-21 14:48:00;2026-04-21 14:54:00;2026-04-21 14:58:00;438.0;355.0;;268.0;1061.0;21.04.2026 16:05;T14;59f3e28e-3d7f-11f1-ba04-7319ae143c23;1;;
TP_15893262604_TPS_19314032604;TP_15893262604;815864;35e5dddf74f0ffc73b18083b827b0f0e052acd4da77874772f42672222d3e21d;2,03E+28;0;1;TPS_19314032604;HO2.31;HO2;31.0;VC;2026-04-21 14:42:00;2026-04-21 15:30:00;2026-04-21 15:33:00;2026-04-21 15:48:00;;208.0;;892.0;3959.0;21.04.2026 16:35;HO2, T14;2fc472f6-3d86-11f1-bbab-23329bd0efd8;1;2081122654;
TP_15893562604_TPS_19314052604;TP_15893562604;642982;958f76e27256c947f4a9046cc3cef6482bd67f75b674221f96079a2d327ab2e9;2,03E+28;0;1;TPS_19314052604;HO2.21;HO2;21.0;VC;2026-04-21 14:49:00;2026-04-21 16:03:00;2026-04-21 16:08:00;2026-04-21 16:40:00;;326.0;;1917.0;6670.0;21.04.2026 17:35;HO2, T19, T20;d01e2d88-3d8a-11f1-bc8b-0795a9634dd8;1;2081148815;
TP_15893782604_TPS_19310332604;TP_15893782604;414882;19f8d24f52b58f7b9a364c9fe8244c9cc05b7f9e6085c63ea36ef8030273e3d7;2,03E+28;0;1;TPS_19310332604;HO2.33;HO2;33.0;VC;2026-04-21 14:04:00;2026-04-21 14:36:00;2026-04-21 14:41:00;2026-04-21 14:50:00;;280.0;;557.0;2723.0;21.04.2026 15:35;HO2, T24;ae9a2e20-3d7e-11f1-ab62-87604f7089df;1;2080949717;
TP_15894392604_TPS_19310362604;TP_15894392604;902257;3f6f802573d68df0d7bc6d3893060f5889ccf1216457cd3fc3102da872b13b51;2,03E+28;0;1;TPS_19310362604;HO2.23;HO2;23.0;VC;2026-04-21 15:57:00;2026-04-21 16:47:00;2026-04-21 16:50:00;2026-04-21 17:10:00;;198.0;;1217.0;4388.0;21.04.2026 18:05;HO2, T12;f56851d0-3d90-11f1-ac9e-372b6e284371;1;2081354097;
TP_15894812604_TPS_19310382604;TP_15894812604;675218;1893d3f33daf23970ba98d3c5852e6aa8d0cf077c9ecd28a58af257232e68040;2,03E+28;0;1;TPS_19310382604;HO2.25;HO2;25.0;VC;2026-04-21 17:11:00;2026-04-21 17:30:00;2026-04-21 17:35:00;2026-04-21 18:09:00;;276.0;;2063.0;3467.0;21.04.2026 19:09;HO2, T09;0330e61e-3d97-11f1-aceb-eb09c63e57cc;1;2081590092;
TP_15894962604_TPS_19357072604;TP_15894962604;919436;42dcc6aecbf854f5741cd1f93cc248838b2a6ca52240421b2c255d385c8eadba;2,03E+28;0;1;TPS_19357072604;HO2.22;HO2;22.0;VC;2026-04-21 17:32:00;2026-04-21 19:29:00;2026-04-21 19:34:00;2026-04-21 19:42:00;;282.0;;452.0;7754.0;21.04.2026 20:35;HO2, T13, T23;5ef6bdfc-3d97-11f1-bbf9-ebf069370574;1;2081665942;
TP_15896672604_TPS_19362992604;TP_15896672604;857674;b877d07fc9c1ffe9c7a5006f4bba7aca5fd90a42b659f6318bcbd0b6ccee766d;2,03E+28;1;1;TPS_19362992604;T23.04.01;T23;4.0;RMG;2026-04-21 17:38:00;2026-04-21 17:46:00;2026-04-21 17:54:00;2026-04-21 17:59:00;423.0;488.0;;297.0;1208.0;21.04.2026 19:09;T23;37898438-3d98-11f1-9ed2-9f12632ba5bf;1;;
TP_15897202604_TPS_19367732604;TP_15897202604;464457;368b625ea70b569c6eb2a52361751baf355a7bec13c795da6ffa2c008d569fe1;2,03E+28;1;1;TPS_19367732604;T12.01.01;T12;1.0;RMG;2026-04-21 19:58:00;2026-04-21 20:04:00;2026-04-21 20:08:00;2026-04-21 20:13:00;351.0;233.0;;291.0;875.0;21.04.2026 21:09;T12;c612050a-3dab-11f1-aca4-d7e2b08cd2f9;1;;
TP_15897702604_TPS_19314092604;TP_15897702604;846709;c78cd98c6bcf120973bc18cec116d83bda74d506c4c6b4ba135863b96cc1f62f;2,03E+28;0;1;TPS_19314092604;HO2.25;HO2;25.0;VC;2026-04-21 17:46:00;2026-04-21 18:07:00;2026-04-21 18:39:00;2026-04-21 19:17:00;;1928.0;;2279.0;5436.0;21.04.2026 20:05;HO2, T17;377aebfa-3d9b-11f1-bd78-af6500b746a7;1;2081702723;
TP_15900522604_TPS_19369092604;TP_15900522604;516431;a64d1beccea2e885b17e589f9bb231f6f34447ab92d1f8a03c1f00bbb460bdbd;2,03E+28;1;1;TPS_19369092604;T07.03.01;T07;3.0;RMG;2026-04-21 20:21:00;2026-04-21 20:31:00;2026-04-21 20:39:00;2026-04-21 20:44:00;544.0;483.0;;352.0;1379.0;21.04.2026 21:09;T07;fc9cc134-3dae-11f1-a323-9f8cb9ef8c36;1;;
TP_15900572604_TPS_19369232604;TP_15900572604;417647;359811decec69c0c3448fd5700769f86c081c64ae4be4efe27da10bd64dba4a6;2,03E+28;0;1;TPS_19369232604;T24.02.01;T24;2.0;RMG;2026-04-21 20:27:00;2026-04-21 20:41:00;2026-04-21 20:49:00;2026-04-21 20:56:00;;456.0;;438.0;1711.0;21.04.2026 22:05;LL, T24;d3576972-3daf-11f1-a372-b70ca99ab7c8;1;;
TP_15900572604_20260421203641000000024758560;TP_15900572604;417647;359811decec69c0c3448fd5700769f86c081c64ae4be4efe27da10bd64dba4a6;2,03E+28;1;0;2,03E+28;LL;LL;;Leerlager;2026-04-21 20:27:00;2026-04-21 20:32:00;2026-04-21 20:36:00;2026-04-21 20:56:00;296.0;226.0;295.0;;;21.04.2026 22:05;LL, T24;948fdaa8-3db0-11f1-a720-d38947571cde;1;;
TP_15900632604_TPS_19368042604;TP_15900632604;745597;22af308299bdbe07b43a30fbecb4757ba335ed8ce9a64c0e2c98d790384f7ae7;2,03E+28;0;1;TPS_19368042604;HO2.31;HO2;31.0;VC;2026-04-21 20:35:00;2026-04-21 21:15:00;2026-04-21 21:21:00;2026-04-21 21:42:00;;387.0;;1276.0;4026.0;21.04.2026 22:35;HO2, LL, T19;e81ce30e-3db0-11f1-b4c4-777a29cb7ee0;1;2082091623;
TP_15901162604_TPS_19374192604;TP_15901162604;289493;69b3c01bd2a0684175964611acdc5b49a0f78e0527d2731e5ed2005970e92f4c;2,03E+28;0;1;TPS_19374192604;HO2.27;HO2;27.0;VC;2026-04-22 01:54:00;2026-04-22 02:13:00;2026-04-22 02:25:00;2026-04-22 02:45:00;;708.0;;1210.0;3038.0;22.04.2026 03:35;HO2, T27;7b980380-3ddd-11f1-99d5-e374f143acd5;1;2082661056;
TP_15902262604_TPS_19369902604;TP_15902262604;288496;a41d51d7130ff1b5bd8af039551b1454669667b15674a79dfe6f50675567dbd4;2,03E+28;1;1;TPS_19369902604;T27.03.01;T27;3.0;RMG;2026-04-22 00:03:00;2026-04-22 00:10:00;2026-04-22 00:21:00;2026-04-22 00:28:00;381.0;679.0;;427.0;1487.0;22.04.2026 01:07;T27;001a6766-3dce-11f1-bb40-d3d22edb4101;1;;
TP_15902722604_TPS_19373242604;TP_15902722604;728482;ef7fcfcd977dcc8d61ab8d789b350d78d2995bc9b5fa254754fe4866fdb1ccfc;2,03E+28;1;1;TPS_19373242604;HO2.35;HO2;35.0;VC;2026-04-22 06:07:00;2026-04-22 06:22:00;2026-04-22 06:42:00;2026-04-22 06:56:00;880.0;1205.0;;801.0;2886.0;22.04.2026 08:05;HO2;da08517c-3e00-11f1-b5b3-bbd1c3320b76,da1c1f68-3e00-11f1-b5b4-1721545be178;2;;
TP_15903902604_TPS_19364162604;TP_15903902604;600779;3b976651e21f2720366c2cc056ed54e9d55e7ed177f442226cf0cdb12ac659bc;2,03E+28;1;1;TPS_19364162604;T17.02.01;T17;2.0;RMG;2026-04-22 02:50:00;2026-04-22 02:59:00;2026-04-22 03:08:00;2026-04-22 03:22:00;502.0;557.0;;816.0;1875.0;22.04.2026 04:05;T17;545dbca8-3de5-11f1-8363-ffb4fbbe88d8,5470ceec-3de5-11f1-8364-17a88aaaceb2;2;;
TP_15903932604_TPS_19364342604;TP_15903932604;974043;8b207f66f0d3d3e9c5c1d48bf52b3aa91b128e0589a5f9c37283c06aef0f5a6a;2,03E+28;0;1;TPS_19364342604;T13.03.01;T13;3.0;RMG;2026-04-22 03:39:00;2026-04-22 03:52:00;2026-04-22 03:57:00;2026-04-22 04:03:00;;332.0;;319.0;1384.0;22.04.2026 05:06;T13, T17;2d903ebe-3dec-11f1-8d4f-9324a42c2d8c;1;;
TP_15903932604_TPS_19364332604;TP_15903932604;974043;8b207f66f0d3d3e9c5c1d48bf52b3aa91b128e0589a5f9c37283c06aef0f5a6a;2,03E+28;1;0;TPS_19364332604;T17.02.01;T17;2.0;RMG;2026-04-22 03:39:00;2026-04-22 03:45:00;2026-04-22 03:47:00;2026-04-22 04:03:00;346.0;132.0;255.0;;;22.04.2026 05:06;T13, T17;2d7a397a-3dec-11f1-8d4e-9b0d29803b1b;1;;
TP_15904432604_TPS_19377082604;TP_15904432604;497612;e6ed4304cd8a7bfbecae713ac1fef3fd15c5126c28f009f09ccdae96984253fd;2,03E+28;0;1;TPS_19377082604;T23.01.01;T23;1.0;RMG;2026-04-22 07:11:00;2026-04-22 07:26:00;2026-04-22 07:31:00;2026-04-22 07:39:00;;252.0;;509.0;1656.0;22.04.2026 08:35;LL, T23;cae2cb88-3e09-11f1-b2c0-57e63d5bba2f;1;;
TP_15904432604_20260422072151000000024772207;TP_15904432604;497612;e6ed4304cd8a7bfbecae713ac1fef3fd15c5126c28f009f09ccdae96984253fd;2,03E+28;1;0;2,03E+28;LL;LL;;Leerlager;2026-04-22 07:11:00;2026-04-22 07:16:00;2026-04-22 07:21:00;2026-04-22 07:39:00;275.0;317.0;303.0;;;22.04.2026 08:35;LL, T23;8738881f-3e0a-11f1-a720-d38947571cde;1;;
TP_15904792604_TPS_19310472604;TP_15904792604;874290;fe98b95a7cdb9f807b5acd0767d0b3b6fdc2a41ec29b8bad32765d063076f046;2,03E+28;0;1;TPS_19310472604;HO2.22;HO2;22.0;VC;2026-04-22 08:38:00;2026-04-22 09:46:00;2026-04-22 09:53:00;2026-04-22 10:06:00;;459.0;;764.0;5257.0;22.04.2026 11:06;HO2, T06;4d188d1c-3e1f-11f1-b63d-ef51d2d5c9f2;1;2083474791;
TP_15905312604_TPS_19374522604;TP_15905312604;273005;bcb63226e69562143a3d52ecb7c4d926873ce71d2c1e673ca64ad73e23503634;2,03E+28;1;1;TPS_19374522604;T11.03.01;T11;3.0;RMG;2026-04-22 04:11:00;2026-04-22 04:19:00;2026-04-22 04:33:00;2026-04-22 04:39:00;478.0;794.0;;405.0;1677.0;22.04.2026 05:35;T11;a580fc0c-3df0-11f1-8617-637da1b1cb95;1;;
TP_15906592604_TPS_19375052604;TP_15906592604;240885;0f4597eba3e8c6253d37a7c358ae8c637f05ea52666f69992d571f4e6a4bdfdf;2,03E+28;0;1;TPS_19375052604;T06.02.01;T06;2.0;RMG;2026-04-22 05:37:00;2026-04-22 05:58:00;2026-04-22 06:04:00;2026-04-22 06:09:00;;331.0;;325.0;1898.0;22.04.2026 07:06;LL, T06;a8c83324-3dfc-11f1-9c1f-33ab0a741cfe;1;;
TP_15906592604_20260422055631000000024772059;TP_15906592604;240885;0f4597eba3e8c6253d37a7c358ae8c637f05ea52666f69992d571f4e6a4bdfdf;2,03E+28;1;0;2,03E+28;LL;LL;;Leerlager;2026-04-22 05:37:00;2026-04-22 05:42:00;2026-04-22 05:56:00;2026-04-22 06:09:00;247.0;865.0;130.0;;;22.04.2026 07:06;LL, T06;c6e771a8-3dfe-11f1-a720-d38947571cde;1;;
TP_15907422604_TPS_19376202604;TP_15907422604;726385;551b0fef6a5641806d448e2441cd9dfa30258deb3067ea35a67c23ca76f09e79;2,03E+28;1;1;TPS_19376202604;T25.01.01;T25;1.0;RMG;2026-04-22 07:39:00;2026-04-22 07:46:00;2026-04-22 07:59:00;2026-04-22 08:06:00;404.0;741.0;;448.0;1593.0;22.04.2026 09:06;T25;b394d472-3e0d-11f1-ada9-8325362a7b66;1;;
TP_15907712604_TPS_19376482604;TP_15907712604;260309;33b7311d520ae6092d6c30e970791008bed5f8a04d2c22b8813923e7c8f8ea98;2,03E+28;1;1;TPS_19376482604;T24.03.01;T24;3.0;RMG;2026-04-22 08:06:00;2026-04-22 08:16:00;2026-04-22 08:42:00;2026-04-22 08:49:00;543.0;1605.0;;399.0;2547.0;22.04.2026 09:35;T24;79bd2520-3e11-11f1-b7b8-dbee3f7ca9d7,79d2ff08-3e11-11f1-b7b9-93669b5f42db,79e7f4ee-3e11-11f1-b7ba-3fc966c9ef4d;3;;
TP_15909072604_TPS_19310532604;TP_15909072604;549189;fbe9c79b65a53a212cb75b8fc0e3723d5bad82614cd3ccb8ede884599f7ca675;2,03E+28;0;1;TPS_19310532604;HO2.30;HO2;30.0;VC;2026-04-22 11:58:00;2026-04-22 13:11:00;2026-04-22 13:20:00;2026-04-22 13:30:00;;594.0;;603.0;5565.0;22.04.2026 14:35;HO2, T10;ec01fbcc-3e3b-11f1-b86c-d3adc0327853;1;2085031844;
TP_15910862604_TPS_19378082604;TP_15910862604;517631;7c59510aa5ce04b247f5c3273d27031affa78ccf95c879a680e02b1af307c0a6;2,03E+28;1;1;TPS_19378082604;T19.01.01;T19;1.0;RMG;2026-04-22 07:45:00;2026-04-22 07:55:00;2026-04-22 07:59:00;2026-04-22 08:09:00;572.0;217.0;;626.0;1415.0;22.04.2026 09:06;T19;8a6c0e02-3e0e-11f1-b820-d388b9f77c15;1;;
TP_15910932604_TPS_19377542604;TP_15910932604;511038;3689f42a5464f48e02016a5dafa787547d986bb1a2a2c9565e49186cfd4fd401;2,03E+28;1;1;TPS_19377542604;T12.03.01;T12;3.0;RMG;2026-04-22 07:56:00;2026-04-22 08:10:00;2026-04-22 08:22:00;2026-04-22 09:27:00;833.0;675.0;;3940.0;5448.0;22.04.2026 10:35;T12;13ce93f8-3e10-11f1-a575-97c0b7e502c8;1;;
TP_15910942604_TPS_19377562604;TP_15910942604;596831;6c4eb613b51a9fc8dd3d5d427d650381e73f64c3d51dbd361adfbb42b5c0d6dc;2,03E+28;0;1;TPS_19377562604;T20.03.01;T20;3.0;RMG;2026-04-22 07:57:00;2026-04-22 08:13:00;2026-04-22 08:28:00;2026-04-22 08:45:00;;916.0;;1017.0;2837.0;22.04.2026 09:35;LL, T20;382dfe6e-3e10-11f1-a588-6764307f296b;1;;
TP_15910942604_20260422080545000000024778858;TP_15910942604;596831;6c4eb613b51a9fc8dd3d5d427d650381e73f64c3d51dbd361adfbb42b5c0d6dc;2,03E+28;1;0;2,03E+28;LL;LL;;Leerlager;2026-04-22 07:57:00;2026-04-22 08:02:00;2026-04-22 08:05:00;2026-04-22 08:45:00;249.0;217.0;438.0;;;22.04.2026 09:35;LL, T20;ec450188-3e10-11f1-a720-d38947571cde;1;;
TP_15911202604_TPS_19310512604;TP_15911202604;664334;c9e886feb163b4cf35e51fd3e0f9302da3b2772c7fa948231557a950bc88df41;2,03E+28;0;1;TPS_19310512604;HO2.21;HO2;21.0;VC;2026-04-22 08:45:00;2026-04-22 10:26:00;2026-04-22 10:43:00;2026-04-22 10:50:00;;1005.0;;383.0;7462.0;22.04.2026 11:35;HO2, LL, T06;ee580d92-3e24-11f1-b6d5-3f9452d04ec7;1;2083557736;
TP_15911222604_TPS_19379922604;TP_15911222604;205633;a2c236e02aa4d0b2bd5510a6b6cf08b883ac54144287befe719c9b0c01cd208c;2,03E+28;1;1;TPS_19379922604;T25.01.01;T25;1.0;RMG;2026-04-22 09:07:00;2026-04-22 09:12:00;2026-04-22 09:16:00;2026-04-22 09:21:00;258.0;241.0;;287.0;786.0;22.04.2026 10:05;T25;fef1c856-3e19-11f1-bdae-ab02956de493;1;;
TP_15911322604_TPS_19383102604;TP_15911322604;349782;f6c2e5d1af7ed6b1973ddd7590401a93da4897bae0f85041f1123985f0b9223d;2,03E+28;0;1;TPS_19383102604;T21.04.01;T21;4.0;RMG;2026-04-22 09:53:00;2026-04-22 10:19:00;2026-04-22 10:32:00;2026-04-22 10:38:00;;783.0;;363.0;2656.0;22.04.2026 11:35;LL, T21;6c321938-3e20-11f1-887b-675fe650cd78;1;;
TP_15911322604_20260422100827000000024779138;TP_15911322604;349782;f6c2e5d1af7ed6b1973ddd7590401a93da4897bae0f85041f1123985f0b9223d;2,03E+28;1;0;2,03E+28;LL;LL;;Leerlager;2026-04-22 09:53:00;2026-04-22 10:01:00;2026-04-22 10:08:00;2026-04-22 10:38:00;430.0;438.0;642.0;;;22.04.2026 11:35;LL, T21;781bb288-3e21-11f1-a720-d38947571cde;1;;
TP_15911682604_TPS_19378732604;TP_15911682604;409174;baa859af8da7c8c36e7de9ff169dd3437ba1e2edc300481e8ba0f40c78270b08;2,03E+28;1;1;TPS_19378732604;T06.01.01;T06;1.0;RMG;2026-04-22 10:33:00;2026-04-22 10:42:00;2026-04-22 10:52:00;2026-04-22 10:56:00;507.0;610.0;;251.0;1368.0;22.04.2026 12:05;T06;02ae3608-3e26-11f1-ac81-27700eb65dc3;1;;
TP_15911872604_TPS_19310452604;TP_15911872604;279072;0cdfde9fcd33059a016c9dd201570b8003d14597190a0f5ee8935adce4843c48;2,03E+28;0;0;TPS_19310452604;HO2.35;HO2;35.0;VC;2026-04-22 08:30:00;2026-04-22 09:37:00;2026-04-22 09:47:00;2026-04-22 10:21:00;;592.0;554.0;;;22.04.2026 11:06;HO2, T24;1edc397c-3e19-11f1-b56b-57f27df65207;1;2083457588;
TP_15913022604_TPS_19380752604;TP_15913022604;649440;c4daa10515dee6463cc38c2f8ebed19d46ab860ed9f642a127b31037ae76766a;2,03E+28;1;1;TPS_19380752604;T25.01.01;T25;1.0;RMG;2026-04-22 08:54:00;2026-04-22 09:33:00;2026-04-22 09:37:00;2026-04-22 09:47:00;2311.0;260.0;;574.0;3145.0;22.04.2026 10:35;T25;2d88fd12-3e18-11f1-b9c2-9b45925601b9;1;;
TP_15913522604_TPS_19381812604;TP_15913522604;915789;fac0ff6a6720af9286a84a9a13284261228200d13c59e72d0023ad0725aef6dc;2,03E+28;1;1;TPS_19381812604;T25.03.01;T25;3.0;RMG;2026-04-22 09:38:00;2026-04-22 09:44:00;2026-04-22 09:54:00;2026-04-22 10:02:00;356.0;555.0;;528.0;1439.0;22.04.2026 11:06;T25;535270e0-3e1e-11f1-a029-377cbaa35861;1;;
TP_15914312604_TPS_19314102604;TP_15914312604;501599;8ba53b52df84869bcace5031fefe14785c357a841e895bba0192891eefab4aca;2,03E+28;0;1;TPS_19314102604;HO2.27;HO2;27.0;VC;2026-04-22 10:35:00;2026-04-22 11:02:00;2026-04-22 11:09:00;2026-04-22 11:18:00;;462.0;;500.0;2561.0;22.04.2026 12:05;HO2, T17;f015997e-3e29-11f1-ac59-7f74108239f9;1;2084369162;
TP_15915992604_TPS_19386932604;TP_15915992604;511995;3957661070916b6f71f354bab49131f52176bed6810ca8ad2d0641f32249a55f;2,03E+28;1;1;TPS_19386932604;T27.02.01;T27;2.0;RMG;2026-04-22 12:27:00;2026-04-22 12:35:00;2026-04-22 12:47:00;2026-04-22 13:02:00;468.0;690.0;;921.0;2079.0;22.04.2026 14:05;T27;efcd64c2-3e35-11f1-bdc0-c37d880ae9a2,efe199e2-3e35-11f1-bdc1-e762e0c7883d;2;;
TP_15916462604_20260422140540000000024786212;TP_15916462604;234221;d058a4485e6bf84e337e35a6b8edb58309376edd335972e90f66f97a5b86c88d;2,03E+28;1;1;2,03E+28;LL;LL;;Leerlager;2026-04-22 13:41:00;2026-04-22 13:47:00;2026-04-22 14:05:00;2026-04-22 14:10:00;346.0;1075.0;;281.0;1702.0;22.04.2026 15:06;LL;f807f234-3e42-11f1-a720-d38947571cde;1;;
TP_15917242604_TPS_19389082604;TP_15917242604;848665;090923682ca252cca8792b1d9425b94bfbc0caeda31b258a558ffb7dbebbe4b5;2,03E+28;1;1;TPS_19389082604;T11.01.01;T11;1.0;RMG;2026-04-22 13:29:00;2026-04-22 14:25:00;2026-04-22 14:31:00;2026-04-22 14:37:00;3306.0;403.0;;326.0;4035.0;22.04.2026 15:35;T11;98cf399e-3e3e-11f1-9fa2-cfee02db3e3d;1;;
TP_15917312604_TPS_19314142604;TP_15917312604;281526;ded4a10c121cd00590ebd5d7ade182265f09ff41cf387309cbddcba4e0ac47ae;2,03E+28;0;0;TPS_19314142604;HO2.25;HO2;25.0;VC;2026-04-22 13:39:00;2026-04-22 14:14:00;2026-04-22 14:28:00;2026-04-22 14:48:00;;862.0;206.0;;;22.04.2026 15:35;HO2, T16;3d4ac48e-3e44-11f1-ae80-f39eb0b43f5f;1;2085433964;
TP_15917422604_TPS_19390222604;TP_15917422604;796646;73cac3cdfc14028f2da405d893f462b332975de2e5b58fef286257049267a14f;2,03E+28;1;1;TPS_19390222604;T23.02.01;T23;2.0;RMG;2026-04-22 13:51:00;2026-04-22 14:30:00;2026-04-22 15:01:00;2026-04-22 15:21:00;2338.0;1894.0;;1179.0;5411.0;22.04.2026 16:05;T23;900da180-3e41-11f1-9fd8-eba059cd1f46;1;;
TP_15917652604_TPS_19314172604;TP_15917652604;811343;48fb706065e76ca27c60c370c43bbc8c5410b4a7463b9868f9463282f155b6e5;2,03E+28;0;1;TPS_19314172604;HO2.28;HO2;28.0;VC;2026-04-22 15:14:00;2026-04-22 15:46:00;2026-04-22 15:51:00;2026-04-22 15:58:00;;300.0;;401.0;2658.0;22.04.2026 17:06;HO2, T12;af4faf24-3e51-11f1-afec-237614202051;1;2085723312;
TP_15917732604_TPS_19380472604;TP_15917732604;552936;48d9f373ff9b28f75919741f1f00293838b6b7befec81ea0df141ac73fcd5d59;2,03E+28;1;1;TPS_19380472604;T11.01.01;T11;1.0;RMG;2026-04-22 15:17:00;2026-04-22 15:37:00;2026-04-22 15:46:00;2026-04-22 15:58:00;1192.0;547.0;;712.0;2451.0;22.04.2026 17:06;T11;af236a4e-3e4d-11f1-9441-6f6433492e1b;1;;
TP_15918222604_TPS_19310542604;TP_15918222604;595517;c814fed806c5c5a789814f22620c9d008468f33a82a7610f7b91b2e610dcdec6;2,03E+28;0;1;TPS_19310542604;HO2.25;HO2;25.0;VC;2026-04-22 12:25:00;2026-04-22 13:33:00;2026-04-22 13:44:00;2026-04-22 13:50:00;;676.0;;374.0;5102.0;22.04.2026 14:35;HO2, LL, T13;10ca695a-3e3f-11f1-b886-ef4032abfe55;1;2085083065;
TP_15918412604_TPS_19388242604;TP_15918412604;466681;12153e2c202cb174825b7fa860cb9235ed3ce5de6a1224527251aa1e9d5b8dd1;2,03E+28;0;1;TPS_19388242604;T09.03.01;T09;3.0;RMG;2026-04-22 12:34:00;2026-04-22 13:10:00;2026-04-22 13:20:00;2026-04-22 13:30:00;;601.0;;559.0;3320.0;22.04.2026 14:35;HO2, T09;ea041dfa-3e36-11f1-95d0-fbe417783ae1;1;;
TP_15918412604_TPS_19388232604;TP_15918412604;466681;12153e2c202cb174825b7fa860cb9235ed3ce5de6a1224527251aa1e9d5b8dd1;2,03E+28;1;0;TPS_19388232604;HO2.23;HO2;23.0;VC;2026-04-22 12:34:00;2026-04-22 13:02:00;2026-04-22 13:07:00;2026-04-22 13:30:00;1644.0;285.0;231.0;;;22.04.2026 14:35;HO2, T09;e9eff5be-3e36-11f1-95cf-c78138e6122a;1;;
TP_15918512604_TPS_19314122604;TP_15918512604;205633;a2c236e02aa4d0b2bd5510a6b6cf08b883ac54144287befe719c9b0c01cd208c;2,03E+28;0;1;TPS_19314122604;HO2.26;HO2;26.0;VC;2026-04-22 13:03:00;2026-04-22 13:25:00;2026-04-22 13:27:00;2026-04-22 13:32:00;;119.0;;325.0;1748.0;22.04.2026 14:35;HO2, T17;b6217694-3e3c-11f1-ae45-5b68af2f2ea3;1;2085280047;
TP_15919972604_TPS_19391622604;TP_15919972604;777267;8cb23ef8e13cdc04d1428539cccc35b3a5f9d86a079c69bb532ae9d3b9d2c2f1;2,03E+28;1;1;TPS_19391622604;T27.02.01;T27;2.0;RMG;2026-04-22 14:36:00;2026-04-22 14:46:00;2026-04-22 15:03:00;2026-04-22 15:18:00;561.0;1005.0;;929.0;2495.0;22.04.2026 16:05;T27;f5083dce-3e47-11f1-98a5-0fb48f708cd8;1;;
TP_15919992604_TPS_19314162604;TP_15919992604;961453;f475d505dd68ef5e85fc6e6f1876343de947590363cafb1359ba9102a0f84b38;2,03E+28;0;1;TPS_19314162604;HO2.30;HO2;30.0;VC;2026-04-22 14:37:00;2026-04-22 15:26:00;2026-04-22 15:29:00;2026-04-22 15:43:00;;204.0;;783.0;3932.0;22.04.2026 16:35;HO2, T23;b78fecc4-3e4e-11f1-afc4-e7d330e2e47b;1;2085636871;
TP_15922412604_TPS_19314202604;TP_15922412604;739919;aae96e701a73cd546eaf6c4664a2da6927a32059e2a46f90cee35b9f32116b0d;2,03E+28;0;1;TPS_19314202604;HO2.28;HO2;28.0;VC;2026-04-22 18:31:00;2026-04-22 19:29:00;2026-04-22 19:41:00;2026-04-22 22:34:00;;763.0;;10329.0;14535.0;22.04.2026 23:35;HO2, T10, T19;bf9f7430-3e70-11f1-b2dd-d7caf6bda78b;1;2086282220;
TP_15923042604_TPS_19314242604;TP_15923042604;596491;9e3323afad8cb717f0baabe1b5f7efcd0cb4616a27f12b3ea1f853dab3c1a72a;2,03E+28;0;1;TPS_19314242604;HO2.24;HO2;24.0;VC;2026-04-22 23:28:00;2026-04-22 23:54:00;2026-04-23 00:12:00;2026-04-23 00:23:00;;1044.0;;661.0;3287.0;23.04.2026 01:07;HO2, T16;d86b7728-3e95-11f1-b485-232e4e7f9920;1;2086709994;
TP_15923272604_TPS_19395412604;TP_15923272604;268433;4185b18b1424590a1a799eb49aa5fbb7ab2a9d87b670c13ccb23be25a39b12bf;2,03E+28;1;1;TPS_19395412604;T06.02.01;T06;2.0;RMG;2026-04-22 15:56:00;2026-04-22 16:10:00;2026-04-22 16:30:00;2026-04-22 16:34:00;786.0;1252.0;;197.0;2235.0;22.04.2026 17:35;T06;221d01cc-3e53-11f1-9a19-0f5b44aa3ab7;1;;
TP_15923322604_TPS_19395462604;TP_15923322604;968683;491c7d07fb34ef40e80fbbe430db1759ba6abc5d67d1d485ed9cf6d7dcc8d0e8;2,03E+28;1;1;TPS_19395462604;T13.01.01;T13;1.0;RMG;2026-04-22 15:59:00;2026-04-22 16:05:00;2026-04-22 16:23:00;2026-04-22 16:28:00;360.0;1065.0;;264.0;1689.0;22.04.2026 17:35;T13;8dc7eb4e-3e53-11f1-9a60-5bded1e10019;1;;
TP_15923402604_TPS_19392602604;TP_15923402604;331432;8142385fafa698504b3b582e99d9183c6f825d760ce69ff928881322638cbb5b;2,03E+28;1;1;TPS_19392602604;T09.03.01;T09;3.0;RMG;2026-04-22 16:22:00;2026-04-22 16:27:00;2026-04-22 16:50:00;2026-04-22 17:16:00;249.0;1411.0;;1555.0;3215.0;22.04.2026 18:05;T09;c3c50aee-3e56-11f1-bb8d-abb694deee4d;1;;
TP_15923412604_TPS_19314192604;TP_15923412604;521454;5e9603652f36b6cc8269ac6273899a2a9d4389b0a98e3705d8acd19fd38b0231;2,03E+28;0;1;TPS_19314192604;HO2.21;HO2;21.0;VC;2026-04-22 16:23:00;2026-04-22 18:27:00;2026-04-22 18:31:00;2026-04-22 18:40:00;;277.0;;524.0;8215.0;22.04.2026 19:09;HO2, T11;;0;2085972757;
TP_15924062604_TPS_19310582604;TP_15924062604;527400;bd0e1cf9ea8cac3c263cceb49287965965c59a2482afe2c32c63aa02994c9e0c;2,03E+28;0;1;TPS_19310582604;HO2.24;HO2;24.0;VC;2026-04-22 19:51:00;2026-04-22 20:29:00;2026-04-22 20:43:00;2026-04-22 20:51:00;;820.0;;498.0;3603.0;22.04.2026 21:09;HO2, LL, T14;;0;2086421354;
TP_15924762604_TPS_19392722604;TP_15924762604;459274;9f9ae168dbfc67420904b5775f7ddf795db8a1ef4219e8a54a68a94b08d540ba;2,03E+28;1;1;TPS_19392722604;T21.02.01;T21;2.0;RMG;2026-04-22 16:25:00;2026-04-22 16:36:00;2026-04-22 16:54:00;2026-04-22 17:07:00;640.0;1054.0;;802.0;2496.0;22.04.2026 18:05;T21;2f14af52-3e57-11f1-bc79-631af62575c1;1;;
TP_15926202604_TPS_19399722604;TP_15926202604;423801;0b742d09f03869a3b47b6f3b3ff19f4fd64bd27672410c8984185fd63554cc15;2,03E+28;1;1;TPS_19399722604;HO2.34;HO2;34.0;VC;2026-04-22 17:39:00;2026-04-22 17:50:00;2026-04-22 18:17:00;2026-04-22 18:23:00;635.0;1598.0;;398.0;2631.0;22.04.2026 19:09;HO2;;0;;
TP_15926352604_20260422191841000000024793239;TP_15926352604;210892;0db946363e2898b7d033cc1037db2a2e5b8a85866cfa0d0bd681e6222e067ed1;2,03E+28;1;1;2,03E+28;LL;LL;;Leerlager;2026-04-22 18:57:00;2026-04-22 19:02:00;2026-04-22 19:18:00;2026-04-22 19:22:00;292.0;950.0;;239.0;1481.0;22.04.2026 20:05;LL;202df25d-3e6f-11f1-a720-d38947571cde;1;;
TP_15926452604_TPS_19402462604;TP_15926452604;550423;f2d47a2f8447897ab948c9d8e1e667bfba7392bf97fe72337c31f4e6da1c3ef7;2,03E+28;0;1;TPS_19402462604;HO2.32;HO2;32.0;VC;2026-04-22 19:39:00;2026-04-22 20:02:00;2026-04-22 20:16:00;2026-04-22 20:23:00;;841.0;;393.0;2588.0;22.04.2026 21:09;HO2, LL;492fe882-3e72-11f1-ac48-c76d58094a1f;1;;
TP_15926452604_20260422195529000000024793287;TP_15926452604;550423;f2d47a2f8447897ab948c9d8e1e667bfba7392bf97fe72337c31f4e6da1c3ef7;2,03E+28;1;0;2,03E+28;LL;LL;;Leerlager;2026-04-22 19:39:00;2026-04-22 19:43:00;2026-04-22 19:55:00;2026-04-22 20:23:00;182.0;748.0;424.0;;;22.04.2026 21:09;HO2, LL;bd33855f-3e72-11f1-a720-d38947571cde;1;;
TP_15927072604_TPS_19393462604;TP_15927072604;849775;aca861e70fc2b67d8010ae31d1a6ed9fb779ffb32db599efdd67039c4f09f90b;2,03E+28;1;1;TPS_19393462604;T22.02.01;T22;2.0;RMG;2026-04-22 16:34:00;2026-04-22 16:40:00;2026-04-22 16:56:00;2026-04-22 17:02:00;307.0;972.0;;389.0;1668.0;22.04.2026 18:05;T22;70e3a432-3e58-11f1-bb4a-1b8db9ec471b;1;;
TP_15927362604_TPS_19310572604;TP_15927362604;744363;0c82574146de476be123c9ec9994fe572f1cac064b1d64e33941e069c689c43f;2,03E+28;0;0;TPS_19310572604;HO2.24;HO2;24.0;VC;2026-04-22 16:52:00;2026-04-22 19:09:00;2026-04-22 19:17:00;2026-04-22 20:04:00;;439.0;1050.0;;;22.04.2026 21:09;HO2, T06, T13;00b4e624-3e6e-11f1-bac8-27cf81990565;1;2086047091;
TP_15927902604_TPS_19400392604;TP_15927902604;689026;3f518b9d62d0e6ffebe2b56e467ffac6860992886e700087dd05247e9aef2db2;2,03E+28;0;1;TPS_19400392604;HO2.28;HO2;28.0;VC;2026-04-22 18:47:00;2026-04-22 21:42:00;2026-04-22 21:47:00;2026-04-22 21:54:00;;311.0;;416.0;11237.0;22.04.2026 22:35;HO2, T13, T16;e81950ee-3e6a-11f1-ae93-8b344240f64b;1;2086318910;
TP_15928012604_TPS_19402402604;TP_15928012604;494731;3b95722adf638471106658c6a819d7b8cef2cb16de68ca9e771ccbacac23ac7f;2,03E+28;0;1;TPS_19402402604;T27.02.01;T27;2.0;RMG;2026-04-22 19:37:00;2026-04-22 20:01:00;2026-04-22 20:04:00;2026-04-22 20:21:00;;183.0;;962.0;2582.0;22.04.2026 21:09;LL, T27;00e68234-3e72-11f1-ac2a-1bfc5fd26f89;1;;
TP_15928012604_20260422194924000000024793273;TP_15928012604;494731;3b95722adf638471106658c6a819d7b8cef2cb16de68ca9e771ccbacac23ac7f;2,03E+28;1;0;2,03E+28;LL;LL;;Leerlager;2026-04-22 19:37:00;2026-04-22 19:44:00;2026-04-22 19:49:00;2026-04-22 20:21:00;379.0;307.0;751.0;;;22.04.2026 21:09;LL, T27;fe26b7ec-3e72-11f1-a720-d38947571cde;1;;
TP_15928022604_TPS_19396372604;TP_15928022604;627834;54796cecec3156cfdd34aa68056915ca86c933049f182637bde10d8ffbbe352a;2,03E+28;1;1;TPS_19396372604;HO2.27;HO2;27.0;VC;2026-04-22 19:56:00;2026-04-22 20:03:00;2026-04-22 20:26:00;2026-04-22 20:34:00;415.0;1334.0;;479.0;2228.0;22.04.2026 21:09;HO2;a8c3a516-3e74-11f1-a9f0-43245bda9d7b,a8d7339c-3e74-11f1-a9f1-bfd3ac0f5d22,a8ed1216-3e74-11f1-a9f2-9bd982b1cfe0,a8ed2e9a-3e74-11f1-a9f3-7fcd2198680f;4;;
TP_15928072604_TPS_19396462604;TP_15928072604;726306;3e475a632f4fed2568feb52c7f086fe4a37187b5286cc5f2d349235f5bc9f1b4;2,03E+28;1;1;TPS_19396462604;HO2.33;HO2;33.0;VC;2026-04-22 20:05:00;2026-04-22 20:17:00;2026-04-22 20:40:00;2026-04-22 20:52:00;664.0;1424.0;;724.0;2812.0;22.04.2026 21:09;HO2;eb14d128-3e75-11f1-aae4-c3c298b17574,eb2831a0-3e75-11f1-aae5-d3705a1c0123;2;;
TP_15929902604_TPS_19401382604;TP_15929902604;457563;6d82207fc59817b9160fd252d6b2f8e0288d4b82b227e5e13b50dd58e1f31ed9;2,03E+28;0;1;TPS_19401382604;HO2.31;HO2;31.0;VC;2026-04-22 20:26:00;2026-04-22 21:25:00;2026-04-22 21:29:00;2026-04-22 21:37:00;;291.0;;450.0;4245.0;22.04.2026 22:35;HO2, T12, T19;d07d9216-3e78-11f1-a34b-3fbb7c4b3705;1;2086464323;
TP_15929962604_TPS_19314232604;TP_15929962604;529448;7cac1a4bf54119103d3fc12637792e627c5fccbb0f61973b17039e0623d35919;2,03E+28;0;1;TPS_19314232604;HO2.31;HO2;31.0;VC;2026-04-22 21:14:00;2026-04-22 21:47:00;2026-04-22 21:48:00;2026-04-22 21:54:00;;61.0;;403.0;2396.0;22.04.2026 22:35;HO2, T07;fd988c78-3e83-11f1-b3e4-8fefeedd361a;1;2086497564;
TP_15931002604_TPS_19401612604;TP_15931002604;234309;7c277d57a95089b08b9559ffc0adebd72e06d694d3919370c6a36047d7856d15;2,03E+28;1;1;TPS_19401612604;T16.01.01;T16;1.0;RMG;2026-04-22 23:02:00;2026-04-22 23:06:00;2026-04-22 23:25:00;2026-04-22 23:29:00;190.0;1189.0;;230.0;1609.0;23.04.2026 00:05;T16;a4e05f1a-3e8e-11f1-ba6f-4fcb67a5dd1b;1;;
TP_15932452604_TPS_19310622604;TP_15932452604;572426;54ae220a8918a6cea02282506085158a5e0f4ab3f4208705dd70ef813ba91582;2,03E+28;0;0;TPS_19310622604;HO2.28;HO2;28.0;VC;2026-04-23 02:40:00;2026-04-23 02:56:00;2026-04-23 03:12:00;2026-04-23 03:22:00;;959.0;185.0;;;23.04.2026 04:35;HO2, T16;41e1e98a-3eaf-11f1-beb4-dfc0ade2754e;1;2086994156;
TP_15932702604_TPS_19310642604;TP_15932702604;296425;11de731f9c66abb83ba2e050ffeac4aeb7c4fe4ac6ec70f1a5fad8c083295702;2,03E+28;0;1;TPS_19310642604;HO2.28;HO2;28.0;VC;2026-04-23 05:10:00;2026-04-23 05:46:00;2026-04-23 05:51:00;2026-04-23 06:01:00;;258.0;;602.0;3018.0;23.04.2026 07:06;HO2, T24;0595e054-3ec7-11f1-a2b6-638f13324281;1;2087145963;
TP_15932712604_TPS_19405692604;TP_15932712604;628485;0431a741d9410baa625dff5bc37e92a8a0f27b5464b80c03fc02e9e09ee8c6a3;2,03E+28;0;1;TPS_19405692604;T21.01.01;T21;1.0;RMG;2026-04-23 05:11:00;2026-04-23 05:29:00;2026-04-23 05:36:00;2026-04-23 05:39:00;;393.0;;207.0;1668.0;23.04.2026 06:35;HO2, T21;32a57208-3ec2-11f1-a581-9ffccb266ca5;1;;
TP_15932712604_TPS_19405682604;TP_15932712604;628485;0431a741d9410baa625dff5bc37e92a8a0f27b5464b80c03fc02e9e09ee8c6a3;2,03E+28;1;0;TPS_19405682604;HO2.28;HO2;28.0;VC;2026-04-23 05:11:00;2026-04-23 05:17:00;2026-04-23 05:26:00;2026-04-23 05:39:00;358.0;535.0;175.0;;;23.04.2026 06:35;HO2, T21;32923760-3ec2-11f1-a580-b77434d46779;1;;
TP_15933572604_TPS_19310602604;TP_15933572604;627682;1afc41fce09636a0bccc087d1d3949f563332182b2c493ea5430ab5b6d808cd6;2,03E+28;0;1;TPS_19310602604;HO2.26;HO2;26.0;VC;2026-04-23 01:04:00;2026-04-23 01:38:00;2026-04-23 01:48:00;2026-04-23 01:53:00;;620.0;;285.0;2931.0;23.04.2026 03:06;HO2, T13;;0;2086851518;
TP_15933752604_TPS_19402092604;TP_15933752604;596491;9e3323afad8cb717f0baabe1b5f7efcd0cb4616a27f12b3ea1f853dab3c1a72a;2,03E+28;1;1;TPS_19402092604;T17.03.01;T17;3.0;RMG;2026-04-23 02:00:00;2026-04-23 02:04:00;2026-04-23 02:07:00;2026-04-23 02:13:00;228.0;148.0;;358.0;734.0;23.04.2026 03:06;T17;836dfdc4-3ea7-11f1-bd30-ff1831ca696c;1;;
TP_15934042604_20260423063001000000024813504;TP_15934042604;309349;cbbbe15c4e89c706d8ddd2f9e5bebe170129c1c5a3c443bb46821bd39980c1f1;2,03E+28;1;1;2,03E+28;LL;LL;;Leerlager;2026-04-23 06:19:00;2026-04-23 06:25:00;2026-04-23 06:30:00;2026-04-23 06:32:00;321.0;281.0;;124.0;726.0;23.04.2026 07:35;LL;7214284b-3ecc-11f1-a720-d38947571cde;1;;
TP_15934722604_20260423105528000000024820524;TP_15934722604;736500;be04cd795ca40c50db53b22fa55496c64db6f5f0cdb6b8898daa3ea38037ff2d;2,03E+28;1;1;2,03E+28;LL;LL;;Leerlager;2026-04-23 10:42:00;2026-04-23 10:48:00;2026-04-23 10:55:00;2026-04-23 11:00:00;330.0;419.0;;309.0;1058.0;23.04.2026 12:05;LL;3eb7d029-3ef1-11f1-a720-d38947571cde;1;;
TP_15934992604_TPS_19310632604;TP_15934992604;457588;f9f6fdb79a487f3f9dc2c8509b33596a9de5cc42e80aeba0e2406d8c44ba4f49;2,03E+28;0;1;TPS_19310632604;HO2.22;HO2;22.0;VC;2026-04-23 03:40:00;2026-04-23 04:01:00;2026-04-23 04:14:00;2026-04-23 04:21:00;;788.0;;410.0;2450.0;23.04.2026 05:35;HO2, T16;4e20f2dc-3eb8-11f1-bf62-5feb5942ff92;1;2087056608;
TP_15935322604_TPS_19310652604;TP_15935322604;879399;efb8ea8d08c2c3d0228197d328980a6a5e889b8d8ff7955fcff84b4387503bb5;2,03E+28;0;1;TPS_19310652604;HO2.28;HO2;28.0;VC;2026-04-23 06:38:00;2026-04-23 07:01:00;2026-04-23 07:23:00;2026-04-23 07:49:00;;1295.0;;1575.0;4255.0;23.04.2026 08:35;HO2, T16;;0;2087254236;
TP_15935382604_TPS_19407152604;TP_15935382604;282642;afc3783e0d748e071d8f310178bf261a8a659d5019a011c397152d10652b8b25;2,03E+28;1;1;TPS_19407152604;T10.03.01;T10;3.0;RMG;2026-04-23 06:48:00;2026-04-23 06:54:00;2026-04-23 07:09:00;2026-04-23 07:13:00;312.0;904.0;;250.0;1466.0;23.04.2026 08:05;T10;be9559c4-3ecf-11f1-a8c0-c767e7b11087,bea92ee0-3ecf-11f1-a8c1-9743499e4572;2;;
TP_15936802604_TPS_19314252604;TP_15936802604;550903;28c2bbf851b51eb70ca0ccc8fea7bda1c7a9d79543cf7b94f6b9a968c89ad553;2,03E+28;0;1;TPS_19314252604;HO2.28;HO2;28.0;VC;2026-04-23 07:46:00;2026-04-23 08:10:00;2026-04-23 08:28:00;2026-04-23 08:33:00;;1064.0;;322.0;2846.0;23.04.2026 09:35;HO2, T10;272a881e-3edb-11f1-b7bc-93b029bd23de;1;2087622072;
TP_15936842604_TPS_19408142604;TP_15936842604;968683;491c7d07fb34ef40e80fbbe430db1759ba6abc5d67d1d485ed9cf6d7dcc8d0e8;2,03E+28;1;1;TPS_19408142604;HO2.26;HO2;26.0;VC;2026-04-23 07:47:00;2026-04-23 07:54:00;2026-04-23 08:06:00;2026-04-23 08:12:00;404.0;692.0;;385.0;1481.0;23.04.2026 09:06;HO2;fcb3f8b6-3ed7-11f1-a282-abd35087113b;1;;
TP_15936942604_20260423083256000000024820228;TP_15936942604;255370;e55d166813e43c57829965dddaf2b27de2ad00140026dfdf6159d246c1b2d416;2,03E+28;0;1;2,03E+28;LL;LL;;Leerlager;2026-04-23 07:57:00;2026-04-23 08:22:00;2026-04-23 08:32:00;2026-04-23 08:39:00;;630.0;;372.0;2471.0;23.04.2026 09:35;HO2, LL;b282638c-3edd-11f1-a720-d38947571cde;1;;
TP_15936942604_TPS_19408272604;TP_15936942604;255370;e55d166813e43c57829965dddaf2b27de2ad00140026dfdf6159d246c1b2d416;2,03E+28;1;0;TPS_19408272604;HO2.25;HO2;25.0;VC;2026-04-23 07:57:00;2026-04-23 08:06:00;2026-04-23 08:12:00;2026-04-23 08:39:00;535.0;335.0;599.0;;;23.04.2026 09:35;HO2, LL;61a2b112-3ed9-11f1-a37a-5bd575ccc594;1;;
TP_15937152604_TPS_19310742604;TP_15937152604;356117;7b2b8900991ca8cc13728ac39b12b1834b51c9265abd5cf596be2b590445dfc4;2,03E+28;0;1;TPS_19310742604;HO2.26;HO2;26.0;VC;2026-04-23 08:11:00;2026-04-23 11:15:00;2026-04-23 11:22:00;2026-04-23 11:30:00;;422.0;;498.0;11940.0;23.04.2026 12:35;HO2, T17;f4410508-3ef4-11f1-a6d9-4f5535402b8b;1;2087664348;
TP_15937492604_TPS_19405942604;TP_15937492604;434207;48d9f373ff9b28f75919741f1f00293838b6b7befec81ea0df141ac73fcd5d59;2,03E+28;1;1;TPS_19405942604;T17.01.01;T17;1.0;RMG;2026-04-23 07:15:00;2026-04-23 07:22:00;2026-04-23 07:24:00;2026-04-23 07:34:00;365.0;150.0;;605.0;1120.0;23.04.2026 08:35;T17;84c145e2-3ed3-11f1-b2fa-0f636d9b8ebb;1;;
TP_15937942604_TPS_19411652604;TP_15937942604;826698;1c2a239aa59f4af0d3397a3fd9bd7b5c950802b8428d14e2b186de760fc2bb37;2,03E+28;1;1;TPS_19411652604;T25.02.01;T25;2.0;RMG;2026-04-23 08:30:00;2026-04-23 08:41:00;2026-04-23 08:47:00;2026-04-23 08:54:00;617.0;398.0;;388.0;1403.0;23.04.2026 10:05;T25;fdeaa45e-3edd-11f1-bf04-1ba3e0d956fa;1;;
TP_15938102604_TPS_19413142604;TP_15938102604;408350;9343344095d71d891f2c66eac6e68eebe8c09c1ac39b707c79a0141bff80fd7c;2,03E+28;0;1;TPS_19413142604;HO2.30;HO2;30.0;VC;2026-04-23 09:12:00;2026-04-23 09:41:00;2026-04-23 09:45:00;2026-04-23 09:54:00;;237.0;;511.0;2493.0;23.04.2026 11:06;HO2, T21, T25;d6dda996-3ee3-11f1-be53-6721f7581fe3;1;2087824736;
TP_15938252604_TPS_19413632604;TP_15938252604;900906;72053cc66c60e87318c77bee298e671f52982b7287a1df9c009b855351b1ab35;2,03E+28;1;1;TPS_19413632604;T25.02.01;T25;2.0;RMG;2026-04-23 10:04:00;2026-04-23 10:11:00;2026-04-23 10:21:00;2026-04-23 10:30:00;373.0;597.0;;563.0;1533.0;23.04.2026 11:35;T25;1fa18934-3eeb-11f1-9c28-e3bc56c4caf9;1;;
TP_15938402604_TPS_19414012604;TP_15938402604;893614;86b3b2392050d64f46d422ec23526047a5e06ea103a87582ce286fa2bc8da7aa;2,03E+28;1;1;TPS_19414012604;T12.03.01;T12;3.0;RMG;2026-04-23 10:13:00;2026-04-23 10:21:00;2026-04-23 10:36:00;2026-04-23 10:52:00;445.0;880.0;;973.0;2298.0;23.04.2026 11:35;T12;6114caf6-3eec-11f1-b21e-cfe782d59d99;1;;
TP_15938572604_TPS_19406062604;TP_15938572604;469233;a82bd1b7c6247ae5ed320919865ec5eacd456c650cb8c87fe5a455a2878adafa;2,03E+28;1;1;TPS_19406062604;T20.01.01;T20;1.0;RMG;2026-04-23 08:34:00;2026-04-23 08:47:00;2026-04-23 08:50:00;2026-04-23 08:56:00;763.0;195.0;;308.0;1266.0;23.04.2026 10:05;T20;8e11e8c6-3ede-11f1-b57c-a7cd52d531ae;1;;
TP_15939012604_TPS_19411192604;TP_15939012604;442163;5caa70e012219faa5d563977f26ac0e1c834e60a029411093ee582bb23a2f4f6;2,03E+28;1;1;TPS_19411192604;HO2.25;HO2;25.0;VC;2026-04-23 09:31:00;2026-04-23 09:53:00;2026-04-23 09:59:00;2026-04-23 10:06:00;1289.0;381.0;;372.0;2042.0;23.04.2026 11:06;HO2;840712d6-3ee6-11f1-b588-0373a52c9aab;1;;
TP_15940932604_TPS_19421472604;TP_15940932604;947872;ac029677c9b0a6983e86586454f26e5843a27ca1ba76fa7d417103a7b9c1719c;2,03E+28;0;1;TPS_19421472604;HO2.31;HO2;31.0;VC;2026-04-23 12:32:00;2026-04-23 13:34:00;2026-04-23 13:42:00;2026-04-23 13:56:00;;468.0;;889.0;5062.0;23.04.2026 15:06;HO2, T11, T21;be95c726-3eff-11f1-b266-bf8ddd83374e;1;2089267738;
TP_15941942604_TPS_19421942604;TP_15941942604;634021;b2c618062fa7c6a4a8d9618ab5eed49a75f1ebca53c8aceab3dfd0bd81b67798;2,03E+28;1;1;TPS_19421942604;T22.02.01;T22;2.0;RMG;2026-04-23 12:41:00;2026-04-23 12:46:00;2026-04-23 13:08:00;2026-04-23 13:13:00;253.0;1317.0;;297.0;1867.0;23.04.2026 14:05;T22;0eb4479a-3f01-11f1-b3cb-17465915d8df;1;;
TP_15942362604_TPS_19423632604;TP_15942362604;201078;cab76df9ac1d9f8a5d0a69b5829ffdffb970fa67cf6a79c64710e894899667a8;2,03E+28;1;1;TPS_19423632604;T12.02.01;T12;2.0;RMG;2026-04-23 15:05:00;2026-04-23 15:10:00;2026-04-23 15:14:00;2026-04-23 15:19:00;265.0;238.0;;280.0;783.0;23.04.2026 16:05;T12;2cf78f0a-3f15-11f1-bcda-f3fab2692632;1;;
TP_15942562604_TPS_19417822604;TP_15942562604;312904;0db692424492950247bf7681496419439f966309ec344cd0c2c18576c6386162;2,03E+28;1;1;TPS_19417822604;T24.02.01;T24;2.0;RMG;2026-04-23 10:52:00;2026-04-23 11:02:00;2026-04-23 11:15:00;2026-04-23 11:23:00;591.0;789.0;;441.0;1821.0;23.04.2026 12:35;T24;d487d3ca-3ef1-11f1-b512-07aac2ea5988;1;;
TP_15943482604_TPS_19314352604;TP_15943482604;853493;dcdae296bf3ce991e3cfa7187edddf5bdc5104e574383a0a902f31b782771795;2,03E+28;0;1;TPS_19314352604;HO2.29;HO2;29.0;VC;2026-04-23 15:37:00;2026-04-23 17:10:00;2026-04-23 17:37:00;2026-04-23 17:44:00;;1573.0;;465.0;7635.0;23.04.2026 18:35;HO2, T16;f30751a2-3f25-11f1-bbcd-b3e924aad687;1;2089755182;
TP_15944152604_TPS_19415772604;TP_15944152604;783161;f786d218c6cac09a52db548f4ae575691b45b1660b5a00e86a9f651d0b7198a9;2,03E+28;1;1;TPS_19415772604;T14.03.01;T14;3.0;RMG;2026-04-23 12:08:00;2026-04-23 12:15:00;2026-04-23 12:25:00;2026-04-23 12:35:00;362.0;644.0;;563.0;1569.0;23.04.2026 13:35;T14;72b999e8-3efc-11f1-ab9f-9b2f84389176;1;;
TP_15944342604_TPS_19310772604;TP_15944342604;909385;107cb3bb0df0db218cc38b9863bba0523cc99713c61e05207bfb0344c48fd1e8;2,03E+28;0;1;TPS_19310772604;HO2.24;HO2;24.0;VC;2026-04-23 12:35:00;2026-04-23 13:48:00;2026-04-23 13:57:00;2026-04-23 14:10:00;;513.0;;816.0;5730.0;23.04.2026 15:06;HO2, T16;;0;2089276640;
TP_15944732604_TPS_19420872604;TP_15944732604;990012;466ee8f6f958397257cad6fd5d173a54bc6c373070fe0499ccbcfb4959996527;2,03E+28;1;1;TPS_19420872604;T08.01.01;T08;1.0;RMG;2026-04-23 13:25:00;2026-04-23 13:54:00;2026-04-23 14:12:00;2026-04-23 14:18:00;1681.0;1097.0;;399.0;3177.0;23.04.2026 15:06;T08;33e7f9b6-3f07-11f1-9d4c-8fc7f8f270f8;1;;
TP_15944802604_TPS_19419472604;TP_15944802604;280690;653273f2836e18d702f133ad6042177a9987a2600d0afa3337a5319105dde4af;2,03E+28;1;1;TPS_19419472604;T27.01.01;T27;1.0;RMG;2026-04-23 13:29:00;2026-04-23 13:46:00;2026-04-23 13:50:00;2026-04-23 14:01:00;1014.0;226.0;;680.0;1920.0;23.04.2026 15:06;T27;c347c352-3f07-11f1-afd1-132cd2d1e30b;1;;
TP_15945002604_TPS_19416712604;TP_15945002604;599469;361b7f81c57539caed35cfa8e7e9a86f7e00cb92c5ae16a2416548e23979e5d7;2,03E+28;1;1;TPS_19416712604;T13.04.01;T13;4.0;RMG;2026-04-23 11:00:00;2026-04-23 11:06:00;2026-04-23 12:03:00;2026-04-23 12:10:00;346.0;3411.0;;426.0;4183.0;23.04.2026 13:06;T13;f4b08ba0-3ef2-11f1-ad41-47c7d00c3bec,f4c4fd9c-3ef2-11f1-ad42-234137d57cff;2;;
TP_15945132604_TPS_19417502604;TP_15945132604;268575;eeffe20e945d3bd22c92cc9c298e0c68283431bc4f25995ffde6406cf8469cad;2,03E+28;1;1;TPS_19417502604;HO2.32;HO2;32.0;VC;2026-04-23 11:46:00;2026-04-23 12:23:00;2026-04-23 12:55:00;2026-04-23 13:07:00;2198.0;1918.0;;699.0;4815.0;23.04.2026 14:05;HO2;5fbb99a2-3ef9-11f1-b053-afe5479e87c3;1;;
TP_15945162604_TPS_19417602604;TP_15945162604;419992;5894b4eb0aa2c3ae28b17c059a73a8b45a31415bbc1bfbc802dad915c6c26247;2,03E+28;1;1;TPS_19417602604;T20.04.01;T20;4.0;RMG;2026-04-23 11:48:00;2026-04-23 11:55:00;2026-04-23 12:29:00;2026-04-23 12:47:00;404.0;2042.0;;1081.0;3527.0;23.04.2026 13:35;T20;a710d754-3ef9-11f1-b096-c3fa033912e7,a725ca9c-3ef9-11f1-b097-f77913baa196;2;;
TP_15945752604_TPS_19314272604;TP_15945752604;344576;945ee609b708b28efabbb07629fcc1e6d879ae4251fa7c2389e3d2f3f37153ae;2,03E+28;0;0;TPS_19314272604;HO2.29;HO2;29.0;VC;2026-04-23 14:13:00;2026-04-23 14:50:00;2026-04-23 15:18:00;2026-04-23 15:32:00;;1728.0;245.0;;;23.04.2026 16:35;HO2, T16;368a3f48-3f12-11f1-bb0b-8f569e3a82f6;1;2089626120;
TP_15946092604_TPS_19412362604;TP_15946092604;746840;ef22387c153aaf8770cd484dbe0148046f003c393daf16bf0d182417e124909a;2,03E+28;1;1;TPS_19412362604;T11.02.01;T11;2.0;RMG;2026-04-23 15:52:00;2026-04-23 16:30:00;2026-04-23 16:42:00;2026-04-23 16:50:00;2242.0;703.0;;497.0;3442.0;23.04.2026 17:35;T11;bd09bb80-3f1b-11f1-b52b-4fe58722d592;1;;
TP_15946312604_TPS_19310792604;TP_15946312604;940042;c5290be81f6fb2fa4671025767f97487fbfb466b32f888db00712594a1c38cac;2,03E+28;0;1;TPS_19310792604;HO2.33;HO2;33.0;VC;2026-04-23 11:42:00;2026-04-23 13:45:00;2026-04-23 14:06:00;2026-04-23 14:35:00;;1218.0;;1758.0;10388.0;23.04.2026 15:35;HO2, T11, T23;d48fbf96-3f09-11f1-a818-eb8cdd3eef86;1;2089014608;
TP_15946672604_TPS_19310802604;TP_15946672604;626878;ebc065c43fb9fea82d1cf4171ce6f05426b8baf885ec704ba4bc03831d072d15;2,03E+28;0;1;TPS_19310802604;HO2.35;HO2;35.0;VC;2026-04-23 13:06:00;2026-04-23 14:03:00;2026-04-23 14:09:00;2026-04-23 15:22:00;;337.0;;4390.0;8183.0;23.04.2026 16:05;HO2, T09;410ac704-3f0c-11f1-a82d-87f34a72b26c;1;2089415920;
TP_15946802604_TPS_19310822604;TP_15946802604;305331;1536eddf311d77b07a2bb6e3d02a9f278fde90c66816c34fc5d9dfb7ed6f2b3d;2,03E+28;0;1;TPS_19310822604;HO2.23;HO2;23.0;VC;2026-04-23 13:58:00;2026-04-23 14:28:00;2026-04-23 14:35:00;2026-04-23 14:41:00;;414.0;;359.0;2576.0;23.04.2026 15:35;HO2, T16;;0;2089595542;
TP_15947372604_TPS_19310842604;TP_15947372604;235617;a3a9c3c2b0005047010ca6aefede06e2ec7897cfc8ada2ae0c543c3bf1e911ff;2,03E+28;0;1;TPS_19310842604;HO2.34;HO2;34.0;VC;2026-04-23 14:50:00;2026-04-23 15:37:00;2026-04-23 15:48:00;2026-04-23 15:59:00;;621.0;;673.0;4148.0;23.04.2026 17:06;HO2, T16;8117cd6a-3f16-11f1-a894-e3d805c453be;1;2089741985;
TP_15947822604_TPS_19419632604;TP_15947822604;399271;97c522db978b8e93a1a0aa1447a0e0fd8f20ac0c3f4fee391b87c770ca4c8223;2,03E+28;0;1;TPS_19419632604;HO2.27;HO2;27.0;VC;2026-04-23 13:33:00;2026-04-23 14:23:00;2026-04-23 14:30:00;2026-04-23 14:43:00;;419.0;;739.0;4153.0;23.04.2026 15:35;HO2, T16;4d9ab280-3f08-11f1-b002-477c20b2aeb6;1;2089515749;
TP_15948192604_TPS_19424152604;TP_15948192604;262031;0259fa9df7836aa42d4360ab056e48e8f4f3925d5426952bbc4b93b7d5ababc7;2,03E+28;1;1;TPS_19424152604;T25.01.01;T25;1.0;RMG;2026-04-23 13:54:00;2026-04-23 14:10:00;2026-04-23 14:21:00;2026-04-23 14:35:00;922.0;645.0;;892.0;2459.0;23.04.2026 15:35;T25;410e08a2-3f0b-11f1-b198-e348992796bc;1;;
TP_15948602604_TPS_19422382604;TP_15948602604;510379;0efbb9737af486e9e412ab16ac647134ec9d1b6654d25a254f318e738d425786;2,03E+28;1;1;TPS_19422382604;T27.02.01;T27;2.0;RMG;2026-04-23 15:17:00;2026-04-23 15:24:00;2026-04-23 15:29:00;2026-04-23 15:38:00;374.0;346.0;;510.0;1230.0;23.04.2026 16:35;T27;da0fa9d8-3f16-11f1-9ca5-53dae85a887b;1;;
TP_15948842604_TPS_19421282604;TP_15948842604;440843;25e377b5e35963b1cc62fc158e20889b6bc5924e16d7f845fefa9b4ecbd2be97;2,03E+28;0;1;TPS_19421282604;T11.02.01;T11;2.0;RMG;2026-04-23 14:31:00;2026-04-23 15:39:00;2026-04-23 15:55:00;2026-04-23 16:01:00;;967.0;;366.0;5396.0;23.04.2026 17:06;HO2, T11;6c8bd112-3f10-11f1-a811-4309d852c0bd;1;;
TP_15948842604_TPS_19421272604;TP_15948842604;440843;25e377b5e35963b1cc62fc158e20889b6bc5924e16d7f845fefa9b4ecbd2be97;2,03E+28;1;0;TPS_19421272604;HO2.34;HO2;34.0;VC;2026-04-23 14:31:00;2026-04-23 14:43:00;2026-04-23 15:09:00;2026-04-23 16:01:00;667.0;1599.0;1797.0;;;23.04.2026 17:06;HO2, T11;6c777c12-3f10-11f1-a810-5f83913d67d8;1;;
TP_15950092604_TPS_19423422604;TP_15950092604;496797;0b3781f2e11c4d34b822d191b6f06285ea95a66914b1287c23bd6474fa404797;2,03E+28;0;1;TPS_19423422604;T25.02.01;T25;2.0;RMG;2026-04-23 14:57:00;2026-04-23 15:20:00;2026-04-23 15:24:00;2026-04-23 15:31:00;;230.0;;454.0;2033.0;23.04.2026 16:35;T11, T25;0efa1bfe-3f14-11f1-bc7b-ab6a754e873d;1;;
TP_15950092604_TPS_19423412604;TP_15950092604;496797;0b3781f2e11c4d34b822d191b6f06285ea95a66914b1287c23bd6474fa404797;2,03E+28;1;0;TPS_19423412604;T11.03.01;T11;3.0;RMG;2026-04-23 14:57:00;2026-04-23 15:07:00;2026-04-23 15:17:00;2026-04-23 15:31:00;580.0;608.0;161.0;;;23.04.2026 16:35;T11, T25;0ee497e8-3f14-11f1-bc7a-2f2216e0752f;1;;
TP_15951952604_TPS_19428522604;TP_15951952604;753931;0c6fe300d047b91e49dbc077ae46d6ea03436c37eeeb465f1f3e7a500dab8bdf;2,03E+28;1;1;TPS_19428522604;T12.03.01;T12;3.0;RMG;2026-04-23 16:42:00;2026-04-23 16:48:00;2026-04-23 16:58:00;2026-04-23 17:16:00;323.0;625.0;;1081.0;2029.0;23.04.2026 18:05;T12;b9ababfe-3f22-11f1-af0d-6bb668b6e441,b9c0f4c8-3f22-11f1-af0e-9fa7fda4ae9b;2;;
TP_15952172604_TPS_19427442604;TP_15952172604;403639;b0df4355c33b2ebec0716230394a7a738ae520023a3f3108ff1d4e1875a8b3e1;2,03E+28;0;1;TPS_19427442604;T07.03.01;T07;3.0;RMG;2026-04-23 17:40:00;2026-04-23 18:22:00;2026-04-23 18:43:00;2026-04-23 18:48:00;;1258.0;;288.0;4034.0;23.04.2026 19:09;T07, T24;d44312ce-3f2a-11f1-b10f-fb38f9bcb0ae;1;;
TP_15952172604_TPS_19427432604;TP_15952172604;403639;b0df4355c33b2ebec0716230394a7a738ae520023a3f3108ff1d4e1875a8b3e1;2,03E+28;1;0;TPS_19427432604;T24.04.01;T24;4.0;RMG;2026-04-23 17:40:00;2026-04-23 17:46:00;2026-04-23 18:00:00;2026-04-23 18:48:00;308.0;842.0;1338.0;;;23.04.2026 19:09;T07, T24;d42ed6f6-3f2a-11f1-b10e-631f0cd51bb9;1;;
TP_15954312604_TPS_19430702604;TP_15954312604;382155;ff7de343c71f3f1afa0065c2fc747f64525e2d932bbb5349c907a4c80a0ef3cc;2,03E+28;1;1;TPS_19430702604;T21.01.01;T21;1.0;RMG;2026-04-23 16:47:00;2026-04-23 16:55:00;2026-04-23 17:01:00;2026-04-23 17:08:00;469.0;326.0;;437.0;1232.0;23.04.2026 18:05;T21;6c88acae-3f23-11f1-abab-7379d0c85638;1;;
TP_15954842604_TPS_19314372604;TP_15954842604;242712;216864fd1ceb91da5dcd51b751e6b6f5781f73e377e52431503e8ab1678d96ae;2,03E+28;0;1;TPS_19314372604;HO2.28;HO2;28.0;VC;2026-04-23 20:17:00;2026-04-23 20:34:00;2026-04-23 20:39:00;2026-04-23 20:44:00;;292.0;;297.0;1660.0;23.04.2026 21:09;HO2, T22;193fa38e-3f43-11f1-bd0d-af2075dcfe28;1;2090797466;
TP_15955352604_TPS_19428082604;TP_15955352604;894351;687406399afd7029a7caaa4c4c986c67eeb3a414dd9702356066c03abee999fb;2,03E+28;0;1;TPS_19428082604;T23.03.01;T23;3.0;RMG;2026-04-23 16:33:00;2026-04-23 16:55:00;2026-04-23 17:10:00;2026-04-23 17:18:00;;919.0;;460.0;2651.0;23.04.2026 18:05;LL, T23;77ab0fca-3f21-11f1-adea-afee931aa9fd;1;;
TP_15955352604_20260423164619000000024834036;TP_15955352604;894351;687406399afd7029a7caaa4c4c986c67eeb3a414dd9702356066c03abee999fb;2,03E+28;1;0;2,03E+28;LL;LL;;Leerlager;2026-04-23 16:33:00;2026-04-23 16:40:00;2026-04-23 16:46:00;2026-04-23 17:18:00;408.0;332.0;532.0;;;23.04.2026 18:05;LL, T23;a9012aed-3f22-11f1-a720-d38947571cde;1;;
TP_15955602604_TPS_19418882604;TP_15955602604;534118;8d20535e46f953305749247a289606da249ca4cc61d5c2002ade8d1eede5170a;2,03E+28;1;1;TPS_19418882604;T16.03.01;T16;3.0;RMG;2026-04-23 17:03:00;2026-04-23 18:44:00;2026-04-23 19:19:00;2026-04-23 19:24:00;6023.0;2104.0;;331.0;8458.0;23.04.2026 20:35;T16;a7d92e6c-3f25-11f1-b2ac-73ec65ff0387;1;;
TP_15957182604_TPS_19440712604;TP_15957182604;698427;9f516fb9af95b3eab10fc9cc48e85121d82b7a4b9c82fa8991e7775f6191fd21;2,03E+28;1;1;TPS_19440712604;T24.04.01;T24;4.0;RMG;2026-04-24 01:48:00;2026-04-24 01:54:00;2026-04-24 02:02:00;2026-04-24 02:08:00;353.0;453.0;;383.0;1189.0;24.04.2026 03:06;T24;ffbe9f24-3f6e-11f1-bd7c-af11ea09a7c5;1;;
TP_15957742604_TPS_19445682604;TP_15957742604;304562;7324be4723bdfcb7dd1906dca19bb376c20bbb87b75901b81fcf657f6c54d4d3;2,03E+28;1;1;TPS_19445682604;T12.03.01;T12;3.0;RMG;2026-04-24 07:45:00;2026-04-24 07:56:00;2026-04-24 08:00:00;2026-04-24 08:06:00;608.0;238.0;;372.0;1218.0;24.04.2026 09:06;T12;df49325e-3fa0-11f1-a200-af94c965c1ce;1;;
TP_15957922604_TPS_19314382604;TP_15957922604;326994;24affa6fea3c48e7eace4fdde1252d94ac68c5b017b138b2b01f57c6779aab39;2,03E+28;0;1;TPS_19314382604;HO2.25;HO2;25.0;VC;2026-04-23 19:29:00;2026-04-23 21:26:00;2026-04-23 21:29:00;2026-04-23 21:47:00;;122.0;;1119.0;8276.0;23.04.2026 22:35;HO2, T07;01faed80-3f4a-11f1-bd5a-fb05e3ea7d49;1;2090715526;
TP_15958822604_TPS_19445122604;TP_15958822604;630551;73e638f0d4fe390fa900dda93d8b67dee8df91d1ac45aa74237071410bbc481f;2,03E+28;0;1;TPS_19445122604;T06.02.01;T06;2.0;RMG;2026-04-24 07:33:00;2026-04-24 07:53:00;2026-04-24 07:56:00;2026-04-24 08:10:00;;138.0;;840.0;2177.0;24.04.2026 09:06;T06, T17;326b451e-3f9f-11f1-9fd6-1bccb2258aed;1;;
TP_15958822604_TPS_19445112604;TP_15958822604;630551;73e638f0d4fe390fa900dda93d8b67dee8df91d1ac45aa74237071410bbc481f;2,03E+28;1;0;TPS_19445112604;T17.03.01;T17;3.0;RMG;2026-04-24 07:33:00;2026-04-24 07:41:00;2026-04-24 07:42:00;2026-04-24 08:10:00;433.0;103.0;663.0;;;24.04.2026 09:06;T06, T17;3254ce9c-3f9f-11f1-9fd5-37d564bd5bad;1;;
TP_15959272604_TPS_19433782604;TP_15959272604;284329;bc5ca411d0c40c087ffd09fb32d1f3ea57e22ceebf3e33a0d53e9455efdf560a;2,03E+28;0;1;TPS_19433782604;HO2.26;HO2;26.0;VC;2026-04-23 21:10:00;2026-04-23 21:43:00;2026-04-23 21:46:00;2026-04-23 21:52:00;;188.0;;363.0;2507.0;23.04.2026 22:35;HO2, LL, T25;1c29c17e-3f48-11f1-be43-371ec2c8821e;1;2090908044;
TP_15959672604_TPS_19432892604;TP_15959672604;828684;e006ee20a55a09151daceb2506ad1772142b9d6028cd8aa0ad2009d00d9ee394;2,03E+28;0;1;TPS_19432892604;HO2.29;HO2;29.0;VC;2026-04-24 01:40:00;2026-04-24 01:58:00;2026-04-24 02:03:00;2026-04-24 02:09:00;;319.0;;353.0;1750.0;24.04.2026 03:06;HO2, T11;c2185a80-3f6d-11f1-bc30-dbd845fd1dcd;1;2091191428;
TP_15960652604_TPS_19435932604;TP_15960652604;627834;54796cecec3156cfdd34aa68056915ca86c933049f182637bde10d8ffbbe352a;2,03E+28;1;1;TPS_19435932604;HO2.31;HO2;31.0;VC;2026-04-23 22:02:00;2026-04-23 22:09:00;2026-04-23 22:15:00;2026-04-23 22:21:00;380.0;346.0;;397.0;1123.0;23.04.2026 23:06;HO2;6e8cc504-3f4f-11f1-9a3b-3b9e14461b9f;1;;
TP_15965292604_TPS_19444792604;TP_15965292604;408655;68fb03aefcd0001642d23381ebc515c802f749a4ce8c3a4b506c405158fe6bd2;2,03E+28;1;1;TPS_19444792604;HO2.35;HO2;35.0;VC;2026-04-24 07:03:00;2026-04-24 07:14:00;2026-04-24 07:23:00;2026-04-24 07:31:00;646.0;505.0;;480.0;1631.0;24.04.2026 08:35;HO2;01506be8-3f9b-11f1-9bf7-4b10364c6a3d;1;;
TP_15965402604_TPS_19314402604;TP_15965402604;975335;1d03241e3e287ce41410de0a27a4d5b48fd86d4916d12de17ba4b02e5bd4ea54;2,03E+28;0;0;TPS_19314402604;HO2.27;HO2;27.0;VC;2026-04-24 07:17:00;2026-04-24 08:06:00;2026-04-24 08:33:00;2026-04-24 08:57:00;;1609.0;563.0;;;24.04.2026 09:35;HO2, LL, T16;6391c3a4-3fa2-11f1-b60a-af569ea7f7eb;1;2091517463;
TP_15965892604_TPS_19448632604;TP_15965892604;253962;5193ada87a2498f591b2577d4f1397407dd06d010242a22204157c034b1f2458;2,03E+28;1;1;TPS_19448632604;T14.02.01;T14;2.0;RMG;2026-04-24 08:44:00;2026-04-24 08:53:00;2026-04-24 09:03:00;2026-04-24 09:10:00;524.0;584.0;;424.0;1532.0;24.04.2026 10:05;T14;1d5cd4c6-3fa9-11f1-b6ec-bb099137978d;1;;
TP_15966162604_TPS_19314422604;TP_15966162604;744675;b6a372022ade061e904ba2e9fe9ccb4298b9e1bfb37aae9e0d165c03ac836112;2,03E+28;0;1;TPS_19314422604;T14.03.01;T14;3.0;RMG;2026-04-24 08:55:00;2026-04-24 10:19:00;2026-04-24 10:23:00;2026-04-24 10:28:00;;223.0;;312.0;5570.0;24.04.2026 11:06;T13, T14;4ae18f60-3fb6-11f1-b82f-7ffa364a898b;1;2091769536;
TP_15966162604_TPS_19314412604;TP_15966162604;744675;b6a372022ade061e904ba2e9fe9ccb4298b9e1bfb37aae9e0d165c03ac836112;2,03E+28;0;0;TPS_19314412604;T14.03.01;T14;3.0;RMG;2026-04-24 08:55:00;2026-04-24 10:17:00;2026-04-24 10:18:00;2026-04-24 10:28:00;;83.0;62.0;;;24.04.2026 11:06;T13, T14;;0;2091769536;
TP_15966662604_TPS_19314442604;TP_15966662604;887541;305a70fe805201afdd8e521c339a21f8bdf69ec71abb36b39af569797177e2d6;2,03E+28;0;1;TPS_19314442604;HO2.23;HO2;23.0;VC;2026-04-24 10:18:00;2026-04-24 11:03:00;2026-04-24 11:23:00;2026-04-24 11:31:00;;1211.0;;445.0;4376.0;24.04.2026 12:35;HO2, T16;;0;2092055866;
TP_15966872604_TPS_19450192604;TP_15966872604;545765;e939012268db40ead06947dadc84b5e7ca08863220d6a7b349c6027992dbaeef;2,03E+28;1;1;TPS_19450192604;T21.04.01;T21;4.0;RMG;2026-04-24 09:09:00;2026-04-24 09:19:00;2026-04-24 09:38:00;2026-04-24 09:46:00;548.0;1180.0;;452.0;2180.0;24.04.2026 10:35;T21;9b3a3994-3fac-11f1-b86b-57c39c56c950;1;;
TP_15968032604_TPS_19445752604;TP_15968032604;458557;bcb8b4f908dfcf2f796abaa9a62a280d17475bad3f38c61399d471198ccb0d95;2,03E+28;0;1;TPS_19445752604;T11.01.01;T11;1.0;RMG;2026-04-24 07:46:00;2026-04-24 08:20:00;2026-04-24 08:50:00;2026-04-24 08:58:00;;1794.0;;434.0;4261.0;24.04.2026 09:35;LL, T11;03352b64-3fa1-11f1-a218-db83f1f814ba;1;;
TP_15968032604_20260424080848000000024861091;TP_15968032604;458557;bcb8b4f908dfcf2f796abaa9a62a280d17475bad3f38c61399d471198ccb0d95;2,03E+28;1;0;2,03E+28;LL;LL;;Leerlager;2026-04-24 07:46:00;2026-04-24 07:53:00;2026-04-24 08:08:00;2026-04-24 08:58:00;380.0;929.0;724.0;;;24.04.2026 09:35;LL, T11;2ebd8fad-3fa3-11f1-a720-d38947571cde;1;;
TP_15968192604_TPS_19443082604;TP_15968192604;239516;92132c751b78395108c4cc93a1fb8b21335d0797a8a2304ed9b524082c9ee552;2,03E+28;1;1;TPS_19443082604;T22.02.01;T22;2.0;RMG;2026-04-24 08:03:00;2026-04-24 08:09:00;2026-04-24 08:22:00;2026-04-24 08:30:00;316.0;790.0;;510.0;1616.0;24.04.2026 09:35;T22;62f01cec-3fa3-11f1-bdbd-9bd8b17db1c3;1;;
TP_15968782604_TPS_19447472604;TP_15968782604;331090;9764c379e8ebddc5ac0e0af08effba771f2039afb354eb1774ecff05b102a8d2;2,03E+28;1;1;TPS_19447472604;T22.02.01;T22;2.0;RMG;2026-04-24 09:20:00;2026-04-24 09:26:00;2026-04-24 09:33:00;2026-04-24 09:39:00;346.0;431.0;;335.0;1112.0;24.04.2026 10:35;T22;24a1ba80-3fae-11f1-a02e-dbaf6ead800e;1;;
TP_15969292604_TPS_19442692604;TP_15969292604;730024;d0d81d3c526f2eada142425e05d19daab5afe59ef362b655993aae0688bcbb2a;2,03E+28;0;1;TPS_19442692604;HO2.29;HO2;29.0;VC;2026-04-24 07:55:00;2026-04-24 08:14:00;2026-04-24 08:28:00;2026-04-24 08:35:00;;848.0;;404.0;2394.0;24.04.2026 09:35;HO2, T10;3931bf9c-3fa2-11f1-bc8c-d3d6911ee779;1;2091625594;
TP_15969672604_TPS_19314432604;TP_15969672604;561657;494fffe6686abc5e9c612c76a9d5358acbd0b52e35711dba6c5ffb4ba9944952;2,03E+28;0;1;TPS_19314432604;HO2.29;HO2;29.0;VC;2026-04-24 09:51:00;2026-04-24 10:30:00;2026-04-24 10:34:00;2026-04-24 10:43:00;;245.0;;552.0;3102.0;24.04.2026 11:35;HO2, T10;c7a8b5fe-3fb7-11f1-b848-e39c151a0eee;1;2091907712;
TP_15969812604_TPS_19448262604;TP_15969812604;828455;069aa057d80a3a17c3748efc8a3de6dda7ab8b0d110d15d8a365d0ff4c64ad1f;2,03E+28;1;1;TPS_19448262604;HO2.28;HO2;28.0;VC;2026-04-24 10:33:00;2026-04-24 10:43:00;2026-04-24 11:14:00;2026-04-24 11:30:00;564.0;1855.0;;978.0;3397.0;24.04.2026 12:35;HO2;57842e06-3fb8-11f1-ac92-5b3c30367730;1;;
TP_15970402604_TPS_19310892604;TP_15970402604;324123;2e938c7d4fcb4e6ab2feb884c52aee45b2cbcd9974a3f4a3689c08e84ea2058e;2,03E+28;0;1;TPS_19310892604;HO2.30;HO2;30.0;VC;2026-04-24 12:09:00;2026-04-24 12:53:00;2026-04-24 12:57:00;2026-04-24 13:58:00;;212.0;;3686.0;6549.0;24.04.2026 14:35;HO2, T19;e3d75a88-3fca-11f1-b05b-376974060201;1;2092692698;
TP_15970792604_TPS_19450942604;TP_15970792604;899757;ec623952f667020085d465a4459d4f92b994a58183d1899b59d0ec198addc1eb;2,03E+28;1;1;TPS_19450942604;T22.02.01;T22;2.0;RMG;2026-04-24 09:56:00;2026-04-24 10:29:00;2026-04-24 11:16:00;2026-04-24 11:23:00;1977.0;2778.0;;411.0;5166.0;24.04.2026 12:05;T22;2c55d50e-3fb3-11f1-bffc-dfa41d64babd,2c6a2fd6-3fb3-11f1-bffd-6fc0faa7ca40;2;;
TP_15970922604_TPS_19452222604;TP_15970922604;861858;5de248f5f0bdfda2f38c424b74edb0ba077a188411322ef0599210c676037de8;2,03E+28;0;1;TPS_19452222604;T13.03.01;T13;3.0;RMG;2026-04-24 10:35:00;2026-04-24 12:45:00;2026-04-24 13:34:00;2026-04-24 13:50:00;;2969.0;;938.0;11670.0;24.04.2026 14:35;T13, T17;9f122fb6-3fb8-11f1-acd4-8f5b2aeb0550,9f12ad24-3fb8-11f1-acd5-db901772e161;2;;
TP_15970922604_TPS_19452212604;TP_15970922604;861858;5de248f5f0bdfda2f38c424b74edb0ba077a188411322ef0599210c676037de8;2,03E+28;1;0;TPS_19452212604;T17.01.01;T17;1.0;RMG;2026-04-24 10:35:00;2026-04-24 11:24:00;2026-04-24 11:44:00;2026-04-24 13:50:00;2923.0;1207.0;3633.0;;;24.04.2026 14:35;T13, T17;9efd17f2-3fb8-11f1-acd3-5b961759249c;1;;
TP_15971092604_TPS_19314452604;TP_15971092604;771974;67875caa8556246aaf895ee35edca33d6c4f4ca554e6d139e3f4d68f90878f6a;2,03E+28;0;0;TPS_19314452604;HO2.33;HO2;33.0;VC;2026-04-24 10:38:00;2026-04-24 11:36:00;2026-04-24 11:49:00;2026-04-24 12:32:00;;742.0;410.0;;;24.04.2026 13:35;HO2, T16;b87af8e6-3fbf-11f1-b915-cbd9c9cc9077;1;2092120194;
TP_15971222604_TPS_19452472604;TP_15971222604;243842;5dafa4e8795238457ff7bcb64960870588451152ac3d9f66894a66f175736964;2,03E+28;1;1;TPS_19452472604;T19.03.01;T19;3.0;RMG;2026-04-24 10:45:00;2026-04-24 10:59:00;2026-04-24 11:21:00;2026-04-24 11:26:00;835.0;1303.0;;293.0;2431.0;24.04.2026 12:05;T19;04a373e8-3fba-11f1-af56-37cb494b365d;1;;
TP_15971252604_TPS_19452542604;TP_15971252604;783837;3a1d976db1e848740fe5ac589d97e02ef920dea27d1aa1c1530b4ac3bd822d78;2,03E+28;0;1;TPS_19452542604;HO2.21;HO2;21.0;VC;2026-04-24 10:47:00;2026-04-24 13:02:00;2026-04-24 13:06:00;2026-04-24 13:23:00;;245.0;;1036.0;9373.0;24.04.2026 14:05;HO2, T08, T16;2db27ea0-3fba-11f1-af84-77d3d60369c4;1;2092134529;
TP_15971952604_TPS_19448182604;TP_15971952604;782166;c0014e19232fefded573e90719795caf157fae9e6c7af6cc4a09143f7a481d53;2,03E+28;1;1;TPS_19448182604;T22.01.01;T22;1.0;RMG;2026-04-24 10:32:00;2026-04-24 11:09:00;2026-04-24 11:43:00;2026-04-24 11:52:00;2185.0;2063.0;;513.0;4761.0;24.04.2026 12:35;T22;33c0c880-3fb8-11f1-ac72-9f5f3c39af93;1;;
TP_15972672604_TPS_19456012604;TP_15972672604;696154;89306d219390c047e924fbb60f64e31ead12b3d1a13013a2cb19e5e591d4c09d;2,03E+28;1;1;TPS_19456012604;T22.01.01;T22;1.0;RMG;2026-04-24 12:29:00;2026-04-24 13:52:00;2026-04-24 14:15:00;2026-04-24 14:24:00;4978.0;1358.0;;522.0;6858.0;24.04.2026 15:06;T22;8bdf6598-3fc8-11f1-89e9-2b5ede6844ad;1;;
TP_15972772604_TPS_19457142604;TP_15972772604;692203;7770927f866028fc1d3fd556499e2a4380a1dc99ba6a139697fe9e9d14c056a1;2,03E+28;1;1;TPS_19457142604;HO2.28;HO2;28.0;VC;2026-04-24 12:51:00;2026-04-24 13:32:00;2026-04-24 13:36:00;2026-04-24 13:45:00;2442.0;232.0;;550.0;3224.0;24.04.2026 14:35;HO2;9ea0a41e-3fcb-11f1-8ca8-1f25b3f5302c;1;;
TP_15972862604_TPS_19454582604;TP_15972862604;926640;165d203c50ee81d98e8aa11b54b358983db3607a374222113da4785e9dedb424;2,03E+28;1;1;TPS_19454582604;T22.02.01;T22;2.0;RMG;2026-04-24 13:06:00;2026-04-24 13:59:00;2026-04-24 14:25:00;2026-04-24 14:33:00;3141.0;1590.0;;488.0;5219.0;24.04.2026 15:35;T22;b6ed5d76-3fcd-11f1-ba50-7fdf871f1513;1;;
TP_15972912604_TPS_19454702604;TP_15972912604;937501;29c9ded0256fcd6cbd9f622503376c1cc9ffc70a39261861ba34acf781868f2b;2,03E+28;1;1;TPS_19454702604;T20.04.01;T20;4.0;RMG;2026-04-24 13:11:00;2026-04-24 14:25:00;2026-04-24 14:50:00;2026-04-24 14:56:00;4392.0;1491.0;;358.0;6241.0;24.04.2026 15:35;T20;69d6caee-3fce-11f1-baa8-5b39d66f3cbc;1;;
TP_15974032604_TPS_19451782604;TP_15974032604;659089;acf565d7257bb2e1cf9eef4643b064482c41ef4984d6cf6ecf1fb5ed67964a10;2,03E+28;1;1;TPS_19451782604;HO2.28;HO2;28.0;VC;2026-04-24 13:33:00;2026-04-24 13:54:00;2026-04-24 14:04:00;2026-04-24 14:17:00;1213.0;631.0;;743.0;2587.0;24.04.2026 15:06;HO2;7d5008da-3fd1-11f1-adb1-231c17e736d7;1;;
TP_15975932604_TPS_19454412604;TP_15975932604;659016;d27d991468f334a8098a02734ccf8aa9c87f1b1bd428fb445e2acfd95bca3fcf;2,03E+28;1;1;TPS_19454412604;HO2.21;HO2;21.0;VC;2026-04-24 12:59:00;2026-04-24 13:36:00;2026-04-24 13:45:00;2026-04-24 13:55:00;2199.0;557.0;;549.0;3305.0;24.04.2026 14:35;HO2;bcb8fcb6-3fcc-11f1-b9f5-6f4478ef0327;1;;
TP_15976342604_TPS_19463742604;TP_15976342604;732989;952511a1efa789b3584e7029f82d1951a1291b16f28c37c5a3be4305031eecfd;2,03E+28;0;0;TPS_19463742604;HO2.33;HO2;33.0;VC;2026-04-24 15:46:00;2026-04-24 16:44:00;2026-04-24 16:48:00;2026-04-24 17:48:00;;217.0;1465.0;;;24.04.2026 18:35;HO2, T08, T09;06b48580-3fe4-11f1-bdd6-477e79674cf2;1;2093572893;
TP_15976572604_TPS_19463662604;TP_15976572604;587520;369a68bf4964d98d63d6e0c858df8be95836c8813dfa7dead2beaa74c5d9face;2,03E+28;1;1;TPS_19463662604;HO2.25;HO2;25.0;VC;2026-04-24 16:34:00;2026-04-24 17:00:00;2026-04-24 17:08:00;2026-04-24 17:18:00;1528.0;480.0;;580.0;2588.0;24.04.2026 18:05;HO2;c653f8ac-3fea-11f1-ba5a-f3ba2938ff4c;1;;
TP_15976912604_TPS_19466892604;TP_15976912604;984989;ce5b15b692c65ea22ee015dd1d9e62863b7e976476a1fa6aaab17a73531a9e23;2,03E+28;1;1;TPS_19466892604;T11.02.01;T11;2.0;RMG;2026-04-24 17:31:00;2026-04-24 17:36:00;2026-04-24 17:40:00;2026-04-24 17:44:00;295.0;243.0;;225.0;763.0;24.04.2026 18:35;T11;bc4647ae-3ff2-11f1-b367-174833023a44;1;;
TP_15977782604_TPS_19310932604;TP_15977782604;537586;73b852fe6251cbdc21953a3e5bea56acef4b1d9d0aa718e46c655332a979fb61;2,03E+28;0;1;TPS_19310932604;HO2.24;HO2;24.0;VC;2026-04-24 14:08:00;2026-04-24 14:37:00;2026-04-24 15:06:00;2026-04-24 15:14:00;;1731.0;;488.0;3966.0;24.04.2026 16:05;HO2, T16;;0;2093313693;
TP_15978162604_TPS_19464362604;TP_15978162604;203118;59a45b963c7cf27625d14809ac9733da8cb869e73941971b175cdc8dd8e0e64c;2,03E+28;0;1;TPS_19464362604;HO2.26;HO2;26.0;VC;2026-04-24 16:00:00;2026-04-24 17:13:00;2026-04-24 17:16:00;2026-04-24 17:23:00;;179.0;;422.0;4936.0;24.04.2026 18:35;HO2, T21;ff16c5ca-3fe5-11f1-bfa2-0f2efe71ac62;1;2093582685;
TP_15978312604_TPS_19310922604;TP_15978312604;729856;9ebfa03add97ddd26c8efba93c0eb2f683fb26298590dbc744ddde5140ac2789;2,03E+28;0;1;TPS_19310922604;HO2.22;HO2;22.0;VC;2026-04-24 12:54:00;2026-04-24 14:16:00;2026-04-24 14:19:00;2026-04-24 14:57:00;;223.0;;2289.0;7414.0;24.04.2026 15:35;HO2, T10;57a79d2c-3fd7-11f1-b1f9-7f6ad33c725b;1;2092886977;
TP_15978902604_TPS_19461472604;TP_15978902604;735926;d3286a2b6323c4a33c6680c17a6c28aacb3afcd97b3e64b88a66e77786db1147;2,03E+28;1;1;TPS_19461472604;HO2.26;HO2;26.0;VC;2026-04-24 14:35:00;2026-04-24 14:48:00;2026-04-24 15:14:00;2026-04-24 15:22:00;750.0;1546.0;;466.0;2762.0;24.04.2026 16:05;HO2;260142c0-3fda-11f1-b5b5-0fcb5f6014ba;1;;
TP_15979652604_TPS_19461532604;TP_15979652604;761332;1c314869bfcf414c4e770bebbe3a09db4d61b294a393268b9c5ecd1e281a3439;2,03E+28;1;1;TPS_19461532604;HO2.33;HO2;33.0;VC;2026-04-24 14:36:00;2026-04-24 15:03:00;2026-04-24 15:19:00;2026-04-24 15:28:00;1582.0;975.0;;538.0;3095.0;24.04.2026 16:05;HO2;49cd9aaa-3fda-11f1-b5e5-a7f8bc443a67;1;;
TP_15979822604_TPS_19461712604;TP_15979822604;446196;0be573cbaff65b5ba0b6d8dbb6c62e397fd4ac16b0c5aaba99a5680213cd39e2;2,03E+28;1;1;TPS_19461712604;HO2.35;HO2;35.0;VC;2026-04-24 14:40:00;2026-04-24 15:13:00;2026-04-24 15:24:00;2026-04-24 15:29:00;1940.0;642.0;;348.0;2930.0;24.04.2026 16:35;HO2;d9416bee-3fda-11f1-b66e-3fb33dfdcadb;1;;
TP_15980222604_TPS_19462162604;TP_15980222604;587050;495bb7017d30b58cedc066a084354480403642e6391844301cffce7e3c8dd297;2,03E+28;1;1;TPS_19462162604;T19.01.01;T19;1.0;RMG;2026-04-24 14:49:00;2026-04-24 14:56:00;2026-04-24 15:02:00;2026-04-24 15:06:00;412.0;342.0;;240.0;994.0;24.04.2026 16:05;T19;1ac609c0-3fdc-11f1-b758-2f476d8b090b;1;;
TP_15981032604_TPS_19466522604;TP_15981032604;301971;023187b6ceafa9f97aab1bbf0f906771378a35f86df9189e8685af944d163125;2,03E+28;0;1;TPS_19466522604;HO2.21;HO2;21.0;VC;2026-04-24 16:40:00;2026-04-24 17:55:00;2026-04-24 18:04:00;2026-04-24 18:22:00;;524.0;;1112.0;6126.0;24.04.2026 19:09;HO2, T13, T24;92e35912-3feb-11f1-bb71-3f9ef5757d74;1;2093719825;
TP_15981302604_TPS_19314502604;TP_15981302604;360305;893356b035517dfb0573ce8bbe3fd96a39f6ad9bd6ebba835c656c093dac4fc8;2,03E+28;0;1;TPS_19314502604;HO2.23;HO2;23.0;VC;2026-04-24 17:36:00;2026-04-24 17:54:00;2026-04-24 18:02:00;2026-04-24 18:07:00;;448.0;;325.0;1855.0;24.04.2026 19:09;HO2, T13;e87cc37c-3ff5-11f1-bc5a-c7a4c995032f;1;2093883153;
TP_15981752604_TPS_19310942604;TP_15981752604;731598;829b0c4f13d1aab71b772b179555c31c462bc8d9eeaab989c489cd4249b49348;2,03E+28;0;1;TPS_19310942604;HO2.27;HO2;27.0;VC;2026-04-24 20:07:00;2026-04-24 20:24:00;2026-04-24 20:31:00;2026-04-24 20:41:00;;417.0;;591.0;2016.0;24.04.2026 21:09;HO2, T11;c98706d4-400a-11f1-b590-87c4b7c8e91f;1;2094146325;
TP_15982132604_TPS_19465042604;TP_15982132604;938672;2e8b23eb266423338936397822c99113bc21a803921ede48150bf6fd1c57416e;2,03E+28;1;1;TPS_19465042604;HO2.31;HO2;31.0;VC;2026-04-24 17:18:00;2026-04-24 17:39:00;2026-04-24 18:09:00;2026-04-24 18:14:00;1245.0;1810.0;;281.0;3336.0;24.04.2026 19:09;HO2;;0;;
TP_15982702604_TPS_19464442604;TP_15982702604;499466;b15eef3a46c2116a49736bb1fc15436cc84f5b4271ce43e2d59f9a886c10f09e;2,03E+28;1;1;TPS_19464442604;T23.03.01;T23;3.0;RMG;2026-04-25 00:19:00;2026-04-25 00:23:00;2026-04-25 00:34:00;2026-04-25 00:40:00;230.0;660.0;;355.0;1245.0;25.04.2026 01:07;T23;bb4d9f9e-402b-11f1-ab3a-37ad8b225996,bb6127e4-402b-11f1-ab3b-ab41198980f2;2;;
TP_15982912604_TPS_19466032604;TP_15982912604;341466;d0aee088c613f9076e56067128cc6f1df0fc5df43be485b674df49df984c82b6;2,03E+28;1;1;TPS_19466032604;T24.01.01;T24;1.0;RMG;2026-04-25 04:17:00;2026-04-25 04:23:00;2026-04-25 04:29:00;2026-04-25 05:11:00;314.0;379.0;;2526.0;3219.0;25.04.2026 06:05;T24;fac36318-404c-11f1-a955-73655c13d51f;1;;
TP_15984602604_TPS_19469122604;TP_15984602604;303068;cf1ab1c37d4ad14d8a07bc40b13ddd4c3b78608f5873821cddd52ec431e2f718;2,03E+28;0;1;TPS_19469122604;T24.03.01;T24;3.0;RMG;2026-04-24 21:16:00;2026-04-24 21:24:00;2026-04-24 21:28:00;2026-04-24 21:33:00;;243.0;;260.0;969.0;24.04.2026 22:35;T17, T24;2a72a6fe-4012-11f1-9fff-232c7de8c091;1;;
TP_15984602604_TPS_19469112604;TP_15984602604;303068;cf1ab1c37d4ad14d8a07bc40b13ddd4c3b78608f5873821cddd52ec431e2f718;2,03E+28;1;0;TPS_19469112604;T17.02.01;T17;2.0;RMG;2026-04-24 21:16:00;2026-04-24 21:20:00;2026-04-24 21:22:00;2026-04-24 21:33:00;202.0;159.0;105.0;;;24.04.2026 22:35;T17, T24;2a5e8548-4012-11f1-9ffe-7f1f564a9679;1;;
TP_15984732604_TPS_19466712604;TP_15984732604;567268;e493f090afc4165cc58e23812827d03a327e4470286b4fd907f2b82d9ce99455;2,03E+28;1;1;TPS_19466712604;HO2.34;HO2;34.0;VC;2026-04-24 16:46:00;2026-04-24 17:12:00;2026-04-24 17:24:00;2026-04-24 17:31:00;1506.0;727.0;;436.0;2669.0;24.04.2026 18:35;HO2;731dbbe4-3fec-11f1-bce6-3fad60b83952;1;;
TP_15985112604_TPS_19467992604;TP_15985112604;965798;daf7c0ff583614736ddbc2ac26a313ea93258f84594217da70260fa440088fde;2,03E+28;1;1;TPS_19467992604;HO2.31;HO2;31.0;VC;2026-04-24 19:02:00;2026-04-24 19:07:00;2026-04-24 19:14:00;2026-04-24 19:50:00;287.0;429.0;;2160.0;2876.0;24.04.2026 21:09;HO2;72aa09ca-3fff-11f1-995a-d748868d5c80;1;;
TP_15985382604_TPS_19469262604;TP_15985382604;699475;4d5ba9a7050fafabeb22ef1a9436416d9c4543056ddb8b47735d230493b2b52b;2,03E+28;1;1;TPS_19469262604;T27.02.01;T27;2.0;RMG;2026-04-24 21:32:00;2026-04-24 21:38:00;2026-04-24 21:57:00;2026-04-24 22:12:00;359.0;1115.0;;916.0;2390.0;24.04.2026 23:06;T27;672fd592-4014-11f1-a05f-b782894b478a;1;;
TP_15985682604_TPS_19469712604;TP_15985682604;950718;128000fca52c4dadd363540cf4a02a8b780b15f5333e3ae09e54668d6d673bea;2,03E+28;1;1;TPS_19469712604;T11.01.01;T11;1.0;RMG;2026-04-24 23:35:00;2026-04-24 23:41:00;2026-04-24 23:56:00;2026-04-25 00:01:00;325.0;932.0;;274.0;1531.0;25.04.2026 01:07;T11;95c02496-4025-11f1-ad0a-2306f49374e0;1;;
TP_15985812604_20260425022605000000024888588;TP_15985812604;229442;59f20fb55a41d4a2911915d7460c1ed2a5b6badbab7d676470b71ce3615925b9;2,03E+28;1;1;2,03E+28;LL;LL;;Leerlager;2026-04-25 01:46:00;2026-04-25 01:58:00;2026-04-25 02:26:00;2026-04-25 02:28:00;737.0;1645.0;;117.0;2499.0;25.04.2026 03:35;LL;16f195e4-403d-11f1-a720-d38947571cde,897adc8f-4039-11f1-a720-d38947571cde;2;2094571787;
TP_15986312604_TPS_19310972604;TP_15986312604;406101;c9490bafb4a75c0046f5d98311ad648dcb57262336144f49fa78b5f8ebc962e2;2,03E+28;0;1;TPS_19310972604;HO2.21;HO2;21.0;VC;2026-04-24 22:59:00;2026-04-24 23:27:00;2026-04-25 00:15:00;2026-04-25 00:20:00;;2872.0;;319.0;4892.0;25.04.2026 01:07;HO2, T16;38651d4e-4023-11f1-b6bd-c78d02c778a0,390b2072-4023-11f1-b6be-2bf63a485387;2;2094381025;
TP_15986622604_TPS_19464602604;TP_15986622604;560216;9dcb873545ddf66e3c62432faa2857a2e6cd3ffbf367db96308055e37c932cec;2,03E+28;1;1;TPS_19464602604;T20.02.01;T20;2.0;RMG;2026-04-25 00:33:00;2026-04-25 00:45:00;2026-04-25 00:49:00;2026-04-25 00:55:00;669.0;242.0;;399.0;1310.0;25.04.2026 02:05;T20;b0239a86-402d-11f1-ab8d-db49ffc432f1;1;;
TP_15986902604_TPS_19464852604;TP_15986902604;450458;7c44a4e8a4df311a7867b5419dd6d787d3d7839d0c54ccb8fba6a78a7539c55c;2,03E+28;0;0;TPS_19464852604;HO2.33;HO2;33.0;VC;2026-04-25 02:52:00;2026-04-25 03:25:00;2026-04-25 03:30:00;2026-04-25 03:48:00;;290.0;244.0;;;25.04.2026 04:35;HO2, T08, T11;029ba138-4041-11f1-be08-3f77234d0e89;1;2094649745;
TP_15987042604_TPS_19470052604;TP_15987042604;538654;00c6481fc4de562b1cb5f4cf443a80b8296d9b6179065e1f84e0eb6114d6c04b;2,03E+28;1;1;TPS_19470052604;T19.03.01;T19;3.0;RMG;2026-04-25 04:52:00;2026-04-25 05:02:00;2026-04-25 05:19:00;2026-04-25 05:41:00;557.0;1060.0;;1314.0;2931.0;25.04.2026 06:35;T19;dee96642-4051-11f1-a47b-5f9c7e8b4ce2,defb05be-4051-11f1-a47c-235b82568a1e;2;;
TP_15987462604_TPS_19470162604;TP_15987462604;533407;280f57f1521e1b6d0e559b51b9131eb7c35ba8b6e1308965abdf6b52da5d074d;2,03E+28;0;1;TPS_19470162604;T24.03.01;T24;3.0;RMG;2026-04-24 22:33:00;2026-04-24 23:42:00;2026-04-24 23:46:00;2026-04-24 23:51:00;;198.0;;336.0;4670.0;25.04.2026 00:35;LL, T24;ec9ff628-401c-11f1-a79b-479389520030;1;;
TP_15987462604_20260424233457000000024881956;TP_15987462604;533407;280f57f1521e1b6d0e559b51b9131eb7c35ba8b6e1308965abdf6b52da5d074d;2,03E+28;1;0;2,03E+28;LL;LL;;Leerlager;2026-04-24 22:33:00;2026-04-24 22:40:00;2026-04-24 23:34:00;2026-04-24 23:51:00;390.0;3268.0;478.0;;;25.04.2026 00:35;LL, T24;2ab6a8bf-4024-11f1-a720-d38947571cde;1;;
TP_15988562604_20260425015648000000024888565;TP_15988562604;425354;37865111492e072c9f1e8a031d59c8ace7b86731452f5f9d627b79dcc3d07f5d;2,03E+28;1;1;2,03E+28;LL;LL;;Leerlager;2026-04-25 01:15:00;2026-04-25 01:20:00;2026-04-25 01:56:00;2026-04-25 01:58:00;245.0;2204.0;;104.0;2553.0;25.04.2026 03:06;LL;125d33b4-4038-11f1-a720-d38947571cde;1;;
TP_15988802604_TPS_19473932604;TP_15988802604;895873;b4c9c99dde1ee9ece6be6ab7011af20dd5f9cd85eb4192f58fcab70962779028;2,03E+28;0;1;TPS_19473932604;HO2.33;HO2;33.0;VC;2026-04-25 03:56:00;2026-04-25 04:22:00;2026-04-25 04:40:00;2026-04-25 04:56:00;;1074.0;;910.0;3547.0;25.04.2026 06:05;HO2, T16;a6ef11be-404d-11f1-b561-1f7fdc760a1a;1;2094705527;
TP_15989042604_TPS_19475632604;TP_15989042604;742498;acbeb4ab4de7e77f622daba4bf5c0dc254f6994a2c5c0a1d94ac2b78f4d5ee70;2,03E+28;1;1;TPS_19475632604;T16.03.01;T16;3.0;RMG;2026-04-25 07:42:00;2026-04-25 07:49:00;2026-04-25 08:06:00;2026-04-25 08:30:00;394.0;1044.0;;1411.0;2849.0;25.04.2026 09:35;T16;;0;;
TP_15991052604_TPS_19473182604;TP_15991052604;868698;62ddb807a3c0d99ca6f111ea6878cddd0f5ae6e72f318437df012e45780326a4;2,03E+28;1;1;TPS_19473182604;HO2.26;HO2;26.0;VC;2026-04-25 06:35:00;2026-04-25 06:43:00;2026-04-25 06:58:00;2026-04-25 07:04:00;463.0;905.0;;320.0;1688.0;25.04.2026 08:05;HO2;429de132-4060-11f1-bb20-73347e2ca3b1;1;;
TP_15991732604_TPS_19486732604;TP_15991732604;770504;b0fb2b2e7eaee6dce243fe9c6d4031a32d1e8fd2ae7decc60ee44ab2d996f16a;2,03E+28;0;1;TPS_19486732604;HO2.23;HO2;23.0;VC;2026-04-27 07:06:00;2026-04-27 07:45:00;2026-04-27 07:48:00;2026-04-27 07:55:00;;202.0;;423.0;2949.0;27.04.2026 08:35;HO2, LL, T24;390a1e90-41fc-11f1-9996-87f9dcef2217;1;2099442677;
TP_15991902604_TPS_19488292604;TP_15991902604;640615;5a07bab3135a2a9f6fa4a431d63f6d68b482a83351908f07b1391825a753220f;2,03E+28;1;1;TPS_19488292604;T17.02.01;T17;2.0;RMG;2026-04-27 08:15:00;2026-04-27 08:22:00;2026-04-27 08:24:00;2026-04-27 08:30:00;411.0;124.0;;308.0;843.0;27.04.2026 09:35;T17;8f53be1a-4200-11f1-ab75-ff52a9e83bee;1;;
TP_16001882604_TPS_19483612604;TP_16001882604;597278;932e55fda91e48af551ff5e35d2c7e583c29150dc8539d2c85fdf22345361d93;2,03E+28;1;1;TPS_19483612604;T11.02.01;T11;2.0;RMG;2026-04-27 06:14:00;2026-04-27 06:21:00;2026-04-27 06:23:00;2026-04-27 06:31:00;371.0;130.0;;512.0;1013.0;27.04.2026 07:35;T11;a80e4396-41ef-11f1-99f2-ebf6964de6fb;1;;
TP_16001902604_TPS_19483692604;TP_16001902604;897809;cb1f388f8c49f3388054eb8e0afd89e9e9bab39a460915feff1e8cc8581865fb;2,03E+28;1;1;TPS_19483692604;T19.01.01;T19;1.0;RMG;2026-04-27 06:21:00;2026-04-27 06:25:00;2026-04-27 06:34:00;2026-04-27 06:38:00;205.0;527.0;;247.0;979.0;27.04.2026 07:35;T19;a25a192e-41f0-11f1-9a66-db3fe0531f6e;1;;
TP_16002602604_TPS_19483652604;TP_16002602604;656298;db84a93754ebda6f56490fd92bd5e06aeed57de24662a12f157754b292c010bf;2,03E+28;1;1;TPS_19483652604;T22.03.01;T22;3.0;RMG;2026-04-27 06:17:00;2026-04-27 06:24:00;2026-04-27 06:25:00;2026-04-27 06:32:00;370.0;88.0;;423.0;881.0;27.04.2026 07:35;T22;1370d69e-41f0-11f1-9a0e-676056ce69d7;1;;
TP_16003042604_TPS_19485872604;TP_16003042604;860424;195356aeb3517662adae14e910d689b69841945b929bb8fe17600680a36f7396;2,03E+28;0;1;TPS_19485872604;HO2.21;HO2;21.0;VC;2026-04-27 08:05:00;2026-04-27 09:00:00;2026-04-27 09:20:00;2026-04-27 09:31:00;;1226.0;;656.0;5144.0;27.04.2026 10:35;HO2, LL;2a0fabbe-41ff-11f1-a055-ef8d9aca2978;1;;
TP_16003042604_20260427081519000000024982799;TP_16003042604;860424;195356aeb3517662adae14e910d689b69841945b929bb8fe17600680a36f7396;2,03E+28;1;0;2,03E+28;LL;LL;;Leerlager;2026-04-27 08:05:00;2026-04-27 08:11:00;2026-04-27 08:15:00;2026-04-27 09:31:00;333.0;227.0;2702.0;;;27.04.2026 10:35;HO2, LL;09ddcca5-4200-11f1-a720-d38947571cde;1;;
TP_16003982604_TPS_19484312604;TP_16003982604;751601;ae6ebdc2847c253099429abdbdb7b9fa44fcd1cfea6591e6f8e253ea2c00761a;2,03E+28;0;1;TPS_19484312604;T19.02.01;T19;2.0;RMG;2026-04-27 07:12:00;2026-04-27 07:53:00;2026-04-27 08:16:00;2026-04-27 08:24:00;;1374.0;;447.0;4261.0;27.04.2026 09:06;LL, T19;c294dd44-41f7-11f1-b390-9f0b494615ba;1;;
TP_16003982604_20260427072152000000024976143;TP_16003982604;751601;ae6ebdc2847c253099429abdbdb7b9fa44fcd1cfea6591e6f8e253ea2c00761a;2,03E+28;1;0;2,03E+28;LL;LL;;Leerlager;2026-04-27 07:12:00;2026-04-27 07:16:00;2026-04-27 07:21:00;2026-04-27 08:24:00;219.0;314.0;1907.0;;;27.04.2026 09:06;LL, T19;5b4fff2e-41f8-11f1-a720-d38947571cde;1;;
TP_16004142604_TPS_19484702604;TP_16004142604;529588;38fe2a93a4ec8af7ab8eeccae810d826812bd590b8180e34322829b554eecdd8;2,03E+28;0;1;TPS_19484702604;HO2.25;HO2;25.0;VC;2026-04-27 07:23:00;2026-04-27 08:54:00;2026-04-27 09:17:00;2026-04-27 09:43:00;;1405.0;;1560.0;8430.0;27.04.2026 10:35;HO2, T27;2ec4f0fc-41f9-11f1-b4c3-4b5219927869,2ec50f92-41f9-11f1-b4c4-d73db2cc0c84;2;2099517194;
TP_16004572604_TPS_19485982604;TP_16004572604;938776;e18f4aaf64891a033228e5af28cd50a09081a30beead60422e01b03902412a2f;2,03E+28;1;1;TPS_19485982604;T27.03.01;T27;3.0;RMG;2026-04-27 08:08:00;2026-04-27 08:17:00;2026-04-27 08:28:00;2026-04-27 08:38:00;487.0;684.0;;578.0;1749.0;27.04.2026 09:35;T27;94d132f6-41ff-11f1-a086-7f59d353b83c;1;;
TP_16005172604_TPS_19485512604;TP_16005172604;361045;1178d81ec7cd7e63fccd8e5ff664fa9dc7f1bc0ae743505c5976f8310440fe96;2,03E+28;1;1;TPS_19485512604;T16.02.01;T16;2.0;RMG;2026-04-27 07:42:00;2026-04-27 07:49:00;2026-04-27 07:56:00;2026-04-27 08:19:00;408.0;381.0;;1379.0;2168.0;27.04.2026 09:06;T16;f30e3868-41fb-11f1-9c1f-7f99bdec195c;1;;
TP_16005512604_TPS_19489672604;TP_16005512604;499410;1afc41fce09636a0bccc087d1d3949f563332182b2c493ea5430ab5b6d808cd6;2,03E+28;0;1;TPS_19489672604;T24.04.01;T24;4.0;RMG;2026-04-27 09:19:00;2026-04-27 10:54:00;2026-04-27 11:15:00;2026-04-27 11:21:00;;1218.0;;363.0;7270.0;27.04.2026 12:05;HO2, T24;80f24c98-4209-11f1-9475-1724c2393269;1;;
TP_16005512604_TPS_19489662604;TP_16005512604;499410;1afc41fce09636a0bccc087d1d3949f563332182b2c493ea5430ab5b6d808cd6;2,03E+28;1;0;TPS_19489662604;HO2.34;HO2;34.0;VC;2026-04-27 09:19:00;2026-04-27 09:44:00;2026-04-27 09:56:00;2026-04-27 11:21:00;1470.0;712.0;3507.0;;;27.04.2026 12:05;HO2, T24;80e3af3a-4209-11f1-9474-6b7acad50436;1;;
TP_16005572604_TPS_19491892604;TP_16005572604;674061;d1d01f0103e17967c45a9bf21e1f568ee5e58b793fa4a7fb883807210123fa59;2,03E+28;0;1;TPS_19491892604;T14.03.01;T14;3.0;RMG;2026-04-27 09:26:00;2026-04-27 10:22:00;2026-04-27 10:46:00;2026-04-27 10:57:00;;1459.0;;632.0;5464.0;27.04.2026 12:05;LL, T14;7cb24190-420b-11f1-ba31-2f7ecbe1a04c;1;;
TP_16005572604_20260427100310000000024983016;TP_16005572604;674061;d1d01f0103e17967c45a9bf21e1f568ee5e58b793fa4a7fb883807210123fa59;2,03E+28;1;0;2,03E+28;LL;LL;;Leerlager;2026-04-27 09:26:00;2026-04-27 09:46:00;2026-04-27 10:03:00;2026-04-27 10:57:00;1219.0;984.0;1170.0;;;27.04.2026 12:05;LL, T14;a8c114ed-420d-11f1-a720-d38947571cde;1;;
TP_16008332604_TPS_19493942604;TP_16008332604;708627;0a732037fff0ba1175cca1c296c2efb9b2a6c518757648cf3f6af2370d25ccf3;2,03E+28;1;1;TPS_19493942604;T11.03.01;T11;3.0;RMG;2026-04-27 11:27:00;2026-04-27 11:32:00;2026-04-27 11:37:00;2026-04-27 11:49:00;288.0;271.0;;727.0;1286.0;27.04.2026 12:35;T11;6244d9e8-421b-11f1-889c-73a80fab8b60;1;;
TP_16008492604_TPS_19497002604;TP_16008492604;880286;586a38249c340c86f6b13acd10e5c4e8fc5257a01ad38374b7303dbb26dcfd65;2,03E+28;1;1;TPS_19497002604;HO2.22;HO2;22.0;VC;2026-04-27 11:44:00;2026-04-27 12:08:00;2026-04-27 12:23:00;2026-04-27 12:44:00;1409.0;923.0;;1266.0;3598.0;27.04.2026 13:35;HO2;c23647ea-421d-11f1-b5f4-5b024377b5ee,c244899a-421d-11f1-b5f5-f35f4be2239b;2;;
TP_16008772604_TPS_19497582604;TP_16008772604;619982;10ad1c7d41a7a2f51589654820ed9d382d671c99656380d1b3f229b08ed570b1;2,03E+28;1;1;TPS_19497582604;T16.03.01;T16;3.0;RMG;2026-04-27 12:24:00;2026-04-27 12:39:00;2026-04-27 12:54:00;2026-04-27 13:01:00;953.0;873.0;;397.0;2223.0;27.04.2026 14:05;T16;3650e6b2-4223-11f1-be83-bbb774a4351c;1;;
TP_16010372604_TPS_19497152604;TP_16010372604;572251;0315a14844704e4ff7fde647608118a57b8bfb4edf494e18f16b536108144273;2,03E+28;0;1;TPS_19497152604;T06.02.01;T06;2.0;RMG;2026-04-27 11:47:00;2026-04-27 11:58:00;2026-04-27 12:02:00;2026-04-27 12:06:00;;285.0;;230.0;1117.0;27.04.2026 13:06;LL, T06;2d42ccf2-421e-11f1-b664-a350194ac4a1;1;;
TP_16010372604_20260427115431000000024983190;TP_16010372604;572251;0315a14844704e4ff7fde647608118a57b8bfb4edf494e18f16b536108144273;2,03E+28;1;0;2,03E+28;LL;LL;;Leerlager;2026-04-27 11:47:00;2026-04-27 11:51:00;2026-04-27 11:54:00;2026-04-27 12:06:00;211.0;181.0;210.0;;;27.04.2026 13:06;LL, T06;c58b78b4-421e-11f1-a720-d38947571cde;1;;
TP_16010762604_TPS_19503062604;TP_16010762604;336477;eae521eccc1c6e235164da975e2cd3bf1bcc00ee780a44a15cf781fbbaef4843;2,03E+28;1;1;TPS_19503062604;HO2.28;HO2;28.0;VC;2026-04-27 14:27:00;2026-04-27 14:42:00;2026-04-27 15:10:00;2026-04-27 15:21:00;890.0;1631.0;;706.0;3227.0;27.04.2026 16:05;HO2;87655c8e-4234-11f1-b596-8739fa23cfa6;1;;
TP_16012122604_TPS_19501932604;TP_16012122604;410114;5b0eb0d08d8277deead49f302665dcf0dd43c04ae4fbc2270dc4347e03e6fe8e;2,03E+28;1;1;TPS_19501932604;T08.03.01;T08;3.0;RMG;2026-04-27 13:12:00;2026-04-27 13:19:00;2026-04-27 13:21:00;2026-04-27 13:25:00;389.0;129.0;;213.0;731.0;27.04.2026 14:05;T08;0d2523a0-422a-11f1-a849-73ca74386a77;1;;
TP_16012322604_TPS_19486762604;TP_16012322604;532076;d060a7a797dc7e3255779f86ed7555346274518c2111fb82d37a838920a90ede;2,03E+28;0;1;TPS_19486762604;HO2.29;HO2;29.0;VC;2026-04-27 13:33:00;2026-04-27 13:59:00;2026-04-27 14:01:00;2026-04-27 14:08:00;;150.0;;422.0;2104.0;27.04.2026 15:06;HO2, T27;6b6c207a-4230-11f1-9dde-67c3836a7573;1;2101160329;
TP_16012392604_TPS_19502602604;TP_16012392604;573565;fb2a2750c25cbfda3b68b5ed880a554dbd4c063a8839481ecdfd43352faeeca8;2,03E+28;0;1;TPS_19502602604;T06.02.01;T06;2.0;RMG;2026-04-27 13:34:00;2026-04-27 14:09:00;2026-04-27 14:26:00;2026-04-27 15:00:00;;1066.0;;1993.0;5103.0;27.04.2026 16:05;HO2, T06;206ba51c-422d-11f1-aa6b-0353d784ceaa;1;;
TP_16012392604_TPS_19502592604;TP_16012392604;573565;fb2a2750c25cbfda3b68b5ed880a554dbd4c063a8839481ecdfd43352faeeca8;2,03E+28;1;0;TPS_19502592604;HO2.25;HO2;25.0;VC;2026-04-27 13:34:00;2026-04-27 13:42:00;2026-04-27 14:00:00;2026-04-27 15:00:00;428.0;1132.0;484.0;;;27.04.2026 16:05;HO2, T06;205d91f2-422d-11f1-aa6a-f7f96149a19e;1;;
TP_16012762604_TPS_19504902604;TP_16012762604;259980;fc8095b1a7d70eb5e881fc2207ab03f9aa18c96fa0548dc32388c4cc1f8973f2;2,03E+28;1;1;TPS_19504902604;HO2.27;HO2;27.0;VC;2026-04-27 15:41:00;2026-04-27 15:58:00;2026-04-27 16:06:00;2026-04-27 16:19:00;1004.0;491.0;;758.0;2253.0;27.04.2026 17:06;HO2;dd8b0d16-423e-11f1-b9c2-dfbc0bee186f;1;;
TP_16012822604_TPS_19486742604;TP_16012822604;D601281;;2,03E+28;1;1;TPS_19486742604;HO2.28;HO2;28.0;VC;2026-04-27 11:33:00;2026-04-27 11:33:00;2026-04-27 11:51:00;2026-04-27 11:51:00;1.0;1053.0;;0.0;1054.0;27.04.2026 12:35;HO2;325ce0c6-421c-11f1-9b2e-67b5faf45268;1;;
TP_16012842604_TPS_19486802604;TP_16012842604;D601283;;2,03E+28;1;1;TPS_19486802604;T20.01.01;T20;1.0;RMG;2026-04-27 20:54:00;2026-04-27 20:54:00;2026-04-27 20:56:00;2026-04-27 20:56:00;0.0;106.0;;0.0;106.0;27.04.2026 21:09;T20;80613896-426a-11f1-a022-87abc369344f;1;;
TP_16016622604_TPS_19495322604;TP_16016622604;579396;a5b5d40eededa83a546ff2afbd3a19c36afde9db229cb45f8ce249987986866c;2,03E+28;1;1;TPS_19495322604;T10.03.01;T10;3.0;RMG;2026-04-27 17:38:00;2026-04-27 17:45:00;2026-04-27 17:57:00;2026-04-27 18:28:00;366.0;726.0;;1895.0;2987.0;27.04.2026 19:09;T10;364ffc26-424f-11f1-a82c-cbb6be30bc98;1;;
TP_16018352604_TPS_19506842604;TP_16018352604;389731;f4b23e2c8e86798c345e15381c29e741a9d6ad78e9329492a1da7b576ebe40d9;2,03E+28;0;0;TPS_19506842604;HO2.29;HO2;29.0;VC;2026-04-27 14:53:00;2026-04-27 15:39:00;2026-04-27 15:44:00;2026-04-27 16:59:00;;260.0;949.0;;;27.04.2026 18:05;HO2, T07, T17;0931c8da-4238-11f1-b809-2bc53d62bb9b;1;2101389431;
TP_16018482604_TPS_19508912604;TP_16018482604;286356;4e0d0e7ff25d0b8fc128db01d0f7441cf6f0af7b89106dd83021139291253c4f;2,03E+28;1;1;TPS_19508912604;T13.02.01;T13;2.0;RMG;2026-04-27 15:17:00;2026-04-27 15:23:00;2026-04-27 15:57:00;2026-04-27 16:04:00;315.0;2057.0;;402.0;2774.0;27.04.2026 17:06;T13;831b1d2e-423b-11f1-b94f-e75fd1196788;1;;
TP_16019242604_TPS_19505032604;TP_16019242604;441888;013a84408c2d68800aac86978b142411b4773da57a070072b94162f0102eac82;2,03E+28;0;1;TPS_19505032604;T27.02.01;T27;2.0;RMG;2026-04-27 15:43:00;2026-04-27 16:13:00;2026-04-27 16:23:00;2026-04-27 16:47:00;;610.0;;1447.0;3820.0;27.04.2026 17:35;LL, T27;2639c1ce-423f-11f1-ba05-c7ca04c4ee55;1;;
TP_16019242604_20260427160238000000024996601;TP_16019242604;441888;013a84408c2d68800aac86978b142411b4773da57a070072b94162f0102eac82;2,03E+28;1;0;2,03E+28;LL;LL;;Leerlager;2026-04-27 15:43:00;2026-04-27 15:49:00;2026-04-27 16:02:00;2026-04-27 16:47:00;310.0;809.0;644.0;;;27.04.2026 17:35;LL, T27;4fbc32dd-4240-11f1-a720-d38947571cde;1;;
TP_16019342604_20260427160731000000024996609;TP_16019342604;643308;e019e0f37cef0f954284f5801e94602cca939e1f3cff934cadd3794dca8bb437;2,03E+28;1;1;2,03E+28;LL;LL;;Leerlager;2026-04-27 15:51:00;2026-04-27 15:57:00;2026-04-27 16:07:00;2026-04-27 16:12:00;335.0;597.0;;305.0;1237.0;27.04.2026 17:06;LL;15a2e375-4241-11f1-a720-d38947571cde;1;;
TP_16019772604_TPS_19495432604;TP_16019772604;874305;39b502c90e6ed8374e8ad99721248654825addacde90d6942497dddcbdc10f0f;2,03E+28;1;1;TPS_19495432604;T17.02.01;T17;2.0;RMG;2026-04-27 17:40:00;2026-04-27 17:47:00;2026-04-27 17:56:00;2026-04-27 18:02:00;395.0;558.0;;311.0;1264.0;27.04.2026 19:09;T17;7d7c9e38-424f-11f1-a8a5-d7c0a7093260;1;;
TP_16019862604_TPS_19511702604;TP_16019862604;724562;2480f5d9a23fbcfb642487f54f2cd6f58a41091333166a0c4916c76e2b4dc5d2;2,03E+28;0;1;TPS_19511702604;T13.03.01;T13;3.0;RMG;2026-04-27 18:13:00;2026-04-27 19:40:00;2026-04-27 20:06:00;2026-04-27 20:10:00;;1518.0;;289.0;7016.0;27.04.2026 21:09;T09, T13;19937b08-4254-11f1-a716-636cc03c614b;1;;
TP_16019862604_TPS_19511692604;TP_16019862604;724562;2480f5d9a23fbcfb642487f54f2cd6f58a41091333166a0c4916c76e2b4dc5d2;2,03E+28;1;0;TPS_19511692604;T09.01.01;T09;1.0;RMG;2026-04-27 18:13:00;2026-04-27 18:19:00;2026-04-27 18:24:00;2026-04-27 20:10:00;348.0;266.0;4595.0;;;27.04.2026 21:09;T09, T13;19840876-4254-11f1-a715-ab493dc3d119;1;;
TP_16020822604_TPS_19504232604;TP_16020822604;256959;2b0da820f6b39c0a819b1e3fad6765cd118a0f39d568ac7c8ec19be34b829503;2,03E+28;1;1;TPS_19504232604;T19.02.01;T19;2.0;RMG;2026-04-27 17:32:00;2026-04-27 17:43:00;2026-04-27 17:59:00;2026-04-27 18:06:00;646.0;964.0;;397.0;2007.0;27.04.2026 19:09;T19;5f612f6e-424e-11f1-b60e-2bda2571a740,5f702866-424e-11f1-b60f-137c404e6752;2;;
TP_16021052604_TPS_19515582604;TP_16021052604;830344;ef8186fcb1a7c4069f9a61b02d4abd562b1c31dfaa3b919ca7669e4ab54a7f4f;2,03E+28;1;1;TPS_19515582604;T10.03.01;T10;3.0;RMG;2026-04-27 20:04:00;2026-04-27 20:09:00;2026-04-27 20:17:00;2026-04-27 20:22:00;300.0;433.0;;338.0;1071.0;27.04.2026 21:09;T10;9b260ed8-4263-11f1-a8d7-972103155a90;1;;
TP_16023032604_TPS_19514472604;TP_16023032604;259355;9761fb84513dc9e055f97387b1228810e56d2399676bfe2c804b97240ce5047b;2,03E+28;0;1;TPS_19514472604;T20.02.01;T20;2.0;RMG;2026-04-28 01:43:00;2026-04-28 02:12:00;2026-04-28 02:21:00;2026-04-28 02:47:00;;570.0;;1533.0;3811.0;28.04.2026 03:35;LL, T20;f6f80b06-4292-11f1-ac56-ebe2165bb8bb;1;;
TP_16023032604_20260428020306000000025010405;TP_16023032604;259355;9761fb84513dc9e055f97387b1228810e56d2399676bfe2c804b97240ce5047b;2,03E+28;1;0;2,03E+28;LL;LL;;Leerlager;2026-04-28 01:43:00;2026-04-28 01:47:00;2026-04-28 02:03:00;2026-04-28 02:47:00;195.0;952.0;561.0;;;28.04.2026 03:35;LL, T20;f2575037-4293-11f1-a720-d38947571cde;1;;
TP_16023292604_TPS_19486792604;TP_16023292604;727105;1d0d0a0627de9b1c7752b9c442385fba55add572a51ac56b45763ab3f0847eac;2,03E+28;0;0;TPS_19486792604;HO2.27;HO2;27.0;VC;2026-04-27 17:12:00;2026-04-27 17:32:00;2026-04-27 17:43:00;2026-04-27 18:15:00;;650.0;1280.0;;;27.04.2026 19:09;HO2, T17, T24;2e26dcc8-424e-11f1-9eee-fbb98f5240a4;1;2101969540;
TP_16023742604_TPS_19515432604;TP_16023742604;520205;6b402ea8fe7d3c70fae9564d622bb1e217f67e408835ca4f261b08cdede0b47a;2,03E+28;0;0;TPS_19515432604;HO2.31;HO2;31.0;VC;2026-04-27 19:55:00;2026-04-27 20:17:00;2026-04-27 20:21:00;2026-04-27 21:22:00;;278.0;2156.0;;;27.04.2026 22:05;HO2, LL, T12, T16;412e1cf0-4262-11f1-a7d4-2f299a09845c;1;2102341049;
TP_16023842604_TPS_19486822604;TP_16023842604;496992;2ef0cf494d3d58e80992e0c68d0a036dc83ea8136136719589c5077f0cca9f86;2,03E+28;0;1;TPS_19486822604;HO2.28;HO2;28.0;VC;2026-04-27 21:28:00;2026-04-27 21:40:00;2026-04-27 21:47:00;2026-04-27 22:01:00;;420.0;;826.0;1977.0;27.04.2026 23:06;HO2, T09;e51238c0-4270-11f1-a07d-0f43b1c441b6;1;2102608622;
TP_16024152604_TPS_19518792604;TP_16024152604;717187;2963b9932dff356573ac3c14d5f15fd69d96c9715eb61e6d710d099c48f3fcf0;2,03E+28;0;1;TPS_19518792604;T20.01.01;T20;1.0;RMG;2026-04-28 01:31:00;2026-04-28 02:00:00;2026-04-28 02:14:00;2026-04-28 02:21:00;;868.0;;416.0;2984.0;28.04.2026 03:35;LL, T20;49ba7f88-4291-11f1-ac64-3f0ba2f26065;1;;
TP_16024152604_20260428015335000000025010389;TP_16024152604;717187;2963b9932dff356573ac3c14d5f15fd69d96c9715eb61e6d710d099c48f3fcf0;2,03E+28;1;0;2,03E+28;LL;LL;;Leerlager;2026-04-28 01:31:00;2026-04-28 01:38:00;2026-04-28 01:53:00;2026-04-28 02:21:00;366.0;930.0;404.0;;;28.04.2026 03:35;LL, T20;c5213772-4293-11f1-a720-d38947571cde;1;;
TP_16024762604_TPS_19505722604;TP_16024762604;898659;4834a2863d74a456c59a13a8970077f5a8e0759a6ed7a5d59be64c59b84fbded;2,03E+28;0;1;TPS_19505722604;HO2.35;HO2;35.0;VC;2026-04-27 18:43:00;2026-04-27 19:44:00;2026-04-27 19:49:00;2026-04-27 20:04:00;;321.0;;888.0;4858.0;27.04.2026 21:09;HO2, T16;337e9076-4258-11f1-aab8-ff75b8e671c1;1;2102159910;
TP_16024922604_TPS_19509612604;TP_16024922604;414698;82d7cfd5223eb41485a8b955a2c51605b1b7f8bf10b84c6c14c57ffa745fe96c;2,03E+28;0;1;TPS_19509612604;HO2.27;HO2;27.0;VC;2026-04-27 19:10:00;2026-04-27 20:14:00;2026-04-27 20:18:00;2026-04-27 20:35:00;;248.0;;987.0;5085.0;27.04.2026 21:09;HO2, LL, T14, T20;fe14edb4-425b-11f1-a2e2-df869fdd2410;1;2102219388;
TP_16025252604_TPS_19516182604;TP_16025252604;463608;8ea8305838f64042dd80c60ffe9ca310eed2110026084f910e586bb38a06c81c;2,03E+28;0;1;TPS_19516182604;HO2.28;HO2;28.0;VC;2026-04-27 21:55:00;2026-04-27 23:24:00;2026-04-27 23:34:00;2026-04-28 00:32:00;;598.0;;3440.0;9386.0;28.04.2026 01:35;HO2, T13;82c3a6c2-427f-11f1-8dbb-773e7f480a23;1;2102648041;
TP_16025312604_TPS_19513992604;TP_16025312604;224253;8a72e30ae74eaff28f9c9fc40c80caeeddff5c3b526fa9b984f2969114d57b1b;2,03E+28;0;1;TPS_19513992604;T14.03.01;T14;3.0;RMG;2026-04-27 22:10:00;2026-04-27 22:37:00;2026-04-27 22:45:00;2026-04-27 23:05:00;;457.0;;1236.0;3340.0;28.04.2026 00:05;HO2, T14;1d8e1ab2-4275-11f1-8f66-3fa5c329a8a9;1;;
TP_16025312604_TPS_19513982604;TP_16025312604;224253;8a72e30ae74eaff28f9c9fc40c80caeeddff5c3b526fa9b984f2969114d57b1b;2,03E+28;1;0;TPS_19513982604;HO2.26;HO2;26.0;VC;2026-04-27 22:10:00;2026-04-27 22:16:00;2026-04-27 22:37:00;2026-04-27 23:05:00;368.0;1271.0;8.0;;;28.04.2026 00:05;HO2, T14;;0;;
TP_16025622604_TPS_19516172604;TP_16025622604;D602561;;2,03E+28;1;1;TPS_19516172604;T17.03.01;T17;3.0;RMG;2026-04-27 19:24:00;2026-04-27 19:24:00;2026-04-27 19:26:00;2026-04-27 19:26:00;0.0;152.0;;0.0;152.0;27.04.2026 20:05;T17;ec237222-425d-11f1-8ba7-e31621bedfd4;1;;
TP_16027172604_TPS_19513312604;TP_16027172604;237363;257fd00d0e1bff24a18519233c0e74c7c6f0053420ecd50324ed06fee90e5911;2,03E+28;1;1;TPS_19513312604;T21.01.01;T21;1.0;RMG;2026-04-27 22:40:00;2026-04-27 22:45:00;2026-04-27 23:06:00;2026-04-27 23:11:00;272.0;1278.0;;303.0;1853.0;28.04.2026 00:05;T21;668d4bd0-4279-11f1-b364-c3cf77e725b4;1;;
TP_16027572604_TPS_19514392604;TP_16027572604;234868;4311bd40bf75fede436b457f65f6dcbc861b8345d1e8f92a67381ade82868524;2,03E+28;0;1;TPS_19514392604;HO2.28;HO2;28.0;VC;2026-04-28 00:44:00;2026-04-28 01:30:00;2026-04-28 01:40:00;2026-04-28 02:05:00;;568.0;;1503.0;4859.0;28.04.2026 03:06;HO2, LL, T17;a14e3106-428a-11f1-a24b-efc370e9a0cd;1;2102827816;
TP_16028262604_20260428025941000000025010485;TP_16028262604;229442;59f20fb55a41d4a2911915d7460c1ed2a5b6badbab7d676470b71ce3615925b9;2,03E+28;1;1;2,03E+28;LL;LL;;Leerlager;2026-04-28 02:48:00;2026-04-28 02:55:00;2026-04-28 02:59:00;2026-04-28 03:03:00;398.0;244.0;;234.0;876.0;28.04.2026 04:05;LL;2692cefa-429d-11f1-a720-d38947571cde;1;;
TP_16029682604_TPS_19516202604;TP_16029682604;440026;99dc6e112c8de7219ecf3bfb13978474a8db9f8a2ada1012dbc33308767034a9;2,03E+28;0;1;TPS_19516202604;HO2.27;HO2;27.0;VC;2026-04-28 03:49:00;2026-04-28 04:26:00;2026-04-28 04:31:00;2026-04-28 04:39:00;;320.0;;451.0;2969.0;28.04.2026 05:35;HO2, T17;075803d2-42a9-11f1-90a8-97173b3f99cd;1;2103085064;
TP_16033882604_TPS_19526012604;TP_16033882604;391489;a7be530086c26e1d0d910f61aaa1d245b4d2856b737cfd96a8e960b29c54307f;2,03E+28;1;1;TPS_19526012604;T23.03.01;T23;3.0;RMG;2026-04-28 10:34:00;2026-04-28 10:41:00;2026-04-28 11:04:00;2026-04-28 11:13:00;406.0;1352.0;;528.0;2286.0;28.04.2026 12:05;T23;24bb6e80-42dd-11f1-b9eb-bfb84e13eea2;1;;
TP_16034572604_TPS_19525282604;TP_16034572604;246967;5f44b32297bcc41d0b953f747e26ec2d286bf81b1ecfb4a0e401f28f5d47e429;2,03E+28;1;1;TPS_19525282604;T24.03.01;T24;3.0;RMG;2026-04-28 08:10:00;2026-04-28 08:14:00;2026-04-28 08:20:00;2026-04-28 08:26:00;229.0;360.0;;348.0;937.0;28.04.2026 09:06;T24;06f0ff78-42c9-11f1-b6cf-ff9bfc9c62d0;1;;
TP_16036872604_TPS_19531662604;TP_16036872604;848391;18f5d277a1cde3d320a51f88c327b731f3798ec63d1e90199a6a90088b8aa376;2,03E+28;0;1;TPS_19531662604;T17.02.01;T17;2.0;RMG;2026-04-28 10:40:00;2026-04-28 11:08:00;2026-04-28 11:28:00;2026-04-28 11:37:00;;1192.0;;539.0;3400.0;28.04.2026 12:35;LL, T17;fb69913c-42dd-11f1-bdcb-9b0f076aa109;1;;
TP_16036872604_20260428110154000000025024051;TP_16036872604;848391;18f5d277a1cde3d320a51f88c327b731f3798ec63d1e90199a6a90088b8aa376;2,03E+28;1;0;2,03E+28;LL;LL;;Leerlager;2026-04-28 10:40:00;2026-04-28 10:48:00;2026-04-28 11:01:00;2026-04-28 11:37:00;461.0;794.0;414.0;;;28.04.2026 12:35;LL, T17;c1cd2374-42e0-11f1-9ef9-7bcf255fb221;1;;
TP_16037422604_20260428090806000000025023769;TP_16037422604;979748;a2db2a06fce2042b77923a09052c77031fed3c46a02f797744813921159b3619;2,03E+28;1;0;2,03E+28;LL;LL;;Leerlager;2026-04-28 08:39:00;2026-04-28 08:51:00;2026-04-28 09:08:00;2026-04-28 09:40:00;678.0;1014.0;299.0;;;28.04.2026 10:35;LL, T14;2dc4518f-42cf-11f1-9ef9-7bcf255fb221;1;2103434170;
TP_16037522604_TPS_19525512604;TP_16037522604;772992;3217c5a335c604be1733cabd43f8a4980ba0a681ba8e76750054e0efccb1d640;2,03E+28;1;1;TPS_19525512604;T20.01.01;T20;1.0;RMG;2026-04-28 09:18:00;2026-04-28 09:24:00;2026-04-28 09:34:00;2026-04-28 09:41:00;331.0;608.0;;405.0;1344.0;28.04.2026 10:35;T20;86f1ab88-42d2-11f1-bfc9-f701c815266f;1;;
TP_16037852604_TPS_19531802604;TP_16037852604;235014;fa7f0346ce6effb99dcd1664e7ebaf33f89138d2800031406a9b91eb7d38b78d;2,03E+28;1;1;TPS_19531802604;T14.04.01;T14;4.0;RMG;2026-04-28 10:45:00;2026-04-28 11:08:00;2026-04-28 11:18:00;2026-04-28 11:28:00;1393.0;592.0;;617.0;2602.0;28.04.2026 12:35;T14;99cd6f74-42de-11f1-be04-7ffb1eed2685;1;;
TP_16037862604_TPS_19531822604;TP_16037862604;541962;9319a5bd086b40ecf5eb94b67b23f82c14cf5ce7e302433a1b80000c07eb112d;2,03E+28;0;1;TPS_19531822604;T24.03.01;T24;3.0;RMG;2026-04-28 10:45:00;2026-04-28 11:11:00;2026-04-28 11:44:00;2026-04-28 11:50:00;;1984.0;;346.0;3850.0;28.04.2026 12:35;LL, T24;ae5fed04-42de-11f1-be07-f7cdf723a21a;1;;
TP_16037862604_20260428110444000000025024056;TP_16037862604;541962;9319a5bd086b40ecf5eb94b67b23f82c14cf5ce7e302433a1b80000c07eb112d;2,03E+28;1;0;2,03E+28;LL;LL;;Leerlager;2026-04-28 10:45:00;2026-04-28 10:51:00;2026-04-28 11:04:00;2026-04-28 11:50:00;315.0;810.0;395.0;;;28.04.2026 12:35;LL, T24;9cf8e29d-42e0-11f1-9ef9-7bcf255fb221;1;;
TP_16037922604_TPS_19541782604;TP_16037922604;257826;afbb4f3d41eac2f22f3d629261587075a1e25424d45e039055dec3a8acf899e2;2,03E+28;0;1;TPS_19541782604;HO2.33;HO2;33.0;VC;2026-04-28 10:47:00;2026-04-28 14:16:00;2026-04-28 14:17:00;2026-04-28 14:26:00;;60.0;;523.0;13139.0;28.04.2026 15:35;HO2, T09;05eb849e-42fc-11f1-9c73-df7c76484089;1;2104023077;
TP_16037932604_TPS_19535372604;TP_16037932604;330926;a183f3a516b7c7a685bd6dd9ec100b84eb5643f5793bfa7344cf4b56ef4f9eea;2,03E+28;0;1;TPS_19535372604;HO2.27;HO2;27.0;VC;2026-04-28 10:47:00;2026-04-28 11:19:00;2026-04-28 11:23:00;2026-04-28 11:31:00;;245.0;;503.0;2637.0;28.04.2026 12:35;HO2, T16;bf67b3b8-42e1-11f1-bbaa-9f606064ca21;1;2104095066;
TP_16038592604_TPS_19527742604;TP_16038592604;748518;f25f5b1778a093fa101b717a378c0532a60d150640cefb057a617d72a7d32a4a;2,03E+28;0;1;TPS_19527742604;HO2.33;HO2;33.0;VC;2026-04-28 08:52:00;2026-04-28 10:23:00;2026-04-28 10:30:00;2026-04-28 10:48:00;;436.0;;1102.0;6974.0;28.04.2026 11:35;HO2, T06, T25;d4487654-42ce-11f1-b1bd-d34fd9f8fb97;1;2103487980;
TP_16038642604_TPS_19527802604;TP_16038642604;284372;42c99caae47de8dbf7c6eda914f0bb4fcad63231a6af565a8b752ea09ffe127d;2,03E+28;1;1;TPS_19527802604;T08.03.01;T08;3.0;RMG;2026-04-28 08:53:00;2026-04-28 09:00:00;2026-04-28 09:04:00;2026-04-28 09:12:00;392.0;220.0;;528.0;1140.0;28.04.2026 10:05;T08;08db33b6-42cf-11f1-b1da-77f5aa553c12;1;;
TP_16038922604_TPS_19528972604;TP_16038922604;921677;669c48926ded2a5aced2eb06035a03cafb55c6038e18946be90ed2f295d26648;2,03E+28;1;1;TPS_19528972604;T17.02.01;T17;2.0;RMG;2026-04-28 09:03:00;2026-04-28 09:08:00;2026-04-28 09:10:00;2026-04-28 09:13:00;268.0;105.0;;216.0;589.0;28.04.2026 10:05;T17;6ef56c92-42d0-11f1-a098-8f4c2808f1d6;1;;
TP_16039872604_TPS_19531892604;TP_16039872604;397739;38107d0f13ecf1edf080bc434f25ca441fbcb3ff5d20be7c1c0432af40ecc37b;2,03E+28;1;1;TPS_19531892604;T17.03.01;T17;3.0;RMG;2026-04-28 11:04:00;2026-04-28 11:20:00;2026-04-28 11:42:00;2026-04-28 11:48:00;914.0;1329.0;;375.0;2618.0;28.04.2026 12:35;T17;55d3a254-42e1-11f1-bf3d-2b908e2a646a;1;;
TP_16040002604_TPS_19529222604;TP_16040002604;993913;0fcd61adf576150848bf89b0c091477eecac0782bd1ed2e32dd369376a74ba63;2,03E+28;0;1;TPS_19529222604;T13.04.01;T13;4.0;RMG;2026-04-28 11:17:00;2026-04-28 11:43:00;2026-04-28 12:01:00;2026-04-28 12:12:00;;1031.0;;712.0;3300.0;28.04.2026 13:06;LL, T13;26c4dcce-42e3-11f1-ba49-cf860181a26b;1;;
TP_16040002604_20260428113604000000025024100;TP_16040002604;993913;0fcd61adf576150848bf89b0c091477eecac0782bd1ed2e32dd369376a74ba63;2,03E+28;1;0;2,03E+28;LL;LL;;Leerlager;2026-04-28 11:17:00;2026-04-28 11:24:00;2026-04-28 11:36:00;2026-04-28 12:12:00;394.0;691.0;472.0;;;28.04.2026 13:06;LL, T13;65382126-42e4-11f1-9ef9-7bcf255fb221;1;;
TP_16040042604_TPS_19535382604;TP_16040042604;770282;73301c59509b97e70da61fce5c38677130837b8c43bfb3810bf12ebc5d8f6696;2,03E+28;0;1;TPS_19535382604;HO2.34;HO2;34.0;VC;2026-04-28 11:23:00;2026-04-28 11:51:00;2026-04-28 12:05:00;2026-04-28 12:12:00;;841.0;;449.0;2929.0;28.04.2026 13:06;HO2, T16;b823b5a6-42e7-11f1-bbc8-e3fdede9241a;1;2104320257;
TP_16041232604_TPS_19529582604;TP_16041232604;718239;0b1124c6c31c302cc811d32497475aa492e01d50bb4d29268936cf6c9e146f93;2,03E+28;1;1;TPS_19529582604;T23.02.01;T23;2.0;RMG;2026-04-28 11:46:00;2026-04-28 12:30:00;2026-04-28 13:06:00;2026-04-28 13:23:00;2636.0;2132.0;;1029.0;5797.0;28.04.2026 14:35;T23;33bc26b8-42e7-11f1-8ce1-071904f147df;1;;
TP_16042082604_TPS_19541802604;TP_16042082604;595920;c95ae8ce6425eb35e92dc81cc4b921badf0dacac6d2b82f55c8fcfda1cf21662;2,03E+28;0;1;TPS_19541802604;HO2.27;HO2;27.0;VC;2026-04-28 14:39:00;2026-04-28 15:38:00;2026-04-28 15:42:00;2026-04-28 16:16:00;;238.0;;2004.0;5793.0;28.04.2026 17:06;HO2, T12;4f9222be-4307-11f1-9e30-0777c62eff88;1;2105061909;
TP_16042192604_TPS_19545012604;TP_16042192604;931176;aa863b9f37e1cf66d4d69e253e5378de5336c4ca7974546f6dc91f720c5b15c9;2,03E+28;1;1;TPS_19545012604;T18.01.01;T18;1.0;RMG;2026-04-28 14:41:00;2026-04-28 14:52:00;2026-04-28 15:11:00;2026-04-28 15:19:00;659.0;1104.0;;492.0;2255.0;28.04.2026 16:05;T18;a6746d06-42ff-11f1-a9d2-373e34ca36a8;1;;
TP_16042822604_TPS_19532472604;TP_16042822604;286878;f4c9fa005e95554d9b45f9092a48983a46e1032e702098ccccc7c15dc6463318;2,03E+28;1;1;TPS_19532472604;T26.01.01;T26;1.0;RMG;2026-04-28 12:21:00;2026-04-28 12:27:00;2026-04-28 12:40:00;2026-04-28 12:46:00;351.0;733.0;;398.0;1482.0;28.04.2026 13:35;T26;178e43cc-42ec-11f1-aec2-d7245f47da2f;1;;
TP_16043452604_TPS_19541822604;TP_16043452604;898700;b890b314955ed9afcfe35d75a9976fcd6aef48d67edebac5d2895b8d2a559522;2,03E+28;0;1;TPS_19541822604;HO2.22;HO2;22.0;VC;2026-04-28 15:52:00;2026-04-28 16:50:00;2026-04-28 16:59:00;2026-04-28 17:05:00;;542.0;;351.0;4406.0;28.04.2026 18:05;HO2, T13;7376f39e-4311-11f1-9ede-77f7705fb0b2;1;2105292608;
TP_16043862604_TPS_19539992604;TP_16043862604;381006;a5d1712b7ff85a5d2ca6221cc6a76e75d6ec6fadf48afd5dc60ee5eb7e4c6afd;2,03E+28;0;1;TPS_19539992604;T14.02.01;T14;2.0;RMG;2026-04-28 13:08:00;2026-04-28 13:25:00;2026-04-28 14:04:00;2026-04-28 14:09:00;;2320.0;;335.0;3654.0;28.04.2026 15:06;LL, T14;a82cb516-42f2-11f1-9b24-03d0315e3781;1;;
TP_16043862604_20260428131836000000025030853;TP_16043862604;381006;a5d1712b7ff85a5d2ca6221cc6a76e75d6ec6fadf48afd5dc60ee5eb7e4c6afd;2,03E+28;1;0;2,03E+28;LL;LL;;Leerlager;2026-04-28 13:08:00;2026-04-28 13:13:00;2026-04-28 13:18:00;2026-04-28 14:09:00;290.0;287.0;422.0;;;28.04.2026 15:06;LL, T14;677e69d0-42f3-11f1-9ef9-7bcf255fb221;1;;
TP_16044922604_TPS_19541772604;TP_16044922604;898658;0acc410d582a3c51231b0a5590b176abdd055e5b9f8739b10ead786887c5816c;2,03E+28;0;1;TPS_19541772604;HO2.27;HO2;27.0;VC;2026-04-28 12:57:00;2026-04-28 13:58:00;2026-04-28 14:00:00;2026-04-28 14:11:00;;140.0;;648.0;4432.0;28.04.2026 15:06;HO2, T12;7d14edce-42f9-11f1-9c47-57542b37c9c5;1;2104667343;
TP_16045392604_TPS_19541182604;TP_16045392604;956696;918f4b576a5ef5cdbb99a2630b8977d9cfca07e92aa21c0f89029ce729568393;2,03E+28;0;1;TPS_19541182604;HO2.27;HO2;27.0;VC;2026-04-28 13:38:00;2026-04-28 14:23:00;2026-04-28 14:29:00;2026-04-28 14:36:00;;335.0;;462.0;3483.0;28.04.2026 15:35;HO2, T17;d2d35014-42f6-11f1-b86b-8bca770ebb7a;1;2104836760;
TP_16046302604_TPS_19538432604;TP_16046302604;767845;61b2848e3bce2dbbd46393a2279b1ce2c3fd3347c651d78ac023b648abd320ba;2,03E+28;0;1;TPS_19538432604;HO2.34;HO2;34.0;VC;2026-04-28 15:32:00;2026-04-28 17:06:00;2026-04-28 17:13:00;2026-04-28 17:21:00;;451.0;;427.0;6509.0;28.04.2026 18:05;HO2, T16;b6f308a2-4306-11f1-bf5a-3b931ff1c6c1;1;2105234228;
TP_16046432604_TPS_19545462604;TP_16046432604;870607;1daf09ce226591270f5fc707cce5cd7959a0f3691cf21abd262cb2cf6c416477;2,03E+28;0;1;TPS_19545462604;HO2.34;HO2;34.0;VC;2026-04-28 15:54:00;2026-04-28 16:52:00;2026-04-28 16:57:00;2026-04-28 17:06:00;;316.0;;500.0;4305.0;28.04.2026 18:05;HO2, T10;c5ed8118-4309-11f1-b254-f7da1b047746;1;2105302187;
TP_16046692604_TPS_19536982604;TP_16046692604;379249;678e388a84c405954768746e51753b28e3b44e89816553e6be2f509dc3661723;2,03E+28;0;1;TPS_19536982604;HO2.31;HO2;31.0;VC;2026-04-28 16:10:00;2026-04-28 17:48:00;2026-04-28 17:54:00;2026-04-28 18:01:00;;365.0;;434.0;6703.0;28.04.2026 19:09;HO2, T14, T21;f2b86f26-430b-11f1-b232-938e98f62918;1;2105348519;
TP_16047692604_TPS_19547582604;TP_16047692604;512347;3369c9d3708839871793c787eb2c74a0f720c055f5dc5251566133af5a31fcff;2,03E+28;1;1;TPS_19547582604;T25.01.01;T25;1.0;RMG;2026-04-28 16:46:00;2026-04-28 16:52:00;2026-04-28 17:00:00;2026-04-28 17:12:00;342.0;453.0;;722.0;1517.0;28.04.2026 18:05;T25;1cb251d4-4311-11f1-bfb7-73cb1a66f776;1;;
TP_16049702604_TPS_19537752604;TP_16049702604;767247;b29d8ea28d8c67f6961c990a24b8f65e4564c90ceace340b8051a67deb83c398;2,03E+28;1;1;TPS_19537752604;HO2.24;HO2;24.0;VC;2026-04-28 18:36:00;2026-04-28 18:50:00;2026-04-28 19:04:00;2026-04-28 19:18:00;797.0;875.0;;790.0;2462.0;28.04.2026 20:05;HO2;7aa83f06-4320-11f1-b8d6-b7c5f4c0abee,7ab05b3c-4320-11f1-b8d7-3bafae222f33;2;;
TP_16050172604_TPS_19535402604;TP_16050172604;822132;e02eb847e8c09244bfd4bc26b0535631472277a7555d551f41e8176003f69afd;2,03E+28;0;1;TPS_19535402604;HO2.25;HO2;25.0;VC;2026-04-28 17:06:00;2026-04-28 18:24:00;2026-04-28 18:27:00;2026-04-28 18:33:00;;145.0;;403.0;5226.0;28.04.2026 19:09;HO2, T17;bcf8a00a-431e-11f1-bfd9-a3b09805f26e;1;2105541049;
TP_16051332604_20260428170844000000025037759;TP_16051332604;233938;5963ee87994bf4631de68502591272b0d75089003d3f4f8da5fcf86a5aa4e462;2,03E+28;1;1;2,03E+28;LL;LL;;Leerlager;2026-04-28 16:44:00;2026-04-28 16:50:00;2026-04-28 17:08:00;2026-04-28 17:14:00;323.0;1102.0;;345.0;1770.0;28.04.2026 18:05;LL;d88e9b1f-4313-11f1-9ef9-7bcf255fb221;1;;
TP_16051762604_TPS_19537892604;TP_16051762604;420141;ee2e1f6ccbcf18d2eafb36ae891730b16ce037a048fe43f0c3c89f354e852368;2,03E+28;1;1;TPS_19537892604;T10.03.01;T10;3.0;RMG;2026-04-28 18:47:00;2026-04-28 18:53:00;2026-04-28 19:00:00;2026-04-28 19:12:00;366.0;391.0;;741.0;1498.0;28.04.2026 20:05;T10;f9fed02a-4321-11f1-ba61-4f414518a448;1;;
TP_16052062604_TPS_19545962604;TP_16052062604;299397;6b9cb785b59bc51b6614b6523eeea6406030aa77bf59c2c0f3c93d76468f182b;2,03E+28;0;0;TPS_19545962604;HO2.29;HO2;29.0;VC;2026-04-28 19:54:00;2026-04-28 20:15:00;2026-04-28 20:28:00;2026-04-28 20:42:00;;781.0;299.0;;;28.04.2026 21:10;HO2, T08, T27;4fff13be-432b-11f1-af96-0bb1f2c8de14;1;2105891024;
TP_16053212604_TPS_19553432604;TP_16053212604;594299;2479556a2f858839bedc2245651c686fa6ec7f4794feae69f3043f951ff5cb05;2,03E+28;1;1;TPS_19553432604;T20.02.01;T20;2.0;RMG;2026-04-28 20:45:00;2026-04-28 20:51:00;2026-04-28 21:10:00;2026-04-28 21:26:00;338.0;1103.0;;983.0;2424.0;28.04.2026 22:35;T20;7fc613b6-4332-11f1-9e69-bb694c2d2b77;1;;
TP_16053272604_TPS_19553522604;TP_16053272604;829881;755e7de069449b425b4678e975d421bb05acbfce3f072e8a393c287e66174da5;2,03E+28;0;1;TPS_19553522604;HO2.31;HO2;31.0;VC;2026-04-28 20:52:00;2026-04-28 21:16:00;2026-04-28 21:25:00;2026-04-28 21:32:00;;532.0;;397.0;2360.0;28.04.2026 22:35;HO2, LL, T08;778135a4-4333-11f1-9eb3-13ea1e41043e;1;2105971555;
TP_16054142604_TPS_19552422604;TP_16054142604;252293;b929904c6aa584b2ee4fa14e0a1fe923fc75ab3a16f30abfda931ea54df128aa;2,03E+28;1;1;TPS_19552422604;HO2.32;HO2;32.0;VC;2026-04-28 22:43:00;2026-04-28 22:49:00;2026-04-28 23:46:00;2026-04-28 23:52:00;347.0;3433.0;;303.0;4083.0;29.04.2026 00:35;HO2;fc55ab7a-4342-11f1-95aa-13c554c580fb;1;;
TP_16055082604_TPS_19551112604;TP_16055082604;681791;5349fdf6ae437d00b8d2da61cd58628fa723ef0fa2d694816ee27966da8029e4;2,03E+28;0;1;TPS_19551112604;HO2.29;HO2;29.0;VC;2026-04-28 21:16:00;2026-04-28 21:50:00;2026-04-28 21:57:00;2026-04-28 22:37:00;;425.0;;2367.0;4865.0;28.04.2026 23:35;HO2, LL, T20, T25;b98c0566-4336-11f1-bdd7-0bb83844d518;1;2106000835;
TP_16057732604_TPS_19555892604;TP_16057732604;928431;4d52ae7a78f037eb5557a51406f5df53e616256d21f61f21ab92ac86282c2d38;2,03E+28;1;1;TPS_19555892604;HO2.27;HO2;27.0;VC;2026-04-29 03:51:00;2026-04-29 03:57:00;2026-04-29 04:03:00;2026-04-29 04:09:00;353.0;363.0;;355.0;1071.0;29.04.2026 05:06;HO2;02fb7916-436e-11f1-b834-0fc9b92dcc41;1;;
TP_16057742604_TPS_19555912604;TP_16057742604;446237;6ae05291a7cf40fb8f7521ee528219ba194f725fd6dbc0f93a0ef81d9405e512;2,03E+28;0;1;TPS_19555912604;HO2.29;HO2;29.0;VC;2026-04-29 03:52:00;2026-04-29 04:30:00;2026-04-29 04:39:00;2026-04-29 04:48:00;;536.0;;540.0;3334.0;29.04.2026 05:35;HO2, T09;1e00c8ec-436e-11f1-b83a-1ff8291071ad;1;2106503049;
TP_16058162604_TPS_19559962604;TP_16058162604;449745;e2a0768a80fbb66a76e45c5af1861c2d454e1979c194a3e9dd4fbc9f4a2ecbcd;2,03E+28;0;1;TPS_19559962604;T08.02.01;T08;2.0;RMG;2026-04-29 06:44:00;2026-04-29 07:00:00;2026-04-29 07:04:00;2026-04-29 07:21:00;;237.0;;976.0;2171.0;29.04.2026 08:05;T08, T19;2e7a02a2-4386-11f1-9b1a-1f5c33e34eca;1;;
TP_16058162604_TPS_19559952604;TP_16058162604;449745;e2a0768a80fbb66a76e45c5af1861c2d454e1979c194a3e9dd4fbc9f4a2ecbcd;2,03E+28;1;0;TPS_19559952604;T19.02.01;T19;2.0;RMG;2026-04-29 06:44:00;2026-04-29 06:51:00;2026-04-29 06:57:00;2026-04-29 07:21:00;415.0;307.0;236.0;;;29.04.2026 08:05;T08, T19;2e6fa118-4386-11f1-9b19-9b9f8186320b;1;;
TP_16058312604_TPS_19560132604;TP_16058312604;300103;a431be14a218266b4c38bb4939e0da67654896cf94f500bac9d3b9def2886ec6;2,03E+28;1;1;TPS_19560132604;T12.03.01;T12;3.0;RMG;2026-04-29 06:47:00;2026-04-29 06:53:00;2026-04-29 07:08:00;2026-04-29 07:14:00;339.0;899.0;;337.0;1575.0;29.04.2026 08:05;T12;990cb966-4386-11f1-9b64-63f541d19bad;1;;
TP_16058432604_TPS_19541862604;TP_16058432604;514617;5d3d72d8cba48b276f47ed54dfa3f7c18870268ae1ed01d069f8a3ca5c93191f;2,03E+28;0;1;TPS_19541862604;HO2.33;HO2;33.0;VC;2026-04-29 06:51:00;2026-04-29 07:09:00;2026-04-29 07:13:00;2026-04-29 07:52:00;;233.0;;2325.0;3670.0;29.04.2026 08:35;HO2, T21;b5a0ac5c-4388-11f1-a2cb-bbc9f0a82797;1;2106705557;
TP_16058772604_TPS_19541882604;TP_16058772604;872427;318fc1bd621d3d15adcf0c359f900c195df21264cb934133b416577c3f03c63f;2,03E+28;0;1;TPS_19541882604;HO2.22;HO2;22.0;VC;2026-04-29 07:33:00;2026-04-29 07:54:00;2026-04-29 08:05:00;2026-04-29 08:11:00;;660.0;;380.0;2259.0;29.04.2026 09:06;HO2, T26;;0;2106791595;
TP_16059052604_TPS_19558622604;TP_16059052604;324135;92f38edfa3f8d9367107f9f2285ae35115376e6de2bddb97bfb379d19b9cbb5b;2,03E+28;1;1;TPS_19558622604;T23.02.01;T23;2.0;RMG;2026-04-29 05:08:00;2026-04-29 05:15:00;2026-04-29 05:41:00;2026-04-29 05:47:00;410.0;1515.0;;380.0;2305.0;29.04.2026 06:35;T23;c49b3a98-4378-11f1-a88f-fbcde915c696,c4a60be4-4378-11f1-a890-536dae1d25cd;2;;
TP_16059262604_TPS_19535462604;TP_16059262604;231530;393cad18de7b9c4abdf1e72ecacb3b97e7e7ae614a46483a11df663087cd07a6;2,03E+28;0;1;TPS_19535462604;HO2.31;HO2;31.0;VC;2026-04-29 06:11:00;2026-04-29 06:43:00;2026-04-29 06:47:00;2026-04-29 06:54:00;;248.0;;428.0;2586.0;29.04.2026 07:35;HO2, T12;e26d4f72-4385-11f1-94be-5b63b557ec73;1;2106635060;
TP_16059522604_TPS_19559512604;TP_16059522604;636637;bc323c3faec1e5fa1e631d9c4d4789416799008bd3ef48f00da46226783bf32a;2,03E+28;1;1;TPS_19559512604;T27.01.01;T27;1.0;RMG;2026-04-29 06:33:00;2026-04-29 06:56:00;2026-04-29 07:00:00;2026-04-29 07:07:00;1337.0;280.0;;385.0;2002.0;29.04.2026 08:05;T27;a4833772-4384-11f1-99ff-37f1be69f505;1;;
TP_16059862604_TPS_19561102604;TP_16059862604;632505;6798bbff2e1f01e15e4463189a89f756b823492c2ed4113408fe1d3c13574d8a;2,03E+28;0;1;TPS_19561102604;T13.03.01;T13;3.0;RMG;2026-04-29 07:20:00;2026-04-29 08:10:00;2026-04-29 08:16:00;2026-04-29 08:21:00;;329.0;;302.0;3620.0;29.04.2026 09:06;T08, T13, T18;35a68ec4-438b-11f1-b684-833244b3132f;1;;
TP_16059862604_TPS_19561092604;TP_16059862604;632505;6798bbff2e1f01e15e4463189a89f756b823492c2ed4113408fe1d3c13574d8a;2,03E+28;0;0;TPS_19561092604;T08.02.01;T08;2.0;RMG;2026-04-29 07:20:00;2026-04-29 08:03:00;2026-04-29 08:08:00;2026-04-29 08:21:00;;315.0;133.0;;;29.04.2026 09:06;T08, T13, T18;359a7602-438b-11f1-b683-67658b605449;1;;
TP_16059862604_TPS_19561082604;TP_16059862604;632505;6798bbff2e1f01e15e4463189a89f756b823492c2ed4113408fe1d3c13574d8a;2,03E+28;1;0;TPS_19561082604;T18.02.01;T18;2.0;RMG;2026-04-29 07:20:00;2026-04-29 07:42:00;2026-04-29 07:58:00;2026-04-29 08:21:00;1263.0;1006.0;272.0;;;29.04.2026 09:06;T08, T13, T18;358e79d8-438b-11f1-b682-5b6605ce5dd5;1;;
TP_16061102604_TPS_19558142604;TP_16061102604;865549;a9984c8591f49be00af7395df9d22f922592dd91ac6daf0879797d1e64386cfb;2,03E+28;0;1;TPS_19558142604;T25.01.01;T25;1.0;RMG;2026-04-29 08:48:00;2026-04-29 09:22:00;2026-04-29 09:32:00;2026-04-29 09:53:00;;630.0;;1281.0;3897.0;29.04.2026 10:35;LL, T25;80a920e2-4397-11f1-ab38-2f51c28e3643;1;;
TP_16061102604_20260429091434000000025064947;TP_16061102604;865549;a9984c8591f49be00af7395df9d22f922592dd91ac6daf0879797d1e64386cfb;2,03E+28;1;0;2,03E+28;LL;LL;;Leerlager;2026-04-29 08:48:00;2026-04-29 08:55:00;2026-04-29 09:14:00;2026-04-29 09:53:00;369.0;1166.0;451.0;;;29.04.2026 10:35;LL, T25;6cb31973-4399-11f1-9ef9-7bcf255fb221;1;;
TP_16061522604_TPS_19560682604;TP_16061522604;968683;491c7d07fb34ef40e80fbbe430db1759ba6abc5d67d1d485ed9cf6d7dcc8d0e8;2,03E+28;1;1;TPS_19560682604;HO2.27;HO2;27.0;VC;2026-04-29 08:01:00;2026-04-29 08:11:00;2026-04-29 08:53:00;2026-04-29 09:06:00;547.0;2550.0;;746.0;3843.0;29.04.2026 10:05;HO2;efd1167a-4390-11f1-aebb-23f68271ebb2,efdd3e3c-4390-11f1-aebc-478b9290b35c;2;;
TP_16061882604_TPS_19541942604;TP_16061882604;892681;4b232ea8cdcc07116ac46e7759aaf770af7ec8726c91658bf8ed81454869e06d;2,03E+28;0;1;TPS_19541942604;HO2.26;HO2;26.0;VC;2026-04-29 09:37:00;2026-04-29 11:20:00;2026-04-29 11:26:00;2026-04-29 11:45:00;;361.0;;1143.0;7693.0;29.04.2026 12:35;HO2, T25;9f6c1880-43ac-11f1-a524-77050e1faf7f;1;2107497836;
TP_16061922604_TPS_19565692604;TP_16061922604;580751;6268a3aeabf81d7dd8f817c0f91f01040cebfafcef25d64772803b2dd519927f;2,03E+28;1;1;TPS_19565692604;T21.01.01;T21;1.0;RMG;2026-04-29 09:37:00;2026-04-29 09:46:00;2026-04-29 10:03:00;2026-04-29 10:09:00;487.0;1023.0;;385.0;1895.0;29.04.2026 11:06;T21;588460a2-439e-11f1-8dff-73d2aa5f67ec,588fff2a-439e-11f1-8e00-a7c8d66599d8;2;;
TP_16062062604_TPS_19563252604;TP_16062062604;388228;2c2fed524ff768e681d9fd36ad95aa5b9965c9a3bcb7243cfeefebac23687b74;2,03E+28;1;1;TPS_19563252604;T14.01.01;T14;1.0;RMG;2026-04-29 09:58:00;2026-04-29 10:29:00;2026-04-29 10:43:00;2026-04-29 10:47:00;1849.0;810.0;;240.0;2899.0;29.04.2026 11:35;T14;47cda2ac-43a1-11f1-a42f-27dbaeceb2fb,47dab636-43a1-11f1-a430-a71bc53aab12;2;;
TP_16064242604_TPS_19558262604;TP_16064242604;902930;69efad7c21b8dddc0dfbb5b718fc67ac228536e6dcdba7a2e26c4e60707cdb25;2,03E+28;1;1;TPS_19558262604;T18.02.01;T18;2.0;RMG;2026-04-29 08:53:00;2026-04-29 09:00:00;2026-04-29 09:08:00;2026-04-29 09:17:00;417.0;483.0;;527.0;1427.0;29.04.2026 10:05;T18;339c54bc-4398-11f1-ab7f-af226f448cc3;1;;
TP_16064502604_TPS_19565942604;TP_16064502604;347079;03f97c389d3df4e848098a34a8d2d48980450e20276d61c0a4ca0bba1bfc312a;2,03E+28;1;1;TPS_19565942604;T22.01.01;T22;1.0;RMG;2026-04-29 09:41:00;2026-04-29 10:07:00;2026-04-29 10:53:00;2026-04-29 11:00:00;1510.0;2751.0;;475.0;4736.0;29.04.2026 12:05;T22;e76c6bd4-439e-11f1-8e9e-13e457fe4d9a;1;;
TP_16064532604_TPS_19566302604;TP_16064532604;925090;077dc144360add84eb5d8d07f042fcc16800126297755d97d88f35e8190620e2;2,03E+28;0;1;TPS_19566302604;HO2.31;HO2;31.0;VC;2026-04-29 09:49:00;2026-04-29 11:10:00;2026-04-29 11:15:00;2026-04-29 11:34:00;;343.0;;1105.0;6281.0;29.04.2026 12:35;HO2, T06, T13;f4207234-439f-11f1-9058-8f5f48b8d48a;1;2107509579;
TP_16065122604_TPS_19568892604;TP_16065122604;694067;0fc88ce822a0b67f27fec87bdb73fb4ae0a785044c5e8447e5ae983e609609aa;2,03E+28;0;1;TPS_19568892604;T26.03.01;T26;3.0;RMG;2026-04-29 11:14:00;2026-04-29 12:07:00;2026-04-29 12:23:00;2026-04-29 12:41:00;;955.0;;1080.0;5171.0;29.04.2026 13:35;LL, T26;e5aa27d4-43ab-11f1-bebc-dff6ca79103d,e5b669fe-43ab-11f1-bebd-8feaf26474a2;2;;
TP_16065122604_20260429112813000000025065187;TP_16065122604;694067;0fc88ce822a0b67f27fec87bdb73fb4ae0a785044c5e8447e5ae983e609609aa;2,03E+28;1;0;2,03E+28;LL;LL;;Leerlager;2026-04-29 11:14:00;2026-04-29 11:22:00;2026-04-29 11:28:00;2026-04-29 12:41:00;452.0;342.0;2342.0;;;29.04.2026 13:35;LL, T26;fe1d8828-43ac-11f1-9ef9-7bcf255fb221;1;;
TP_16065662604_TPS_19564962604;TP_16065662604;822151;018cce74947d1b5650890cda6fdfa4b0e4bc6f79992da92aa7a376bc58d76b51;2,03E+28;0;1;TPS_19564962604;HO2.32;HO2;32.0;VC;2026-04-29 09:23:00;2026-04-29 10:49:00;2026-04-29 10:54:00;2026-04-29 11:11:00;;294.0;;1037.0;6504.0;29.04.2026 12:05;HO2, LL, T13, T16;425a88d0-439c-11f1-8ceb-2f71f5cd11e5;1;2107433690;
TP_16066632604_TPS_19563032604;TP_16066632604;545599;abcf63287547ccd70a1e716574397a5d10dd2f33c21bc516237f7ffae9717400;2,03E+28;1;1;TPS_19563032604;T07.02.01;T07;2.0;RMG;2026-04-29 09:52:00;2026-04-29 09:57:00;2026-04-29 10:00:00;2026-04-29 10:13:00;287.0;183.0;;741.0;1211.0;29.04.2026 11:06;T07;714c9a12-43a0-11f1-a2e9-27dff678e460;1;;
TP_16066752604_TPS_19563562604;TP_16066752604;953423;280fea21457f73416ad5a5fbcc13fd0a3de6d6c4378ffe4192c3e540df367343;2,03E+28;1;1;TPS_19563562604;HO2.26;HO2;26.0;VC;2026-04-29 10:02:00;2026-04-29 10:26:00;2026-04-29 10:37:00;2026-04-29 10:45:00;1404.0;689.0;;436.0;2529.0;29.04.2026 11:35;HO2;d6ad184a-43a1-11f1-a941-8f88f5ec967f;1;;
TP_16067452604_TPS_19535522604;TP_16067452604;421498;bab1d6a168764b6a305be1aeda77a0c972783ec7c526d89155a4ef1065122acf;2,03E+28;0;1;TPS_19535522604;HO2.31;HO2;31.0;VC;2026-04-29 13:25:00;2026-04-29 13:44:00;2026-04-29 14:04:00;2026-04-29 14:10:00;;1174.0;;391.0;2717.0;29.04.2026 15:06;HO2, T10;c4e28dce-43c0-11f1-98f5-0f586ba4cc44;1;2108550437;
TP_16068102604_TPS_19541962604;TP_16068102604;678583;752d0176c88f4d0329587a7be5b94bce6994ddaa6a20b0567ea6cd95d2f16160;2,03E+28;0;1;TPS_19541962604;T07.01.01;T07;1.0;RMG;2026-04-29 12:04:00;2026-04-29 13:49:00;2026-04-29 13:59:00;2026-04-29 14:02:00;;609.0;;190.0;7112.0;29.04.2026 15:06;T07, T09;013321ee-43c1-11f1-a5e7-3fe32cf7c86a;1;2107964232;
TP_16069132604_TPS_19568932604;TP_16069132604;735019;5e2dc8f2ba60e3238c59deaf7de62e107d4a1f22229db938f61fd0fcfb5ed9b4;2,03E+28;1;1;TPS_19568932604;T26.04.01;T26;4.0;RMG;2026-04-29 11:28:00;2026-04-29 12:00:00;2026-04-29 12:05:00;2026-04-29 12:10:00;1891.0;308.0;;275.0;2474.0;29.04.2026 13:06;T26;da736e32-43ad-11f1-91a3-87e1ad5c235b;1;;
TP_16069522604_TPS_19535502604;TP_16069522604;528832;79961d2eaa16cb5d5d90d05eece0ddfcc4628dc70e6a9109197051b5305ec3ec;2,03E+28;0;1;TPS_19535502604;HO2.25;HO2;25.0;VC;2026-04-29 12:06:00;2026-04-29 12:36:00;2026-04-29 12:41:00;2026-04-29 12:46:00;;289.0;;340.0;2407.0;29.04.2026 13:35;HO2, T12;3a10bbe8-43b7-11f1-97ea-4fd14b031983;1;2107968926;
TP_16069832604_TPS_19569802604;TP_16069832604;989140;b0de6712a93c19e675148f9cac4d69be0cb95150b4c90ec5915f970c6d871bf2;2,03E+28;1;1;TPS_19569802604;T21.03.01;T21;3.0;RMG;2026-04-29 12:43:00;2026-04-29 12:48:00;2026-04-29 12:57:00;2026-04-29 13:04:00;284.0;522.0;;412.0;1218.0;29.04.2026 14:05;T21;547e05f2-43b8-11f1-a560-8bcae8cf6450;1;;
TP_16070452604_TPS_19569132604;TP_16070452604;628144;986242d5d96d499cc7c53d07d811bc21253d2ab280a65585fa36e8ae6a18aefc;2,03E+28;0;1;TPS_19569132604;T25.01.01;T25;1.0;RMG;2026-04-29 12:00:00;2026-04-29 12:11:00;2026-04-29 12:21:00;2026-04-29 12:49:00;;569.0;;1690.0;2908.0;29.04.2026 13:35;T21, T25;52e1aed4-43b2-11f1-9c12-e79d6920ae25;1;;
TP_16070452604_TPS_19569122604;TP_16070452604;628144;986242d5d96d499cc7c53d07d811bc21253d2ab280a65585fa36e8ae6a18aefc;2,03E+28;1;0;TPS_19569122604;T21.02.01;T21;2.0;RMG;2026-04-29 12:00:00;2026-04-29 12:06:00;2026-04-29 12:09:00;2026-04-29 12:49:00;307.0;216.0;126.0;;;29.04.2026 13:35;T21, T25;52d5c42a-43b2-11f1-9c11-afc359d20aae;1;;
TP_16070602604_TPS_19541982604;TP_16070602604;447006;402385f7cd49219d44485e7c9cca910b9b886d0e7f1e57c167385c69cb6f1c64;2,03E+28;0;1;TPS_19541982604;T07.03.01;T07;3.0;RMG;2026-04-29 12:27:00;2026-04-29 13:47:00;2026-04-29 13:49:00;2026-04-29 13:53:00;;123.0;;186.0;5141.0;29.04.2026 14:35;T07, T09;2ab97c20-43c1-11f1-a5ed-2bc6ee22ab66;1;2107937946;
TP_16070632604_TPS_19542022604;TP_16070632604;941619;b2527c0e2010009c54fe083a67e70e11d6118ccf21230967ec51e65ed5432e15;2,03E+28;0;1;TPS_19542022604;HO2.26;HO2;26.0;VC;2026-04-29 12:32:00;2026-04-29 14:23:00;2026-04-29 14:28:00;2026-04-29 14:46:00;;286.0;;1055.0;8001.0;29.04.2026 15:35;HO2, T25;418ac80a-43c6-11f1-a669-03811d13ca14;1;2108241114;
TP_16070632604_TPS_19535512604;TP_16070632604;941619;b2527c0e2010009c54fe083a67e70e11d6118ccf21230967ec51e65ed5432e15;2,03E+28;0;0;TPS_19535512604;HO2.26;HO2;26.0;VC;2026-04-29 12:32:00;2026-04-29 13:13:00;2026-04-29 13:21:00;2026-04-29 14:46:00;;494.0;3720.0;;;29.04.2026 15:35;HO2, T25;71b35e84-43bc-11f1-9890-bfad276d4e42;1;2108241114;
TP_16070722604_TPS_19541972604;TP_16070722604;389979;1cb9cd8fa81058d5d3b29466da9b984df15cf28cc83ac2ee23e334ca447f0450;2,03E+28;0;1;TPS_19541972604;T07.02.01;T07;2.0;RMG;2026-04-29 12:38:00;2026-04-29 13:48:00;2026-04-29 13:54:00;2026-04-29 13:57:00;;338.0;;173.0;4750.0;29.04.2026 15:06;T07, T09;194db58c-43c1-11f1-a5ea-ab9a9b75c34a;1;2108253622;
TP_16071042604_TPS_19541992604;TP_16071042604;759221;4fd7849149b93acfe4dddbd324480808262a7a0a58d9a87defdfc3750fbfa3e6;2,03E+28;0;1;TPS_19541992604;HO2.25;HO2;25.0;VC;2026-04-29 13:17:00;2026-04-29 13:55:00;2026-04-29 14:03:00;2026-04-29 14:11:00;;530.0;;425.0;3202.0;29.04.2026 15:06;HO2, T23;3ecad334-43c2-11f1-a5f6-cf2679b11b01;1;2108528159;
TP_16071532604_TPS_19578652604;TP_16071532604;981429;26602c6500550fd3f17c8b9e589574b9b2babc88bebdef87ba2b267293db9cb0;2,03E+28;0;1;TPS_19578652604;T24.04.01;T24;4.0;RMG;2026-04-29 15:47:00;2026-04-29 16:06:00;2026-04-29 17:14:00;2026-04-29 17:40:00;;4119.0;;1539.0;6750.0;29.04.2026 18:35;LL, T24;09193dce-43d2-11f1-9f55-af0157f6a5a5;1;;
TP_16071532604_20260429155704000000025072132;TP_16071532604;981429;26602c6500550fd3f17c8b9e589574b9b2babc88bebdef87ba2b267293db9cb0;2,03E+28;1;0;2,03E+28;LL;LL;;Leerlager;2026-04-29 15:47:00;2026-04-29 15:52:00;2026-04-29 15:57:00;2026-04-29 17:40:00;275.0;270.0;547.0;;;29.04.2026 18:35;LL, T24;b08364ee-43d2-11f1-9ef9-7bcf255fb221;1;;
TP_16073142604_TPS_19570872604;TP_16073142604;770504;b0fb2b2e7eaee6dce243fe9c6d4031a32d1e8fd2ae7decc60ee44ab2d996f16a;2,03E+28;0;1;TPS_19570872604;T12.01.01;T12;1.0;RMG;2026-04-29 13:57:00;2026-04-29 14:24:00;2026-04-29 14:34:00;2026-04-29 14:39:00;;605.0;;268.0;2466.0;29.04.2026 15:35;T12, T17;aae0989c-43c2-11f1-8c5f-5f2145f40cdc;1;;
TP_16073142604_TPS_19570862604;TP_16073142604;770504;b0fb2b2e7eaee6dce243fe9c6d4031a32d1e8fd2ae7decc60ee44ab2d996f16a;2,03E+28;1;0;TPS_19570862604;T17.02.01;T17;2.0;RMG;2026-04-29 13:57:00;2026-04-29 14:16:00;2026-04-29 14:22:00;2026-04-29 14:39:00;1120.0;334.0;139.0;;;29.04.2026 15:35;T12, T17;aad324a0-43c2-11f1-8c5e-e39663f272e4;1;;
TP_16073722604_TPS_19576782604;TP_16073722604;909826;24703a822133b6d4f02353381eaef0c51855fe8b7cf36f928a74c94ce9d87431;2,03E+28;1;1;TPS_19576782604;T26.03.01;T26;3.0;RMG;2026-04-29 16:32:00;2026-04-29 16:43:00;2026-04-29 16:51:00;2026-04-29 17:05:00;617.0;475.0;;854.0;1946.0;29.04.2026 18:05;T26;52be644e-43d8-11f1-b0de-bb5d5b7af59a;1;;
TP_16074392604_20260429144248000000025072038;TP_16074392604;460553;0705b6b8823f2b96735a00ef325f0ae43f969a2957d41d921c2282bca0d1fef3;2,03E+28;1;1;2,03E+28;LL;LL;;Leerlager;2026-04-29 14:25:00;2026-04-29 14:33:00;2026-04-29 14:42:00;2026-04-29 14:45:00;424.0;585.0;;186.0;1195.0;29.04.2026 15:35;LL;cf3c8a49-43c7-11f1-9ef9-7bcf255fb221;1;;
TP_16075002604_TPS_19578172604;TP_16075002604;347040;6c2b9d01c9e9ce495fc7cec705d9d76054904f40afc0fb04ba5d545c7cbe6e2f;2,03E+28;1;1;TPS_19578172604;HO2.22;HO2;22.0;VC;2026-04-29 15:01:00;2026-04-29 15:37:00;2026-04-29 15:46:00;2026-04-29 17:17:00;2139.0;524.0;;5478.0;8141.0;29.04.2026 18:05;HO2;9c4c5326-43cb-11f1-9798-d7d94066e16a;1;;
TP_16075352604_TPS_19578772604;TP_16075352604;961664;132bddffe227feb8508c76e58be88940fca968274b839aecb9d749f9152eabfc;2,03E+28;1;1;TPS_19578772604;HO2.28;HO2;28.0;VC;2026-04-29 16:00:00;2026-04-29 16:11:00;2026-04-29 16:18:00;2026-04-29 18:46:00;633.0;409.0;;8886.0;9928.0;29.04.2026 19:09;HO2;da300716-43d3-11f1-a4c8-135ae62a85ac;1;;
TP_16075562604_TPS_19574682604;TP_16075562604;349782;4361914aae452f74b86bef9bdab0a5fe85eb10e8c62e442dfa0dfaad12b2e77c;2,03E+28;1;1;TPS_19574682604;T08.01.01;T08;1.0;RMG;2026-04-29 13:53:00;2026-04-29 14:01:00;2026-04-29 14:12:00;2026-04-29 14:19:00;451.0;634.0;;432.0;1517.0;29.04.2026 15:06;T08;1c03cd56-43c2-11f1-b38a-cff794e86d9e;1;;
TP_16075602604_TPS_19535532604;TP_16075602604;427703;b5e4534713ddd71a35f55187fe000b9f7c9b16d79a979a32e9ea7beb668e8fab;2,03E+28;0;1;TPS_19535532604;HO2.29;HO2;29.0;VC;2026-04-29 14:12:00;2026-04-29 15:16:00;2026-04-29 15:19:00;2026-04-29 15:41:00;;198.0;;1313.0;5347.0;29.04.2026 16:35;HO2, T23;8c51e45c-43cd-11f1-99d8-0b730eb1557d;1;2108705977;
TP_16075602604_TPS_19542042604;TP_16075602604;427703;b5e4534713ddd71a35f55187fe000b9f7c9b16d79a979a32e9ea7beb668e8fab;2,03E+28;0;0;TPS_19542042604;HO2.29;HO2;29.0;VC;2026-04-29 14:12:00;2026-04-29 14:42:00;2026-04-29 15:14:00;2026-04-29 15:41:00;;1935.0;74.0;;;29.04.2026 16:35;HO2, T23;df987f18-43c8-11f1-a6a4-cfade32464d0;1;2108705977;
TP_16077022604_TPS_19575172604;TP_16077022604;848224;eee3fd5d3b4bb972b3673272a207544443aed4905556543bf3abd22e4c9a809f;2,03E+28;0;1;TPS_19575172604;T07.01.01;T07;1.0;RMG;2026-04-29 14:21:00;2026-04-29 15:21:00;2026-04-29 15:24:00;2026-04-29 15:41:00;;192.0;;1006.0;4765.0;29.04.2026 16:35;T07, T19;05c009fc-43c6-11f1-884c-d7976cef43fc;1;;
TP_16077022604_TPS_19575162604;TP_16077022604;848224;eee3fd5d3b4bb972b3673272a207544443aed4905556543bf3abd22e4c9a809f;2,03E+28;1;0;TPS_19575162604;T19.03.01;T19;3.0;RMG;2026-04-29 14:21:00;2026-04-29 15:06:00;2026-04-29 15:16:00;2026-04-29 15:41:00;2642.0;625.0;300.0;;;29.04.2026 16:35;T07, T19;05b0ef76-43c6-11f1-884b-bbdd41f27136;1;;
TP_16077072604_TPS_19542052604;TP_16077072604;770780;e088708667a3b06be3a546846620c7eef6c118a12d7d51d8e36b9694c9436ec1;2,03E+28;0;1;TPS_19542052604;T07.03.01;T07;3.0;RMG;2026-04-29 14:32:00;2026-04-29 15:02:00;2026-04-29 15:06:00;2026-04-29 15:09:00;;290.0;;165.0;2254.0;29.04.2026 16:05;T07, T08;53d64f84-43cb-11f1-a6d7-4f3583ca11cd;1;2108775331;
TP_16077792604_TPS_19579642604;TP_16077792604;760289;3fd2b7d2de6238dfde41107fde2456a763478bb706c12839cb6319fa10569859;2,03E+28;1;1;TPS_19579642604;T23.01.01;T23;1.0;RMG;2026-04-29 15:51:00;2026-04-29 16:01:00;2026-04-29 16:04:00;2026-04-29 18:09:00;558.0;186.0;;7527.0;8271.0;29.04.2026 19:09;T23;983dcb0a-43d2-11f1-b4f3-b30cef1c07a8;1;;
TP_16078162604_TPS_19580382604;TP_16078162604;490902;d24afcac7941cf71a321a880b24ff93c0d347b6b798a9d7b249e5ee8251e9d44;2,03E+28;1;1;TPS_19580382604;T16.02.01;T16;2.0;RMG;2026-04-29 16:09:00;2026-04-29 16:34:00;2026-04-29 16:43:00;2026-04-29 17:18:00;1478.0;539.0;;2121.0;4138.0;29.04.2026 18:05;T16;1bc5f1b2-43d5-11f1-a64d-ef5ff80c2309;1;;
TP_16078222604_TPS_19580032604;TP_16078222604;902930;69efad7c21b8dddc0dfbb5b718fc67ac228536e6dcdba7a2e26c4e60707cdb25;2,03E+28;1;1;TPS_19580032604;T18.03.01;T18;3.0;RMG;2026-04-29 16:21:00;2026-04-29 16:28:00;2026-04-29 16:32:00;2026-04-29 17:12:00;362.0;242.0;;2414.0;3018.0;29.04.2026 18:05;T18;c9492704-43d6-11f1-931a-af694246a320;1;;
TP_16080532604_TPS_19589132604;TP_16080532604;617582;e6b320e27ee77adb48e05b367d2b6566c2fdeb3a3a30e968043742016bde1278;2,03E+28;0;1;TPS_19589132604;HO2.26;HO2;26.0;VC;2026-04-29 19:39:00;2026-04-29 20:18:00;2026-04-29 20:27:00;2026-04-29 20:36:00;;489.0;;538.0;3393.0;29.04.2026 21:09;HO2, T20;62013318-43f2-11f1-bdd5-472607484d47;1;2109644639;
TP_16080832604_TPS_19542072604;TP_16080832604;751790;947ecb0faf3a8076cb90851929bbbb507396c8ad78e1f99011af0ced27bc690e;2,03E+28;0;1;TPS_19542072604;HO2.29;HO2;29.0;VC;2026-04-29 16:58:00;2026-04-29 17:36:00;2026-04-29 17:40:00;2026-04-29 19:21:00;;197.0;;6113.0;8588.0;29.04.2026 20:05;HO2, T16;34a3b5d2-43e1-11f1-aa01-97478d1f671f;1;2109244853;
TP_16081212604_TPS_19586382604;TP_16081212604;655306;a1ad334a0181f55ac7e231a3bc7d6b12ee7b3da52a7e6ced6694629f9d253b14;2,03E+28;1;1;TPS_19586382604;HO2.31;HO2;31.0;VC;2026-04-29 18:10:00;2026-04-29 18:49:00;2026-04-29 19:10:00;2026-04-29 19:28:00;2303.0;1282.0;;1076.0;4661.0;29.04.2026 20:35;HO2;031e5558-43e6-11f1-978b-1f17b4b4b4e8;1;;
TP_16081232604_20260429183214000000025078894;TP_16081232604;848518;8395ec4db7be6c4dfcc59e54ac7bcd6cd7df9749c463b54872e34ac11fd34a31;2,03E+28;1;1;2,03E+28;LL;LL;;Leerlager;2026-04-29 18:11:00;2026-04-29 18:17:00;2026-04-29 18:32:00;2026-04-29 18:43:00;321.0;894.0;;651.0;1866.0;29.04.2026 19:09;LL;bbc6d6e5-43e8-11f1-9ef9-7bcf255fb221;1;;
TP_16081442604_TPS_19535542604;TP_16081442604;589170;c29e79b73b89ae6bf91c9f64940a5d8f516a5d9a741da9f8eb2a2eb0ebf3a87e;2,03E+28;0;1;TPS_19535542604;HO2.25;HO2;25.0;VC;2026-04-29 18:27:00;2026-04-29 19:58:00;2026-04-29 20:02:00;2026-04-29 20:15:00;;230.0;;775.0;6493.0;29.04.2026 21:09;HO2, T12;00fe5246-43f5-11f1-9eb6-f3b57d682b4f;1;2109527683;
TP_16081442604_TPS_19542102604;TP_16081442604;589170;c29e79b73b89ae6bf91c9f64940a5d8f516a5d9a741da9f8eb2a2eb0ebf3a87e;2,03E+28;0;0;TPS_19542102604;HO2.25;HO2;25.0;VC;2026-04-29 18:27:00;2026-04-29 19:14:00;2026-04-29 19:48:00;2026-04-29 20:15:00;;2039.0;608.0;;;29.04.2026 21:09;HO2, T12;;0;2109527683;
TP_16081592604_TPS_19587592604;TP_16081592604;271286;3b57bbeed3f0048e64dec7f92ee0776b38b8e5b5f9cfd3ef283f5b94986f7191;2,03E+28;0;1;TPS_19587592604;T25.02.01;T25;2.0;RMG;2026-04-29 19:04:00;2026-04-29 19:34:00;2026-04-29 19:41:00;2026-04-29 20:06:00;;409.0;;1480.0;3663.0;29.04.2026 21:09;LL, T25;8e86a580-43ed-11f1-9e61-3baabe38d375;1;;
TP_16081592604_20260429191944000000025078931;TP_16081592604;271286;3b57bbeed3f0048e64dec7f92ee0776b38b8e5b5f9cfd3ef283f5b94986f7191;2,03E+28;1;0;2,03E+28;LL;LL;;Leerlager;2026-04-29 19:04:00;2026-04-29 19:10:00;2026-04-29 19:19:00;2026-04-29 20:06:00;353.0;532.0;889.0;;;29.04.2026 21:09;LL, T25;f96b1d74-43ee-11f1-9ef9-7bcf255fb221,f50949f3-43ee-11f1-9ef9-7bcf255fb221;2;;
TP_16081732604_TPS_19580932604;TP_16081732604;280028;c864721f75800905d14abddfdd52d4ba8543af25d79957c714cea16d861b4e53;2,03E+28;1;1;TPS_19580932604;T10.04.01;T10;4.0;RMG;2026-04-29 19:13:00;2026-04-29 19:19:00;2026-04-29 19:26:00;2026-04-29 19:37:00;358.0;417.0;;634.0;1409.0;29.04.2026 20:35;T10;d0956c76-43ee-11f1-9ae6-8bec1ec2424d;1;;
TP_16084942604_TPS_19581172604;TP_16084942604;657144;c961c7e13181e0d6411dc1f5d585309847bc0678a5256df71a187381b85c851b;2,03E+28;1;1;TPS_19581172604;T18.02.01;T18;2.0;RMG;2026-04-29 20:02:00;2026-04-29 20:11:00;2026-04-29 20:19:00;2026-04-29 20:26:00;538.0;471.0;;384.0;1393.0;29.04.2026 21:09;T18;a8c3d32a-43f5-11f1-a7bc-5b2574654a88;1;;
TP_16084982604_TPS_19589562604;TP_16084982604;812365;2e378c7f71f275ea15e8fca4245978837f15065ffa09de7c8c0eaa136a68d1e5;2,03E+28;0;1;TPS_19589562604;T18.03.01;T18;3.0;RMG;2026-04-29 20:38:00;2026-04-29 20:53:00;2026-04-29 21:10:00;2026-04-29 21:14:00;;1027.0;;270.0;2141.0;29.04.2026 22:05;T10, T18;b0d7d25a-43fa-11f1-b00b-cfbb9999ea0e;1;;
TP_16084982604_TPS_19589552604;TP_16084982604;812365;2e378c7f71f275ea15e8fca4245978837f15065ffa09de7c8c0eaa136a68d1e5;2,03E+28;1;0;TPS_19589552604;T10.03.01;T10;3.0;RMG;2026-04-29 20:38:00;2026-04-29 20:44:00;2026-04-29 20:47:00;2026-04-29 21:14:00;321.0;205.0;318.0;;;29.04.2026 22:05;T10, T18;b0c85c3a-43fa-11f1-b00a-4b3b8f00a512;1;;
TP_16085192604_TPS_19589852604;TP_16085192604;979966;820b8ba6149d54024e4f1bb2e85caba2cbc289c289b5a1a258a11f732de9d584;2,03E+28;1;1;TPS_19589852604;HO2.22;HO2;22.0;VC;2026-04-29 21:24:00;2026-04-29 21:29:00;2026-04-29 21:52:00;2026-04-29 22:21:00;300.0;1328.0;;1759.0;3387.0;29.04.2026 23:06;HO2;1d01eadc-4401-11f1-b87d-bf83fe8ba339;1;;
TP_16085252604_TPS_19590132604;TP_16085252604;871112;49ded74733a1332a728087dc3a78bafe2315c78707e90820bb15575594cb9297;2,03E+28;0;1;TPS_19590132604;HO2.32;HO2;32.0;VC;2026-04-29 21:45:00;2026-04-29 21:58:00;2026-04-29 22:06:00;2026-04-29 22:15:00;;465.0;;547.0;1823.0;29.04.2026 23:06;HO2, T12;eea4762a-4403-11f1-bd3b-17914db26609;1;2109880378;
TP_16085572604_TPS_19583542604;TP_16085572604;313897;f0c5cd35df6b8da2b274bf8c69e0564b931052b22a5f3636e3db354aacfe7756;2,03E+28;0;0;TPS_19583542604;HO2.31;HO2;31.0;VC;2026-04-30 03:50:00;2026-04-30 04:58:00;2026-04-30 05:09:00;2026-04-30 06:01:00;;702.0;359.0;;;30.04.2026 07:06;HO2, T12, T13;03f76fb8-4437-11f1-bec0-dbd356c36ce1;1;2110278462;
TP_16085892604_TPS_19582962604;TP_16085892604;679200;8b3867a771864d375df04d118d16005ace53c05ac8e93156817ca7dea23a3d01;2,03E+28;1;1;TPS_19582962604;T16.03.01;T16;3.0;RMG;2026-04-29 19:42:00;2026-04-29 20:10:00;2026-04-29 20:44:00;2026-04-29 20:51:00;1629.0;2055.0;;402.0;4086.0;29.04.2026 21:09;T16;dcdb4f4c-43f2-11f1-a2dd-63132f5af93b;1;;
TP_16085902604_TPS_19535552604;TP_16085902604;562816;9bfbfd93e5f7c83da4a525f13f657ceb4b93641c87bd5cdda1a07f8c8cfa3c50;2,03E+28;0;1;TPS_19535552604;HO2.31;HO2;31.0;VC;2026-04-29 19:43:00;2026-04-29 20:57:00;2026-04-29 21:05:00;2026-04-29 21:11:00;;454.0;;358.0;5256.0;29.04.2026 22:05;HO2, T26;;0;2109649438;
TP_16085902604_TPS_19589142604;TP_16085902604;562816;9bfbfd93e5f7c83da4a525f13f657ceb4b93641c87bd5cdda1a07f8c8cfa3c50;2,03E+28;1;0;TPS_19589142604;T26.03.01;T26;3.0;RMG;2026-04-29 19:43:00;2026-04-29 19:51:00;2026-04-29 19:55:00;2026-04-29 21:11:00;469.0;211.0;3764.0;;;29.04.2026 22:05;HO2, T26;fdf83c62-43f2-11f1-bef6-d72f25940248;1;2109649438;
TP_16087332604_TPS_19542112604;TP_16087332604;224253;e53bf1c1109b5ee6176067132f319eacf6a249f67bf0701f9ae5a9cfd3ad2cd1;2,03E+28;0;1;TPS_19542112604;HO2.31;HO2;31.0;VC;2026-04-29 21:42:00;2026-04-29 23:10:00;2026-04-29 23:24:00;2026-04-29 23:38:00;;845.0;;811.0;6960.0;30.04.2026 00:35;HO2, T17;dcd9148a-440f-11f1-aeed-b33d815c575a;1;2109879490;
TP_16088832604_TPS_19542152604;TP_16088832604;562776;a5743ec67aff8623e50b607f064a64b66c548862f3445266e5f0741daa256936;2,03E+28;0;1;TPS_19542152604;HO2.34;HO2;34.0;VC;2026-04-30 06:35:00;2026-04-30 07:00:00;2026-04-30 07:20:00;2026-04-30 07:24:00;;1153.0;;241.0;2912.0;30.04.2026 08:35;HO2, T26;c2ed0e1e-4450-11f1-b04a-275873563703;1;2110440004;
TP_16088982604_TPS_19596132604;TP_16088982604;524719;b1d64891874883edd881100adaaf6d62eedcb5b5fb69db29ecee816fbfea1e53;2,03E+28;0;1;TPS_19596132604;HO2.25;HO2;25.0;VC;2026-04-30 07:20:00;2026-04-30 07:38:00;2026-04-30 07:44:00;2026-04-30 07:53:00;;393.0;;525.0;1946.0;30.04.2026 09:06;HO2, LL;6011439c-4454-11f1-9a91-939a530c7fbb;1;;
TP_16088982604_20260430073144000000025099167;TP_16088982604;524719;b1d64891874883edd881100adaaf6d62eedcb5b5fb69db29ecee816fbfea1e53;2,03E+28;1;0;2,03E+28;LL;LL;;Leerlager;2026-04-30 07:20:00;2026-04-30 07:25:00;2026-04-30 07:31:00;2026-04-30 07:53:00;296.0;349.0;383.0;;;30.04.2026 09:06;HO2, LL;37f9e9eb-4455-11f1-9ef9-7bcf255fb221,31c467d7-4455-11f1-9ef9-7bcf255fb221;2;;
TP_16089112604_TPS_19594032604;TP_16089112604;382161;73c8acc658a444a65531880c28c55eeaa061ace2a8c6067ca9dacc9981f772b1;2,03E+28;1;1;TPS_19594032604;T17.03.01;T17;3.0;RMG;2026-04-30 07:31:00;2026-04-30 07:39:00;2026-04-30 07:41:00;2026-04-30 08:07:00;444.0;130.0;;1546.0;2120.0;30.04.2026 09:06;T17;e96f08c6-4455-11f1-bd35-5bcdcb71ecd6;1;;
TP_16090902604_TPS_19542122604;TP_16090902604;847263;932e55fda91e48af551ff5e35d2c7e583c29150dc8539d2c85fdf22345361d93;2,03E+28;0;1;TPS_19542122604;HO2.28;HO2;28.0;VC;2026-04-30 01:37:00;2026-04-30 01:48:00;2026-04-30 01:57:00;2026-04-30 02:10:00;;545.0;;762.0;1923.0;30.04.2026 03:06;HO2, T11;dc199ba8-4425-11f1-af71-23bab51f2e89;1;2110145632;
TP_16092182604_TPS_19583452604;TP_16092182604;737534;d65ce3c23131bb6b1a3affeaa1abef9b8cccf70deeec9f7bce86a77d20aff181;2,03E+28;0;1;TPS_19583452604;T19.01.01;T19;1.0;RMG;2026-04-30 03:38:00;2026-04-30 04:00:00;2026-04-30 04:07:00;2026-04-30 04:23:00;;399.0;;958.0;2676.0;30.04.2026 05:35;LL, T19;5c6a6b3e-4435-11f1-bc86-c70b2582dfb7;1;;
TP_16092182604_20260430035309000000025092466;TP_16092182604;737534;d65ce3c23131bb6b1a3affeaa1abef9b8cccf70deeec9f7bce86a77d20aff181;2,03E+28;1;0;2,03E+28;LL;LL;;Leerlager;2026-04-30 03:38:00;2026-04-30 03:47:00;2026-04-30 03:53:00;2026-04-30 04:23:00;511.0;339.0;469.0;;;30.04.2026 05:35;LL, T19;9033265d-4436-11f1-9ef9-7bcf255fb221;1;;
TP_16092722604_TPS_19594292604;TP_16092722604;334058;9fcfd6853f90bab89b2f4270cae948eb3523faa338fb4c6bcc574b4c140cf2f0;2,03E+28;1;1;TPS_19594292604;T08.01.01;T08;1.0;RMG;2026-04-30 05:46:00;2026-04-30 05:51:00;2026-04-30 05:54:00;2026-04-30 06:01:00;251.0;195.0;;417.0;863.0;30.04.2026 07:06;T08;3e30190e-4447-11f1-9106-3b06e36083f4;1;;
TP_16093112604_TPS_19542142604;TP_16093112604;293604;27f82c0a80e804fedc17823cffa69c21ac1880c1af3dc21f42215b4159c80c44;2,03E+28;1;1;TPS_19542142604;HO2.27;HO2;27.0;VC;2026-04-30 06:31:00;2026-04-30 06:41:00;2026-04-30 06:42:00;2026-04-30 06:52:00;564.0;45.0;;604.0;1213.0;30.04.2026 08:05;HO2;6a732c98-444e-11f1-b037-473a512fe8ab;1;;
TP_16093172604_TPS_19535582604;TP_16093172604;707749;4b162e10fb2dcd4264554db9956b35b92e9d47f644977a9344d704dcbe90004e;2,03E+28;0;1;TPS_19535582604;HO2.28;HO2;28.0;VC;2026-04-30 06:33:00;2026-04-30 06:48:00;2026-04-30 06:56:00;2026-04-30 07:03:00;;511.0;;430.0;1833.0;30.04.2026 08:05;HO2, T12;be82381e-444f-11f1-a21b-ebfadaf6260e;1;2110437057;
TP_16093822604_TPS_19535592604;TP_16093822604;848665;090923682ca252cca8792b1d9425b94bfbc0caeda31b258a558ffb7dbebbe4b5;2,03E+28;0;1;TPS_19535592604;HO2.26;HO2;26.0;VC;2026-04-30 07:15:00;2026-04-30 07:41:00;2026-04-30 07:45:00;2026-04-30 07:51:00;;289.0;;327.0;2119.0;30.04.2026 08:35;HO2, T14;16d36384-4456-11f1-a2d5-c36208257182;1;2110523664;
TP_16094662604_TPS_19599022604;TP_16094662604;308897;3d383e63863b4c88caf0e16603bc90e6990f33c89a0b85a77d08d64bd05d27ae;2,03E+28;1;1;TPS_19599022604;T16.02.01;T16;2.0;RMG;2026-04-30 10:27:00;2026-04-30 10:37:00;2026-04-30 10:41:00;2026-04-30 11:05:00;580.0;280.0;;1435.0;2295.0;30.04.2026 12:05;T16;6b6ddf6a-446e-11f1-bf19-bf5d17ec3fe1;1;;
TP_16094802604_TPS_19593992604;TP_16094802604;426137;b602a92fa8f2ef4c2869fc9f9d4f499b61702c95ae428aed3c1cb2c9158c7e13;2,03E+28;1;1;TPS_19593992604;T25.01.01;T25;1.0;RMG;2026-04-30 07:30:00;2026-04-30 07:34:00;2026-04-30 07:45:00;2026-04-30 07:51:00;238.0;645.0;;330.0;1213.0;30.04.2026 08:35;T25;c4d65c44-4455-11f1-bd0d-73d7fbde0fce;1;;
TP_16095262604_TPS_19597462604;TP_16095262604;521305;54e67a54d8ac605466985adb3992a3f554e282f71d333d0fdf56592fe5704535;2,03E+28;1;1;TPS_19597462604;T16.03.01;T16;3.0;RMG;2026-04-30 10:54:00;2026-04-30 11:01:00;2026-04-30 11:06:00;2026-04-30 11:14:00;419.0;256.0;;481.0;1156.0;30.04.2026 12:05;T16;456c8a24-4472-11f1-bb94-4772d6446629;1;;
TP_16097292604_TPS_19598792604;TP_16097292604;914611;e1340a7c590faed25ab681fc372956354b5201ee53b8f535bd198288a1c6d482;2,03E+28;1;1;TPS_19598792604;T27.02.01;T27;2.0;RMG;2026-04-30 08:38:00;2026-04-30 08:45:00;2026-04-30 09:01:00;2026-04-30 09:16:00;425.0;923.0;;928.0;2276.0;30.04.2026 10:05;T27;4077b4c0-445f-11f1-b239-cf87cccbd41c;1;;
